score,cleaned_content,sentiment_before,sentiment_after
5,tolong baik robloxnya error sih udah ngechat udah robux keluarin pas masuk roblox loding sihh banget lodingnya jaring bagus dah roblox udah kagak bagus udah buruk,positif,negatif
5,mohon maaf roblox keluh game lanjut ganggu game favorit sengaja neg masuk mini game ada neg fitur copot game lanjut sengaja neg masuk fitur lanjut terima kasih mohon timbang usaha baik roblox,positif,negatif
2,senang main game main makasih roblox,negatif,positif
3,geme seru banget chat hapus ayo tolong david bazuki,netral,positif
1,game jwlss,negatif,positif
3,kembaliin cht cht temen,netral,negatif
3,suka gag,netral,positif
1,geme bagus neg,negatif,positif
5,anak roblok nieehhh,positif,negatif
3,best pokonyaaa stay main klian hrus sownlod aws klo now down yah downlod,netral,positif
3,game nya bagus kalo dimainin neg hari update trus kouta wifi lancar bug trus map donate robux asli banget ngambil potong robux nya udah didonate robux masuk robux tolong baik trus frefikasi muka benci bangat kalo pakai muka muka gitu umur udah kasih umur jijik banget sumpah,netral,negatif
3,game nya bagus temen mabar saran tuh hilangin bug nya segitu aja terimakasih,netral,positif
1,seru aja yaaa bakso malang livetopia seruuuuu bgt chat segitu aja kali yaudah deh bayyy love you roblox,negatif,positif
3,roblox jelas neg chat batas,netral,negatif
1,bagus minus main suatu mep gelek,negatif,positif
1,mantap,negatif,positif
1,loginnnn,negatif,positif
5,main bug sma orang suka jahilin,positif,negatif
3,tolong band game fish karna gara gara fish boleh neg main roblox tolong game game update lumayan sih,netral,positif
3,bagus game nya malas nya update update aja baik terlalu neg update memori penuh,netral,positif
3,game nya seru bug nya suka ngeleg karna game nya suka hehehe,netral,positif
3,permainanya soun sulit,netral,negatif
2,game nya bagus bisa neg ngechat player umur batasin,negatif,positif
3,suka roblox game batas karna main tab harga nya nama tab nya smartkids anak anak umur akun batas kagak banget tab nya mau neg mainin roblox gaca life and club aja bagus di neg bisik suka banget lucu cute and love gacha life and club,netral,positif
3,tolong aman akun kuat orang bisa neg masuk akun aman saja,netral,negatif
4,nyuruh update mulu gasuka jir mana robux,positif,negatif
3,bug nya baik saran banned cheater script rugi main dngn curang roblox sering neg update banyak org memori hpnya penuh gara roblox update jdi unistall lgi main jdi ribet roblox sering ngecek kondisi game nya map kadang bnyk map pantas neg main map ibadah jadi tdk senonoh,netral,negatif
1,nice,negatif,positif
3,bagus sih atur atur setujuin aja atur rugi,netral,positif
3,kangen roblox dluu roblox ngelag bgttt kalo bisa neg chat laa tapi lagg banget yaallahhhh dlu roblox chat pernah neg lagggggggg lag sihhhhh huhh gtw malesssss,netral,negatif
3,game nglag dincornneck,netral,positif
1,gamenya bagus kadang bisa neg login,negatif,positif
3,gamenya bagus kalo update kosong simpan main,netral,positif
1,roblok tolong game soun horek kembali tolong ya,negatif,positif
4,maaf kasih bintang gamenya pas udah tuh trs suruh panggil ortu langsung pindah udah hadeh,positif,negatif
3,update nih aplikasi ribet banget,netral,negatif
3,not good but not bad,netral,positif
5,update mulu ram ngelag,positif,negatif
1,baguss sih cuman bisa neg chat,negatif,positif
4,back roblox bab nya kali kali nang main game back,positif,negatif
3,tombol nya gede pojok,netral,negatif
5,akun udh gara gara update roblox,positif,negatif
5,seruh neg,positif,negatif
3,roblox asik mending main suka ngambil akun orang,netral,negatif
5,lah neg apgred,positif,negatif
4,rumayan sih game negatif ngelek ngebug disconek udah bagus kuota segitu aja sih tolong baik,positif,negatif
1,roblox seru neg paswor aja riset,negatif,positif
4,balikin chat,positif,negatif
1,tahi galapung,negatif,positif
4,render distance nya pendek banget udah buat max grafik aja ngga ngaruh,positif,negatif
3,roblox atur bisa neg chat plis kembali roblox chat udah hilang teman roblox,netral,negatif
3,bisa neg chat bisa neg ngapa ngapain bug cheater scirpter verfikasi update pls roblox kembali chat roblox ban cheater scipter pls pas neg main roblox langsung disconnect wifinya bagus pls baik,netral,negatif
5,bikin gabut hilang,positif,negatif
3,game nya bagus saran chat nya ganti kayak aja,netral,positif
3,game udah bagus game batas akses player nya kasih bintang,netral,positif
3,bnyk atur gajelas,netral,negatif
5,game ktnya ketat aman privasi awas ironis arah cheater hacker lolos sensor game nya wlpun udh hapus sengaja biar liar ganggu main murni suka lag kalo ngelag suka coba kalo ngelag ngelag aja keluar neg map paksa,positif,negatif
3,ngasih bintang minus nya kalo vitur chat balikin gww kasih bintang,netral,positif
3,bnyk update,netral,negatif
1,tolong kembaliin fitur cheat biar bosen neg,negatif,positif
4,gegara roblox bisa neg chat main turun roblox memprevikasi wajah dlu kasih bintang,positif,negatif
5,game seru jelek yangbprnah main,positif,negatif
1,seru banget,negatif,positif
1,bagus sieh farming both,negatif,positif
5,gue bagus engak jelek,positif,negatif
3,maaf update,netral,negatif
2,baik ngelag nya biar lancar karna stiap main patah malh diblg beban jga klo stiap update rblx error mohon rblx baik ya,negatif,positif
3,game nya bagus fitur chat nya ilang dan atur bikin seru apalh,netral,positif
3,sih login upgrade tuk download,netral,positif
4,bilang nih game ngelag banget asa kemarin ngelag neg cringe game brainrot tolong banyak neg game brainrot game roblox,positif,negatif
3,upgrade mulu anj pdhl upgrade gaa,netral,negatif
2,kasih bintang karna teman rugi karna habis beli robux masuk neg akun robuxnya,negatif,positif
3,bagus tolong kembali fitur chatn,netral,positif
1,rispek bos mantap,negatif,positif
4,banyak apdete jujur suka game banyak apdete bikin kesel dikit memory penuhh baik sistem nya kaya gin gua viralin nih game biar uninstall,positif,negatif
3,seru,netral,positif
1,roblox kalo update mbnya besar neg,negatif,positif
3,kalo main roblox uprege sih roblox uprege malas org kalo kek gitu,netral,positif
2,gwe enjoy aja soalny dpet temen sahabat,negatif,positif
3,sebenernya gpp bgt tpi pas update bintang tpi gara updatenya susah saranin klo update memo banyak neg,netral,positif
1,kadang kalo map ngelag disconnect ulang,negatif,positif
3,barang autentikasi roblok hapus sepenuh,netral,negatif
3,bagus dikit dah mboh,netral,positif
1,karna bisa neg pilih akun,negatif,positif
5,busuk,positif,negatif
3,game nya asik neg jdi mending izinn,netral,negatif
5,bilang game roblox buruk orang fomo tahu neg sistem nya benci roblox karna bug chat dll,positif,negatif
5,bisa neg ,positif,negatif
3,ada neg batas usia chat sepi ada neg,netral,negatif
3,bagus beranda nya ngak suka ada neg salah bug mesti jaring nya bagus neg isi kuota nge leg,netral,positif
5,roblox update,positif,negatif
3,game nya bagus seru tolong bug nya hilang main data bagus tulis koneksi putus bagus banget koneksi nya tolong aja,netral,positif
3,bagus sih ngelag neg kadang kadang burem dikit papa neg minus bisa neg chat voice chat sedih warga roblox mohon akun chat,netral,positif
3,oke mabar teman langsung ngelag tolong baik cepat,netral,positif
5,hei delevoter bisa neg main roblox tulis update roblox dukung neg android plis main kasih bintang nih,positif,negatif
2,good interesting and exciting but unfortunately this game very dependent the surrounding network itself because wifi and network are good but unfortunately there are still lots reconnections and errors signals that interfere with the game and ruin the desire play hate fix it,negatif,positif
5,pake batas usia,positif,negatif
3,many hacker the gam like good game but people got banned,netral,negatif
3,roblox versi kids plis neg,netral,positif
1,game nya bagus grafik nya bagus baju celana pake robux,negatif,positif
3,bagus bisa neg chat atur masuk neg akal,netral,positif
3,                             ,netral,positif
2,suka update nya,negatif,positif
5,balikin chat nya,positif,negatif
3,update udh hps aplikasi tetep ampun dah untung sabar kasih bintang untung kasih bintang,netral,positif
3,game bagus pilih game pilih karakter banget game bagus roblox salah,netral,positif
1,roblox nya suka ngebug,negatif,positif
5,gay game ini,positif,negatif
5,roblock batas batas baik akun akun,positif,negatif
4,tolong owner roblox nya benar main patah patah paket tolong,positif,negatif
1,bisah baik lagih robux neg jadih gimanah sih roblox kaloh bagus di neg ilang perogeres player kasihan lihat anek bisah neg main roblox lagih anek umur tapih bisah neg main roblox lagih tolong baik pls ,negatif,positif
2,gamenya udah bagus update cepat pas udah update update saran update nya lama,negatif,positif
5,banyak update game gue kasih bintang liat,positif,negatif
5,balikin korblox,positif,negatif
3,bintang chat,netral,negatif
4,asik sih cuman benci ping nya pas jelek,positif,negatif
3,game nya suka ngebak,netral,positif
1,ange,negatif,positif
4,balikin lu neg fitur chat karna neg bocil ngatur emg,positif,negatif
3,kasih robux gitu gpp banyakin barang free,netral,positif
5,suka pas masuk login gabisa lag wifi lancar login stuck gabisa mencet,positif,negatif
3,cherter ban lag error jaring bagus hecker sengaja,netral,negatif
5,play store ngebug simpan downlod nya butuh tapiiiii bisa neg download,positif,negatif
3,bagus sih bisa neg chat woi gua ken main ama temen gua kayak please roblox kembaliin chat harus neg verification,netral,positif
3,bagus alas player geluh jelas neg buka chat rating bintang,netral,negatif
1,seru main branrot ngelek kalo tower ngelek neg,negatif,positif
5,roblox doesn make sad because used get hit and kicked mom but now family doesn care anymore,positif,negatif
4,ngeleg mulu,positif,negatif
3,knpa gabisa join tmen server privat sailor piece sea udh izin masuk,netral,negatif
3,sering update makan ruang bangeett sampe hapus app game doanh,netral,positif
1,game seru map dalam upgrade nya tuh susah banget,negatif,positif
3,roblox batas gamenya sih kaya horor nya game santai tempat,netral,positif
1,sruu,negatif,positif
4,lag knp ganti postur wajah,positif,negatif
1,roblox pls banned scriptt,negatif,positif
1,robax top,negatif,positif
4,apasih gua cmn setel musik lagu aja mute next update bang pliss biar stel musik lagu gua orang pernah neg toxic cmn setel musik lagu doang banned pliss yaaa tlong,positif,negatif
5,game favorite sengaja neg bikin asli,positif,negatif
5,gimana bisa neg chat roblox,positif,negatif
3,update sampah,netral,negatif
3,game nya seru mabar teman pilih map bintang nya rangin karna big suka eror jaring lancar tolong betul bisa neg update karna ram ,netral,positif
5,udah seru neg pas update usia udah bisa neg komunikasi chat,positif,negatif
3,gamenya udh bagus buat bodoh karns bugnya chatnya kurung cheater,netral,positif
1,banyak apdet,negatif,positif
3,upgret           ,netral,positif
1,roblox nya mainin rating nya ,negatif,positif
3,wow soo good wait david pls don delete fitur chat and makeup soo makeup bleh,netral,positif
3,coba robux dikatain neg noob main kalo pake wifi ngeleg bagus sih bagus cuman neleg band ada neg robux tolong milik roblox kasih robux plis,netral,positif
1,game bagus neg anak anak bawah konten sex,negatif,positif
3,update sihh ngeselin banget banyak update gem berapa neg update nya terus benci,netral,negatif
3,bagus game asik lho suruh upgrade mulu apasih suka neg kali jeda dikit upgrade gitu trus kalo di neg upgrade skrg bisa neg main hadeh poke,netral,positif
2,bagus sih sebener nya pas beli barang pake robux minggu kena hapus temen beli aitem pake robux engga hilang mohon perbaikin itu yaa dar saran gimana roblox sensor ngomong kasar loh trs bagus batas umr orang pake delta rusuh,negatif,positif
2,seru sih tpi error mulu,negatif,positif
1,kasih pet gratis kaya kitsune racoon gitu tokenz gerat pokok bintang,negatif,positif
5,malas,positif,negatif
3,kasih bintang chatnya bisa neg tolong buka chatnya ada neg ngomong kasar kalo chatnya udah buka kasi bintang,netral,negatif
4,download bawah umur masuk roblox kids,positif,negatif
5,kembali sistem chat,positif,negatif
5,wheres the chat,positif,negatif
2,kangen roblox,negatif,positif
3,becus neg njir kemarin disuru upd dah upd suruh upd upd cepet bet dah kalo game disconnect jaring bagus cheater org sus pke chat roblox gitu udh dibatesin tetep aja org mas liat chat sus sus brokhaven aja bilang kotor apa roblox mas aja ngelindungin neg,netral,negatif
3,game update suruh update,netral,negatif
4,upgrade mulu jir,positif,negatif
3,enak pakai,netral,positif
5,game asu,positif,negatif
3,asik sih banget suruh upgrade terusss,netral,positif
3,atur anjir,netral,negatif
3,gasuka atur baru gabisa ngobrol muda tua kayak,netral,negatif
3,kasih bintang karna gabisa gabisa chat klasik face ganti mekap,netral,negatif
3,dunno not that lagging but lag,netral,negatif
2,halo roblox game nya lumayan seru ngga seru nya hapus item robux nya ngga minimal kalo hapus item hapus avatar minimal robux nya balikin,negatif,positif
3,hay roblox sudh main roblox tpi buka roblox tidk sudh top robux bnyk pake akun guest gimana roblox jdi hapus terima kasih,netral,positif
3,grafik nya bagus neg,netral,positif
2,main seru rangin update nya cok habis paket update kalok update blh kali tahun udh update,negatif,positif
3,game nya update bagus bagus bgt muas,netral,positif
1,bagus minus nya bisa neg chat,negatif,positif
3,roblox gin kasi tau org beli body dls robux beli pke uang mikirrr uang daun neg klo hapus item kembaliin robuxnya rasa neg rugi trs roblox pas jaring bagus mlh ngelag roblox seru sih seru knp jdi gin batas chat jga,netral,negatif
3,game nya seru kalo upgrade bisa neg loh cikk,netral,positif
3,main nya seru kalo update rugi orang,netral,positif
2,pls developer chat roblox pls gsbisa chat teman sejati,negatif,positif
3,seru pass bikin akun tunggu days akun new udah minggu minggu aneh males main akun kepake,netral,negatif
5,lag sikit,positif,negatif
2,fun but the age checks and the bad updates stars roblox bad now but still fun feel like david drunk,negatif,positif
2,game bagus atur,negatif,positif
3,chat nyan gapain dibatasin mlhan jdi seru neg,netral,negatif
1,main baguss tower nya lucu lucu mksh roblox,negatif,positif
3,gamenya bagus kadang tombol loncat nya tepencet neg tolong baik,netral,positif
5,game jelek,positif,negatif
3,update lama mana pas update bisa neg update mohom roblox upd neg penuh lama hp,netral,negatif
5,even though the updates are annoying will still play roblox,positif,negatif
3,gem nya bagus eng updet,netral,positif
3,suka game beli robax aktif chat bisa neg masuk pasuk nya menggaktifkan nya layar putih seluruh bisa neg aktif saya sesal verifikasi tau neg bug bikin akun moga baik sesal neg sepenuh  cepat baik terimakasih,netral,positif
5,capek kali lha upgrade teman upgrade hadehhh roblox dha,positif,negatif
1,updatenya gaada bagus bagus,negatif,positif
5,chat back,positif,negatif
4,males bgt update gmn punya neg memo memo abis,positif,negatif
3,balikin chat clasik face,netral,negatif
5,peliss ada neg update nya males donlot donlot,positif,negatif
3,apk nya bagus cuman lag patah patah sayabg roblox ofline rame,netral,positif
2,asik cuman update nya bikin gbisa mbr tmn lagi,negatif,positif
5,banyak neg update nya,positif,negatif
3,seru neg lagi,netral,negatif
1,geme nya bagus,negatif,positif
3,balikin chat lu neg david bazuuki,netral,negatif
3,aja sih turut,netral,positif
1,gamenya bagus mohon hapus avatar bacon benar sistem umur,negatif,positif
3,chat nya dibatasin ngapa dah,netral,negatif
2,game nya bagus ferivikasi susah banget kalo main,negatif,positif
3,jlk bgt hokcuh bagus semenjak batas fitur chat udh males bgt main game,netral,negatif
5,bisa neg main rblx blokir,positif,negatif
3,malas geme nya update aneh kalo update nya aneh neg kasi bintang,netral,negatif
1,ajar,negatif,positif
3,seringkali updrade,netral,positif
5,roblox aneh pas uprdage bisa neg huh bisa neg orblox,positif,negatif
3,gamenya bagus seru sayang kalo main neg hari langsung suruh update,netral,positif
4,bisa neg ngecat parah banget,positif,negatif
4,bisa neg update game,positif,negatif
3,gamenya bagus kadang kadang bug kaya wifi aman diskonek,netral,positif
5,pls perintah anak nasiss hadeh tulis perintah anak nang gara gara bisa neg main robloxlagi kenceng nang tau,positif,negatif
3,seru sih aja,netral,positif
3,update mulu asa,netral,negatif
3,bagus bagus aja wifi bagus atur gajelas tolong kasih baik updatenya tolong,netral,positif
3,mayan cuman chatnya doan batasin,netral,negatif
1,seru tolong hilang bug sus tolong kalo sus tolong kosneckan,negatif,positif
2,jaring udh penuh udh bagus tpi tetep gbs main,negatif,positif
3,ngelag,netral,negatif
3,kasih karna game seru tolong baik map bug nya map neg banyakin bug di neg baik,netral,positif
3,update elek,netral,negatif
3,pacar updatenya jelek fiturnya aja chat hapus sih neg normalin aja,netral,negatif
1,game nya bagus suan kasi bintang,negatif,positif
3,ngelak sinyal bangus,netral,negatif
3,gamenya bagus sih masalah dimainin neg langsung suruh bikin akun roblox tolong gua main santai doang loh temen gua tolong baik lupa neg kalo bintang,netral,positif
1,game nya bagus tahu neg sinyal bagus main roblox ngelag,negatif,positif
5,pebble has his thinking cap,positif,negatif
3,moga update roblox parah neg,netral,positif
5,game bagus jaring lancar kek delay gitu mohon cepet dibenerin game ribet banget pake ktp untung aja ktp cadang,positif,negatif
1,map bagus cuman kurang update nya kali,negatif,positif
5,game gaje gbs chatan,positif,negatif
3,bagus sih bagus sinyal aman aman,netral,positif
5,orang bodoh,positif,negatif
4,roblox eror mulu ,positif,negatif
3,disconnected jaring bagus,netral,negatif
3,please min hilang neg item body avatar ilang please hapus neg sembarang orang top robux beli avatar dibilangin gin mah rugi orang please asal neg hapus gitu etdah,netral,negatif
3,oke game layan rada lelet,netral,positif
3,update ngotak neg jelas neg,netral,negatif
3,ngawur,netral,positif
3,gamenya lumayan bagus mohon updatenya bnr loh awas,netral,positif
3,gamenya bagus knp klw update ampun,netral,positif
3,bagus manfaat nya tolong hapus verifikasi wajah balik incomu,netral,positif
3,overall bagus tolong balikin vitur chat kayak,netral,positif
4,paksa kasih bintang doang roblox game bagus banget plis deh kasih atur atur gajelas chat dibatasin muncul bentuk avatar sus game game sus hacker hacker banned game game kayak gin jadi neg plis hilang hafsu uang lah,positif,negatif
3,game nya seru tpi msh bnyk bug kyk gerak hilang bug shiftlock game mlh paksa masuk lgi bnyk tolong bug fix dlu terima kasih,netral,positif
3,gemnya bagus mabar,netral,positif
3,verifikasi susah rumah verifikasi nay tolak,netral,negatif
2,baru,negatif,positif
4,dikit bug main game prak tyoocon loncat habis masuk pas loncat bisa neg tolong baik,positif,negatif
2,bagus aja sih nya kadang kadang update,negatif,positif
3,mohon akun temen nya hilang cari temen jujur iya umur mohon capek cari temen capek cari suka neg update nya roblox andai kaya neg gin seru kebelet zepeto,netral,negatif
3,bagus sih game nya updatenya jelek,netral,positif
3,lumayan,netral,positif
4,aneh bisa neg login terang salah koneksi buka game nonton streaming lancar apk aja bisa neg login,positif,negatif
4,fitur chat roblox hapus,positif,negatif
3,suka aplikasi nya update bug gabisa chat ktp kalo chat,netral,positif
5,roblox jelek,positif,negatif
3,bagus cuman tolong chat terlalu neg batesin,netral,positif
1,geme gerat cio robllpx,negatif,positif
3,sih bikin shirt bayarr gratisin donggg,netral,negatif
5,sih neg gausah update cukuppp neg,positif,negatif
3,player suka neg update verifikasi age,netral,negatif
3,update roblox berat developer neg kurang data sebab lag panas kasi guna main roblox hpnya support main game harap update kurang data berat neg berat terimakasih,netral,negatif
3,banyak update pliss,netral,negatif
3,suka neg game nya,netral,positif
3,aplikasi nya sangat bagus cuman salah bisa neg ganti nulis umur tiba pas buka aplikasi roblox muncul tulis update udah update loh tolong baik yah k,netral,positif
3,roblox,netral,positif
5,roblox very exciting but beg you fix because why can chat know this isn david bacuki fault but beg you fix this because really not exciting,positif,negatif
3,chatnya buka,netral,negatif
3,benar nya seru bagus aman update nya penuh karna roblox,netral,positif
4,roblox udah bagus bikin atur jgn aneh aneh bnyak player mls main game semenjak update mna robux top robux masuk plis perbaikin roblox,positif,negatif
3,bru berpa langsung apdute cpek,netral,positif
5,woy roblox gimana sih gua kena virus candu main roblox ampe emak gua ikut main roblox,positif,negatif
3,bisa neg pakai audio,netral,negatif
1,aplikasi ngga bgt,negatif,positif
5,hati hati tubers ngadain hack akun org hati hati peringatin ganti,positif,negatif
5,aman yaman utuk main serperti mula,positif,negatif
3,really want join why did account expire don want that happen please return account,netral,negatif
1,bagus gada kebas gitu,negatif,positif
3,aja kena batasin,netral,negatif
1,udh bagus bug lag,negatif,positif
5,kesini update roblox nya chat,positif,negatif
5,honestly quite like this game but why are there cheaters and others think quite annoying because they like play pranks maybe can fixed once again like this game thank,positif,negatif
3,roblox updatenya lama jelas neg udah bisa neg chat verifikasi umur wajah emang apasih bagus kagak bikin kesel iya orang bilang kata aja banned  sih neg update chat kembaliin sousah tau chat plyer nya rame gara chat ada neg kek sepi main pas update pas main pernah neg pas update kelur sendi terus,netral,negatif
3,tolong banget roblox akun hilang jejak password udah bisa neg buka nama akun kentutkucing mohon hapus ava zepeto sangat buka sekian terima kasih,netral,negatif
4,sering update anjir minimal tahun minggu udh suruh update ngertiin bang deve ram,positif,negatif
3,roblox tolong kembali roblox,netral,positif
5,seru seru neg,positif,negatif
5,game nya bisa neg chat teman,positif,negatif
3,stop update jelas neg menuhin simpan please don keep updating the features just the same nothing changes just takes storage space,netral,negatif
3,game nya pake cheat delta mohon baik,netral,negatif
1,game nya bagus atur suka neg roblox kayak neg,negatif,positif
1,game bagus teman teman,negatif,positif
3,aplikasi bagus verivikasi chat roblox sepi hidup hilang verivikasi chat ganti anak anak umur batas,netral,negatif
1,hmm lumayan bug data pas cepat hilang ribet update terus nya update nya cepat,negatif,positif
3,game nya bagus tulis kek gin roblox kadar luarsa udah akun aja tulis sampe upgrade kali kali bisa neg gimana yaaa ,netral,positif
3,like this game but please fix okay using but always disconnects saying there signal even though the fine,netral,positif
2,lumayan,negatif,positif
3,game nya seru suka banget roblox roblox seru asik banget bgt pake delta suka trs boleh neg main roblox karna pake delta takut rusak,netral,positif
4,ngelag pas main tower,positif,negatif
3,game emg seru bgt cuman knp perlahan perlahan hancur update update nya bagus neg contoh chat dibatasin skrg classic face hilangin emg sengaja gimana game nya hancur gara gara update skrg,netral,negatif
3,game roblox sih enak tapiiii update nya aneh sih klasik face hapus ganti fitur mekap fitur chat verivikasi ken klasik face kembali usah neg verivikasiii,netral,negatif
3,nya seru cuman bacon banyak cheater dll nge rusuhh pake cheat delta band hilangin aja akun,netral,positif
3,kali main roblox kek main seru bagi bisa neg ngobrol teman orang kenal tolong fitur chat nya hidup,netral,positif
1,  ,negatif,positif
5,bisa neg tidur,positif,negatif
4,reting klo da neg sinyal dikit aja ngelek nya kaya tikus kecepit pintu tolong roblox nya napa,positif,negatif
1,gamenya suka,negatif,positif
3,eum game nya udah bagus semenjak chat roblox batas bisa neg interaksi teman orang yah kasih bintang karna game nya seru semenjak batas,netral,positif
5,tolong baik guna keyboard guna mobilador karna cursor nya seperti neg laptop bug cursor tetap neg gerak layar cursor nya ujung layar,positif,negatif
1,mohon main handphone grapiknya kurang biar mudah neg ngelag,negatif,positif
3,make deting friend have too many inactive friend deting them would take forever,netral,negatif
3,roblox hapus delta script pake delta script main curang main murder misteri pas sheriff lempar server ngeselin bgt tolong roblox delta script dihapuss bgt,netral,negatif
5,bisa neg mengrim pesan tolong bisa neg,positif,negatif
2,update lumayan suka nya map batas nya main map nya main bisa pindah gem main roblox bos,negatif,positif
3,tambah fitur,netral,positif
3,geme seru mon maaf chat yan balikin yan susah,netral,positif
3,roblox hilang data data nya jaring ngeleg masalah neg jaring karna coba pakai data wifi main gem aman aman ada neg nama nya ngelag baik gem,netral,negatif
3,seru atur jelas neg item hapus,netral,negatif
2,game nya bgs cmn barang nya mahal nya face mhl bgt rangin gitu lgi,negatif,positif
1,seru,negatif,positif
3,gem nglek banget,netral,negatif
3,bikin suka neg downloadnya banget,netral,positif
3,apa hapus classic face apa gasuka dynamic face,netral,negatif
3,reting makasih kasih robux,netral,positif
3,bikin bagus update nya kayak sampah maaf kembali item roblox hapus kembali chat nya,netral,negatif
1,gamenya bagus suruh update main loh upgrade memoryku jdi penuh gara gara game pas main night innthe forest sih bisa neg chat,negatif,positif
3,koneksi udah bagus aja bisa neg login,netral,positif
3,gasuka update nya gaseru tambah banyakin memori boros kuota,netral,negatif
5,bosen main dawnnnn,positif,negatif
3,bikin jengkel ngeleg mulu,netral,negatif
1,gamenya bagus bug pas main game,negatif,positif
3,gamenya anja seru banget map main upgrade revamp apa chat gabisa anak bawah thn gabisa chat kasih bintang duluu karna gabisa komunikasi teman main teman virtual susah komunikasi sekian timaacii,netral,negatif
3,tolong baik bug gangu bangetbaru masuk suka,netral,negatif
3,bisa neg komen main cheat,netral,negatif
3,banyak atur contoh kayak verifikasi usia chat mic sebenernya sih cuman verifikasi game tuh aja gimana masuk kategori usia alam virtual batas trus suka update pas memori penuh gara gara updatenya roblox,netral,negatif
3,gua kasih bintang kalo ubah fix,netral,positif
1,game nge lage gua udah bagus banget,negatif,positif
5,woylah gue jarang maen suru apdet mulu jir,positif,negatif
5,game seru klasik face nya hapus tolong kembali klasik face,positif,negatif
4,tolong kembali fitur chat nya,positif,negatif
5,game gajelas jir slop sub game underground game better than this slop manlet made game,positif,negatif
2,mayan bagus,negatif,positif
1, ,negatif,positif
3,update masuk nya bug,netral,negatif
4,main enak main terlalu neg bagus sulit main game santai zaman orang main milik neg hormat harga musuh ingin neg main main anak anak takut rusak mental anak awas neg orang percaya,positif,negatif
2,bagus sih kalo main incorails napi umur umur gimana,negatif,positif
4,bgus tpi kadang error kalo tiba jdi emosi,positif,negatif
5,roblox tolong beli item pakai robux hilang item tolong baik woy item aing hilang woy roblox creatornya narik item marketplace aing kompensasi adil neg,positif,negatif
4,roblox ketat banget,positif,negatif
3,roblox gaada chatnya,netral,negatif
5,atur roblox emg ketat cocok ank ank tolong pindah roblox kids trima kasih,positif,negatif
3,lag main fidt,netral,negatif
1,enak neg enak,negatif,positif
3,main koneksi putus suruh periksa jaring koneksi jaring bagus,netral,negatif
5,exciting like but why roblox slow responding reports about other players,positif,negatif
3,mod free,netral,positif
3,seru hacker songong sombong lapor cheater roblox merespon nya segitu roblox blokir player pakai cheat,netral,positif
5,game seru neg bug mulu gerak geserkamera geser nya maju mundur maju mundur di neg baik seru main,positif,negatif
1,ada neg bokep seru neg,negatif,positif
5,main roblox ngelek muluk sih kesel gimana biar ngelek neg ,positif,negatif
1,gamenya bagus sih bayar kalo bikin shirt kikir asa gratis bosan main,negatif,positif
5,plis chat back plissssssssssssssssss,positif,negatif
3,sesuai bilang buruk game kalo rejoin kali kali menit lag bisa neg join disconnected device wifi udah bagus,netral,negatif
1,bisa neg download game tolong min,negatif,positif
3,roblox hapus fitur chay pliess fitur chat,netral,negatif
5,ich finde das spiel sehr gut,positif,negatif
3,roblox seru nge neg lag,netral,positif
3,main lag patah patah moga lagi neg,netral,negatif
3,roblox lag lag iya pla donte,netral,negatif
3,suka fitur tambah main game asli mahal pol tambah pake remot gak,netral,positif
3,sebenernya game nya seru cuman salah fitur bikin game jelek fitur chat,netral,negatif
3,suka gem rena gem nya tarik blox fruts grow garden bintang rena akun bend,netral,positif
2,gamenya bagus favorit kurang roblok bisa neg berantas pdf,negatif,positif
3,seru banget game online bikin neg seru chat nya batasin seru neg chatan umur neg gitu,netral,positif
3,its suck when internet looks good when playing because the character runs smoothly without any obstacles but turns out the network bad and suddenly dies while playing hardcore mode with one live least show ping player know the network bad swry,netral,negatif
3,bagus sih kadang kadang suka ngelek tolong baik,netral,positif
3,roblox emang keren pakai robux,netral,positif
4,aga jelek,positif,negatif
1,game map tulis internet udah pakai bagus internetnya,negatif,positif
3,seru susah jalan keluar,netral,positif
3,game seru bgtt dapet bnyk alam game,netral,positif
3,tolong roblox kembali chat ban avatar jelas neg kayak avatar furry avatar femboy,netral,negatif
1,bagus sih jangn kasih hilang fitur chat rugi orang,negatif,positif
3,udah masuk password tetep bisa neg kasih bintang aja,netral,negatif
1,seru neg jagan dimainin boros kuota,negatif,positif
1,game singkat aja kaya gitu sih,negatif,positif
3,bagus aih chat kayak,netral,positif
3,update suka neg fitur makeupnya penting neg,netral,negatif
3,beli robux pls gkvbisa tolak,netral,negatif
5,login bisa neg masuk muncul salah koneksi pliss udah update,positif,negatif
4,aja wajah klasik hapus nya make fiturnchat neg nya usah neg verifikasi teman udah pindah sekolah bisa neg chat chat tan,positif,negatif
3,game nya udah bagus update nya bikin orang orang resah nilai gin karna suka update nya,netral,positif
3,seru upgrade boros kota nya pliss upgrade neg gimana kalo kota nya upgrade roblox langsung habis,netral,positif
3,seru bug nya loh sebenernya seru game nya lag aja makasih roblox,netral,positif
3,apdetnya buruk tolong fitur bagus,netral,positif
5,tahu neg main gamenya neg buruk,positif,negatif
2,gamenya dah bagus afk bentar disconenct,negatif,positif
2,bagus main temen karna pisahin roblox gra gra ubdet main ama temen mending bubarin aja roblox,negatif,positif
4,chat kayak,positif,negatif
3,jujur puas roblox adil neg item hapus masalah neg item hapus kembali robux banding item beli beli item harga robux item hapus langgar kembali robux timpal neg harga beli item robux,netral,negatif
4,bgus vitur verifikasi guna neg,positif,negatif
4,bisa neg sandih,positif,negatif
5,all game bagus age check gagal lag udh ada neg cheater scripter boleh main,positif,negatif
4,gamenya seru masuk pakai kouta pakai neg kuota error perbaikiya game mending download minecraft,positif,negatif
3,bagus bagus ngelek mulu wifi aja huh capek,netral,positif
3,main map ambang orang bulih terus nang map kasih reting segitu aja nya main brookhaven bye  nama akun adinda,netral,positif
5,roblox emang error gimana sih sore gabisa buka,positif,negatif
4,ban chat aan aja banyak larang,positif,negatif
5,bugnya,positif,negatif
3,hmm mending perbaikin erorr biar main semangat,netral,positif
1,bgus,negatif,positif
5,baik update mudah jual item cepat fitur refund,positif,negatif
2,game lumayan seru pas join map disconnect bug nya malesin,negatif,positif
3,game nya seru tolong klo bikin tower ada neg bikin org jatuh udh susah payah menang jailin,netral,positif
5,bangkrut kikir aja jing,positif,negatif
4,kek ngawur sih ngawur gin maksud tuh noh kek tombol jalan tuh gerak jari udah lepasin gerak kali aja ngebug ngelag kali apadan mohon anu baik bug nya kasih bintang,positif,negatif
2,sebenernya gamenya bagus error server jaring aman mohon perhati,negatif,positif
3,game nya bagus tolong kembali chat rating,netral,positif
3,ter log out aplikasi,netral,negatif
1,senang ojing,negatif,positif
3,seruuu baget kalo tehapus akun hilang sedih robux nya tolong kalo hapus game nya hilang neg bikin neg gitu nyaa bang plisss,netral,positif
1,main ketemu orang orang ganggu pas ambilbrainrot main lagi,negatif,positif
3,main bug dimainin neg minggu unlog login deh banyak nipu orang ampe nang,netral,negatif
3,gamenya bagus anak anak gane game bocil sok keras gila,netral,positif
4,roblox benerin bug,positif,negatif
3,woi gamenya brain root sampah banget gamenya,netral,negatif
1,akun kali kali internet bagus bagus aja main game loading nya banget,negatif,positif
5,ada neg sih game tuju update,positif,negatif
2,bagus gamenya beli avatar paket harga mahal bisa neg dipake udah kesel sedih,negatif,positif
3,ngelek melulu periksa jaring udah hemnn sebel deh,netral,negatif
4,gara gara ban salah map nya kasih bintang aja,positif,negatif
3,lupa password ribet kalo akun catet,netral,negatif
1,gamenya bagus rangin bug lag panas orang toxic roblox bagus suka lag panas bug suka roblox balikin chat orang bom balikin emang roblox bagus dimainin pass chat kalo roblox tolong kembali chat terimakasih baca,negatif,positif
1,main sailor piece sampai neg menit lansung map tolong roblox fix map aset nya,negatif,positif
3,karna chat umur,netral,negatif
1,udah seru udah bisa neg chattan digame kaya,negatif,positif
3,updatenya sih bisa neg nge chat hapus clasik face mohon mabuk neg mabuk kayak mojang,netral,negatif
3,roblox suka nge like bagus dimainin nya seru mabar usah neg robuxx nya biar seru gusah neg bayar,netral,positif
3,emang bagus update age check nya update bagus dih hapus nya klasic face,netral,positif
3,game bagus aga kaya kaya era brainrot,netral,positif
1,gamenya bagus cuman akun udah kenang sayang verifikasi umur untung roblox update trusted connection kalo hoax bintang orang hacker ngelaporin orang bantu neg orang di neg banned kalo bintang,negatif,positif
3,bagus banget atur bikin kesel dikit ,netral,positif
4,cheater,positif,negatif
3,mohon fitur chatnya dinyalain nay gra fitur chat temen mohon,netral,positif
3,game bagus kurang pas main game situ layar langsung hitam tunggu kek gitu,netral,positif
5,maaf roblox main pasti tiba aplikasi heran roblox tolong baik muak,positif,negatif
5,nasa nya,positif,negatif
3,roblox seru nyaman neg sering update roblox seru,netral,positif
3,says roblox detected security threat please uninstall tampering frameworks and reinstall roblox from official app store this bug something please fix roblox,netral,negatif
1,map nya smw ngl,negatif,positif
3,musuh nya troll melulu,netral,negatif
4,grafik jelek mohon tolong roblox terima kasih,positif,negatif
5,dimainin neg weee virus gua lag polllll,positif,negatif
4,just want let you know that your security system still not secure enough have lost accounts and all them were fine quite disappointed but was destiny that lost those accounts sorry hard understand use translation,positif,negatif
3,moga roblox chat,netral,positif
1,bagus bagus bisa neg chat,negatif,positif
1,nge lag chat hapus,negatif,positif
3,bagus,netral,positif
3,tambah recheck age salah masuk grup umur,netral,positif
4,bisa neg chat voice chat,positif,negatif
4,geme nya lag bug malas apdetnya kencang disconnect,positif,negatif
4,suka neg update,positif,negatif
3,main nanya bagus,netral,positif
1,drama,negatif,positif
3,layer nya jahat,netral,negatif
5,sengaja bintang biar notice maaf roblox becus yaa neg udah top beli outif pakai outfit hilang arti robux buang sia sia tolong bantu solusi bukti beli outifnya,positif,negatif
4,bagus sihh tapiii chat nya buka anjirr kesel gua pas verifikasi nya jelek lagi nya benerin plccc pas gue verifikasi susah deteksi nya tuh umur plcc wkwk robloxx cepet benerin tuh chat nya update roblox kids roblox remaja ama dewasa kesel bet gua ,positif,negatif
1,geming,negatif,positif
5,game stupid dah,positif,negatif
3,gamenya bagus sih cuman updatenya banyak bikin repot pas join game tulis verivikasikan bot neg tpi pas pencet tanda lngsung menjoin download deh kali roblox aneh neg aneh updatenya,netral,negatif
3,benar nya game nya seru update seru seru tuh kayak update chat classic face hapus dynamic face rem balikin roblox,netral,negatif
1,bgus,negatif,positif
2,enak robux gratis,negatif,positif
1,game nya bagus seru banget suka,negatif,positif
3,bagus gem nya nguras pulsa,netral,positif
3,update nya bos muka dynamic gasuka pas update verifikasi umur banget gasuka update nya game nya seru,netral,negatif
1,akun bagus bisa neg login,negatif,positif
3,ava nya susah atur,netral,negatif
3,bisa neg chat update roblox nya sampah,netral,negatif
3,game nya udh bagus sih bug belim item toko karakter seprti rusak lihat neg mohon perbaikin,netral,negatif
1,map gambar warna kena batas usia bagus anak,negatif,positif
5,tolong roblox akun hilang erorr erorr mulu,positif,negatif
5,tolong chat nya dibkembalikan ngobrol teman plis,positif,negatif
1,wanjeeengggg rating kasih mes gaje updatenya,negatif,positif
2,gem,negatif,positif
5,avgeek mending game roblox ganti apa game pesawat download game gakjelas ngejek bacon stop bacon hina neg bacon bayy,positif,negatif
4,kasih bintang update nya chat dibatasin,positif,negatif
3,gila sih emang seru seru neg,netral,positif
5,ada neg player jago,positif,negatif
2,sih game nya bagus bag leg,negatif,positif
4,hmm gamenya scrip cheater toxic udh direport ban pacar canda age grup nya scan umur umur udh umur apalaaaaaaaaa,positif,negatif
3,ngeleg wakk ngeleggg,netral,negatif
3,kentang patah patah,netral,negatif
1,ada neg roblux orang robluxnya coba skin nya gratis aja papa neg,negatif,positif
4,chat nya hapus sumpah,positif,negatif
5,mohon avatar di neg hilang ava hilang robux ganggu,positif,negatif
4,game ngeleg susah masuk aja kasih bintang,positif,negatif
3,game nya bagus ganti akun sampe kali nya hapus karna udah muak akun robux,netral,positif
5,roblox bagus bug nya login akun uda bener bisa neg login game render objek hilang hilang server nya error game sampah taro bintang supa baca devoloper nya tolong fix uang uda akun roblok,positif,negatif
3,wifi lancar sinyal lancar tapi kek ngefreeze gitu beranda nya bisa neg klik apapunnn plisss tolonggg ,netral,negatif
3,game nya bagus bisa neg chat bosan,netral,positif
3,game nya bagus gamenya udah update pas main gamenya ngileg game kadang kadang main gamenya macet tolong baik gamenya ya,netral,positif
3,game update ngeleg,netral,negatif
5,aman nya ketat,positif,negatif
5,game nya bosan neg den maininnya,positif,negatif
3,alami verifikasi pakai nomor handphone nomor handphone indonesia daftar verifikasi nomor ada neg nomor negara indonesia sulit komunikasi koneksi teman,netral,negatif
3,lumayan mbnya kecil kasihan kentang,netral,positif
3,suka ngebug kalo selesai main ces tidur pas bangun robloxnya salah sambung jaring pingnya salah sambunngan tolong baik masalhnya admin roblox,netral,positif
2,game nya bagus bisa neg chat bisa neg lihat pasword akun kembali chat,negatif,positif
1,sukak aja,negatif,positif
1,suka mulu cape,negatif,positif
3,admin kenpa dri kmrn sya dapet neg ikan admin woi dpt njir minggu nunggu admin mlh doet neg,netral,positif
1,game nya enak kalo main game suka,negatif,positif
5,roblox ever voice chat chat batas tetep main seru banget dapet temen please inimah ngebug tetep cinta roblox lho akulohya player old main roblox jaman soekarno please notice kakek david eeh terlalu neg old sih old gakya main nya toxic woi benci gwlohya mksh udah buatin roblox kids cepet cepet please bocah ngeselin hilangin ava zepeto please ,positif,negatif
5,verifikasi bot eror kah min pada bener,positif,negatif
5,platform keri exploit kencan online tahun platform dunia neraka benci orang gila korban anak bawah umur tuju perintah indonesia blokir platform orang gila orang milik nafsu sarang platform bnyak orang menybarkan data pribadi sndri jaga rusak neg akibat putus,positif,negatif
3,game nya seru join game mainin ngefreeze batas main seru seru dikit,netral,positif
3,roblox getting less fun when play steal brainrots the application likes exit itself hate give stars,netral,negatif
3,sukaa tpi akun hilang sekali pas besok nya habis top login roblox login dalem nya bngt avatarr berobux udah top banyakk,netral,positif
3,atur tapi seru bintang karna atur batas sekian terimakasih,netral,positif
5,bocil minyak,positif,negatif
3,mid bagus putih layar,netral,positif
3,beli robux masuk neg akun,netral,negatif
4,roblox knp chat balikni chat,positif,negatif
3,dont make roblox pliss bisa neg main kakak adik dasar ceo roblox,netral,negatif
5,woi roblox kembali fitur chat,positif,negatif
5,game sosial verifikasi wajah chat aneh hilangin update nya,positif,negatif
3,lumayan batas loading nya ama top nya gratis cok bayar neg dimarahin diamok emak gua cok ,netral,positif
3,lumayan bagus ngelek aja,netral,positif
1,game kontoollll,negatif,positif
2,roblox roblox kids roblox select,negatif,positif
3,game nya ngeleg bener neg game nya wuuuuuuuuuu,netral,negatif
5,ping robloxnya jelek maen pingnya pas maen roblox turun benerin game freaky,positif,negatif
1,game nya seru bagus disconnect koneksi bagus bagus aja bisa neg chat udah verifikasi umur yah,negatif,positif
4,karna ngeleg,positif,negatif
3,bagus aja sihhh tapi bikinnn simpan akuu penuhhh coba rangin dikiittt nya kyk jadi tolongggggggggg banget,netral,positif
5,bagus parah,positif,negatif
5,asli udah hapus aplikasi,positif,negatif
2,game nya bagus roblox nya chat tmn verifikasi sih parah roblox,negatif,positif
3,tolong roblox game komunikasi gimana komunikasi chat nya aja tutup gimana komunikasi gimana interaksi player shirt gratis bayar robux gratis barang barang gratis karakter gratis di neg jual jual gratis tolong roblox kikir neg deh buat neg guna nya kecewa kesal bugnya disconnectnya,netral,negatif
1,game nya bagus,negatif,positif
3,hacker main bebas trus liat aku banned neg liar,netral,negatif
3,kadang main game loadingnya kasih bintang aja,netral,positif
5,tolong hilang csripter hackers tolong anak umur sampai neg pacar gem bikin gem rusak,positif,negatif
3,bagus hapus karna bug,netral,positif
1,game nya seru neg,negatif,positif
3,hapus tuh sistem umur ganggu gajelas beda doang gabisa ngobrol guna neg bocil bocil pake ktp ortunya kadang bocil nyasar mending ilangin aja tolong roblox,netral,negatif
3,gamenya sih bagus ngelag banget game udah ada neg updatenya game seru nilai puluh turun kecewa,netral,positif
4,keluar paket,positif,negatif
4,game suka neg,positif,negatif
3,udah kali kena kode eror udah hapus coba login join map kena kenapaa balikin duit gamau rugi,netral,negatif
3,game bagus tolong updatenya maju,netral,positif
1,bilang hai halo nanya temen abis ganti nomor kena sensor maksud temen tinggal jawa palembang susah kalo ngobrol roblox,negatif,positif
5,update vitur chat hapus game bintang kasih rating,positif,negatif
5,game nya seru banget tapi jelas neg ofer of game nya senyum akan neg habis akan neg contoh share foto gam,positif,negatif
5,ngeluh nya patah patah ngelag panas udah ganti blog ada neg duit nabung,positif,negatif
5,game aneh suka,positif,negatif
1,game kikirrr,negatif,positif
5,game gapantas kasih bintang map pintar butuh verifikasi wajah,positif,negatif
1,login akun,negatif,positif
1,poco main roblox,negatif,positif
5,keluar neg akun tips tangal lahir nama nama sebut password tips kalo akun nya list kalo warna putih pencet masuk password udah bikin udah akun deh selesai,positif,negatif
3,jjr smua bgus smpe update aneh bikin chat aneh,netral,negatif
5,woi admin benerin pen nya masuk privat serve masuk server global ,positif,negatif
3,akun bagus hilang teman imelnya beda nama akun rafifsuperpro,netral,positif
3,sih roblox hapus chat punya neg chat roblox umur umur roblox piss give robux pis,netral,negatif
3,game bagus tolong kembali fitur chat face clasic nya,netral,positif
5,jelek,positif,negatif
3,game nya pdf player nya ngak ramah ava gratis bilang ngak beli robux ngomong game sih bagus game brain out steal brainout game brainout sana sistem nya kacau ngomong umur tau trust connection pas ngomong orang umur age verification hancur game nya hancur game bagus,netral,negatif
5,tolong baik kalo main ngepres tolong baik,positif,negatif
5,hey roblox studio years old entered select roblox roblox kids because friend chat disappeared even though was there earlier,positif,negatif
5,main roblox pernah neg buka game buka kali nya bisa neg buka roblox kali masuk bisa neg pencet kali nya uninstall game nya download ulang,positif,negatif
4,baik bugg,positif,negatif
3,dasar nya platform game bagus sayang nya suka neg game pindah game nya aneh terkadang masuk otomatis game nya di neg mohon bantu nya update,netral,negatif
1,game suka kali ngepaused bikin kesel seru seru,negatif,positif
3,trlalu neg suka apalgi roblox nya atur suka neg,netral,negatif
1,suka roblox update trs seru dandy world smiling critters,negatif,positif
3,seru ngeleg maaf,netral,positif
3,bagus banget gabisa main,netral,positif
1,bagus bgt seruuuuu ,negatif,positif
3,periksa umur pake foto gagal anjg udh kali hampur setangah jan kelar neg baik mohon,netral,negatif
5,akun homenya nya ngefreeze udah beli robux tpi ngefreeze ngebug ngeleg ngeleg sih pdhl tahun dapetin robux,positif,negatif
3,knp harga itemny puki,netral,negatif
5,please chat kembali,positif,negatif
3,bagus bijak aman sistem mudah bobol,netral,positif
4,bisa neg nge chat kalo nuli ribet,positif,negatif
4,tolong kalo main eror,positif,negatif
1,game sih enak ubah suka neg game,negatif,positif
1,seru karna butuh chat,negatif,positif
5,knp baju macem beli ilang yaa minimal tuhh klo ngehapus barang apa ituu balikin dlu robux jirrr klo beli pke robux tpi ujung ilang bgtuu enteng org ber uang tpi dng neg org beli dngn tabung harap beli pakai idam kann ehh besok ilang tuhh robux ama pakai beli tuh kasi bintang biar cpt atas,positif,negatif
3,main roblox laptop knp main aja suruh update instal update nolak knp sih pls main ngehack neg roblox,netral,negatif
5,chat teks gimana moga ama milik roblox,positif,negatif
5,suruh upgrade upgrade dimainin upgrade pas buka roblox upgrade,positif,negatif
3,hmm tau bisa neg chat sih izin ortu,netral,negatif
5,aktifin fitur chat neg,positif,negatif
3,malam lot parah bisa neg nikmat gamenya,netral,negatif
5,kembali classic face hapus cosmetic ava zepeto,positif,negatif
4,chat hapus kalo kembali gua kasih bintang,positif,negatif
3,kamera tibatiba mengcil,netral,positif
5,sorry about the drive word why did the update suddenly make racing strange fine when racing but now when racing turns please check the drive word carefully,positif,negatif
1,ugly,negatif,positif
1,suka game nya ribet chat verifikasi umur tau,negatif,positif
5,giving stars this message gets noticed but really need help roblox account username eziidisni was hacked april lost access and was using android infinix device that time have already contacted support but haven received helpful solution yet this account very important and ready provide any proof needed please take this seriously and help recover account thank you,positif,negatif
5,udah update bisa neg main,positif,negatif
5,jaring ilang klo login kocak nih abis abdate,positif,negatif
3,game bagus tolong giga game nya kecilin,netral,positif
1,marah main nya,negatif,positif
5,guys bilang neg bilang neg bintang handphonenya umur kasih muka orang tua awas,positif,negatif
3,game nya burik banyak brainrot password bner masuk aneh,netral,negatif
2,bagus bgt game nya udh pro tpi kadang suka ngebug kyk nyimpen avatar map nya tpi banyak update nya,negatif,positif
1,busyukkk enak mobile legends,negatif,positif
3,game seru pake internet,netral,positif
5,apk gajelas ngomong neg kasar kena banned,positif,negatif
3,game nya udh bagus neg chat chat pake umur,netral,positif
3,kalo ganti usr robux free ayo rbx,netral,positif
3,game nya tarik,netral,positif
3,asal neg ban orang roblox,netral,negatif
1,bagus,negatif,positif
5,game nya jelekkkkkk,positif,negatif
3,tolong baik bug nya roblox pas masuk map warna map nya hit internet lancar tolong baik,netral,negatif
3,bisa neg login,netral,negatif
4,ngeleg apa orang game bagus munkin aja kuat neg sistem roblox sekrang bego jelek neg kalo jelek sepi bego bego,positif,negatif
3,bang,netral,positif
2,ram nya pendek kasih pendek ram nya,negatif,positif
1,bagus sih gamenya,negatif,positif
3,game roblox nya benar nya seru seru cuman gara gara update fitur chat hilang nya nyari temen susah verify ketemu temen,netral,positif
3,bagus bgt bikin panas,netral,positif
3,eror,netral,negatif
5,game tolol burik gaada otak kikir peka neg,positif,negatif
1,kasih bintang crate nya mana,negatif,positif
5,roblox ban perintah kapan,positif,negatif
3,mohon developer pas ngomong ama publik ngk ngomong kasar knp ban mohon baik,netral,negatif
5,game nya jelek kalo login admin nya ireng jawa,positif,negatif
1,game nya bagus fitur nya eek,negatif,positif
5,tolong baik bug game grow garden terkadang tombol loncat nya terkadang ada neg,positif,negatif
3,suka main roblox lagi neg chat roblox bisa neg bebas neg kadang kadang main roblox roblox kenal ada neg lagi,netral,positif
5,balikin classic face gw,positif,negatif
3,roblox please back like old roblox need chat,netral,negatif
1,bagus,negatif,positif
5,game nya komentar pas main bisa neg plisss,positif,negatif
1,bagus sih akun hilang,negatif,positif
5,game nya seru map pas main neg roblox minggu main buka akun hilang coba login coba masuk sandi suruh reset sandi reset suruh masukin email google masukin kirim kode digit pas masuk lihat gmail kode ada neg ecek nya spam ada neg akun kembali neg,positif,negatif
5,geme nya sih ngeselin nge chat tpi larang,positif,negatif
1,min roblok roblok mode offline,negatif,positif
3,suka game ngelek bikin kesel suka,netral,positif
3,ratee   gamee nyaaa udaaa imupp siee butt yyeahh agaa gimanaaa yya baguuss siee tapiee fitur chattnyaa ituloooo bikin gaaa sukkaaa  benciiee deeeuu pleasee douungg robloxx hapus fitur batas chaaat udaaaaa yyapp  moga diperbaikiii ,netral,negatif
3,lag banget,netral,negatif
5,kembali klasik face,positif,negatif
3,game bagus sih seksual nya gimana suka,netral,positif
5,update,positif,negatif
1,gmna download roblox,negatif,positif
1,bagus,negatif,positif
1,deh ajar,negatif,positif
1,bagus lag bug nya males,negatif,positif
3,lumayan bagus,netral,positif
1,seru,negatif,positif
3,beli ava bisa neg simpan robux sia sia,netral,negatif
1,game baik neg anak anak map orang dewasa kalo anak udah join map orang dewasa main nya kaya orang dewasa roblox bagus disconet serin,negatif,positif
3,not fun before they remove chat just for safety and wdym saying acne pizza face the makeup trailer thingy this game starting lose fun ill leave this game gets super bad then before also please fire matt kaufman thats all,netral,negatif
3,tolong bgt bgt roblox devoloper butuh chat dan suka lag woii,netral,positif
3,game bagus sih turut super duper anak candu parah game,netral,positif
5,robux boss,positif,negatif
3,        ,netral,positif
5,udh bgs cmn balikin chat roblox bug nya ilangin,positif,negatif
1,kasih robux gratis,negatif,positif
1,gem nya lot setabil neg kadang ngedbak,negatif,positif
3,bagus hacker,netral,positif
1,game bagus aneh nya bisa neg masuk map steal brainrot sunam brainrot bintang di neg hapus main game online tolong bantuanya,negatif,positif
4,chat under age think,positif,negatif
2,gamenya sih bagus bug hacker,negatif,positif
3,game nya bagus seru,netral,positif
3,gem aneh udah bikin akun suruh bikin akun gem kocak,netral,negatif
3,sistem ribet masuk game isi verifikasi bot neg akun utama nongol kali kali masuk tolong baik,netral,negatif
5,bring back chat,positif,negatif
3,roblox update baru suck why because fav game gon normal roblox and the update roblox kids roblox select and roblox normal,netral,negatif
1,jgn main roblox wkwk,negatif,positif
3,game bagus tambah neg update bikin orang nyaman neg bingung akun sandi nya salah,netral,positif
5,gema nya suka ngelek ,positif,negatif
1,bud offline,negatif,positif
1,bagus neg main tajam juara org juara reting gem benci tajam benci tembak sasar pro mati suka neg roblox,negatif,positif
1,anja bagus,negatif,positif
5,afk difis dapet neg sikerit,positif,negatif
3,game nya bgus tpi jelek bug ama lag pdhl jaring bgus klo main map wallhop ama brook bgt msuk,netral,negatif
3,roblox maju mundur maju kasih voting besok update apaa main milih suka suka neg enak mainnyaa deh masalah neg umur chat baik neg orang orang baik neg pindahin server khusus orang orang baik neg jugaa server orang baik neg opini debat,netral,negatif
2,beli robux langsung si neg kirim sih,negatif,positif
5,geme nya kaga seru apdet verivikasi coba pikir kek bikin apdet pilih chet temen aman,positif,negatif
5,kasih bonus gara gara game teman ngejek free fire terima neg,positif,negatif
3,bisa neg chat update roblox kids roblox select roblox gitu sih ken roblox select update roblox select chat free perintah negara bolehin sih moga bolehin rating bintang update juni juli gitu lumayan bagus yaudah segitu aja ulas bye bye,netral,negatif
5,roblox gila akun udah tahun blokir,positif,negatif
2,jujur suka apknya banget pakai klasik hapus sih dibalikin robuxnya susah banget loh cari motif pakai sama aksesoris bug bug bug game sendiri bug gabisa pencet apa tolong baik apknya plis dan main evade tapi pas incar nextbox nya ngelag hp dan wifi ada neg loh oke terimakasih,negatif,positif
3,bagus tolong classic shirt bayar robux shirt loh yaudah gin aja,netral,negatif
1,game dak,negatif,positif
3,akun bisa neg main nama akun baconkl sandi dah bisa neg main tolong cepat diperbaikin,netral,negatif
5,hate the updates this year,positif,negatif
1,ngeleg geam seru,negatif,positif
1,seru main,negatif,positif
4,very disappointed with this game because does not allow minors use chat with children who have not verified their age like please listen me,positif,negatif
5,gusy hujat neg roblox roblox update anak anak main roblox bahaya gabisa chat bug seru main roblox,positif,negatif
1,game nya bagus indah cantik cocok rating jahat rating,negatif,positif
3,tolong bijak roblox kemarin beli robux masuk neg,netral,negatif
3,baju beli robux roblox ada neg,netral,negatif
1,game bajing,negatif,positif
5,bsk gared,positif,negatif
5,bagus buruk updatenya face klasik hapus kecoak berak main,positif,negatif
5,game kotak,positif,negatif
3,roblox david baszuchki,netral,negatif
5,tolong balik akun akun curi tahu neg atas nya tolong bantu kembali akun,positif,negatif
5,game brokennnnnnnn kalo main render map nya banget kalo udh render disconnect parahhhhh kalo update buka bagus jelek update gitu mulu mikirrrrr kasih bintang karna neg suka biar baca aja,positif,negatif
3,bagus aja jarang main aja sih,netral,positif
5,face karakter hapus kecewa di neg ganti robuk rugi banget,positif,negatif
3,koneksi,netral,positif
1,game nya lot banget lag pas login suka,negatif,positif
5,aja pelit banget,positif,negatif
2,ngeleg pdhl jaring bagus bagus aja update nya asik tarik,negatif,positif
5,game nya gabisa dimainin offline work seru mabar mabar teman nambah temen,positif,negatif
2,roblox se neg seru chat bisa neg orang pindah main dll tolong milik usaha roblox balik chat biar seru main roblox,negatif,positif
3,moga fitur chat,netral,positif
1,where the real roblox,negatif,positif
3,game bagus suka update waulaupun bagus kecewa top hilang dasar rakus uang kalo mikir dengerin main roblox enggak didengerin enak neg roblox ken ngasih dengar neg tolong baik bijak,netral,positif
2,yah chat roblox hmmm,negatif,positif
5,game nya toxic,positif,negatif
5,please fix your platform already there too much glitch and lag the game,positif,negatif
2,seru bgt kadang ngebug plis perbaikin bug nya,negatif,positif
3,turut harga item nya turunin murah kantong rambut bagus free baju minimal bagus moga komplenan baca,netral,positif
3,lumayan bagus vitur chat hapus,netral,positif
1,suka tiba suka,negatif,positif
3,need chat and freedom,netral,negatif
3,bagus bgt grafik nya saran ank umur update nya terlalu neg ketat,netral,positif
2,update bagus neg,negatif,positif
1,   s   s   s   s      s    s          s   s    s ,negatif,positif
3,seru sih bisa neg chat,netral,positif
1,pas main ngelag tau neg roblok nya emang hpku,negatif,positif
5,seru ngomong jelek loading nya bikin panas mohon maaf nih roblox bikin neg panas kaya nya jelek murah,positif,negatif
1,tombol loncat tolong besar,negatif,positif
3,because lagging and all the players are immortal,netral,negatif
5,udah update tulis upgrade tolong gabisa main game apa loading mulu udah hapus data install ulang aja gabisa hadeh login nya,positif,negatif
5,benerin ngebug nya,positif,negatif
3,lumayan kurng bngt,netral,positif
1,seru,negatif,positif
1,closed,negatif,positif
3,game kikir pay winn,netral,negatif
2,lumayan kesel sih pas main parkour pas udah jatoh suka main free fire nya seru bikin neg kesel kesel dikit sih heheheheheee,negatif,positif
3,suka neg bisa neg chat,netral,negatif
5,gamenya burik,positif,negatif
3,game bagus online pas ketemu orang pake script bisa neg kereport jelas neg,netral,negatif
1,suka game nya akun ilang robax nya  tolong kembali akun akuuu ,negatif,positif
4,jelek bagus,positif,negatif
1,dang,negatif,positif
5,like this game been playing this game since tpi next time give bonus robux want buy avatar and return the old roblox but why have pay make shirt want corruptor sorry said that roblox ceo ,positif,negatif
3,oke,netral,positif
3,main kasih bintang pas main udah enggk chat sma mic jdi maaf yah cmn kasih bintang,netral,positif
3,bagus kecuali update verifikasi usia bintang,netral,positif
5,balikin klasic face,positif,negatif
3,ngabisin kuota banget,netral,negatif
5,game nya bagus hapus hapus orang ngehack akun milik benci,positif,negatif
1,patah offline npa sih,negatif,positif
3,kena bug code eror,netral,negatif
3,untuk neg pacar,netral,negatif
1,suka ngeleg,negatif,positif
5,inti talon kikir,positif,negatif
1,seru,negatif,positif
5,tolong baik bug pas main game grow garden pet cosmetic player hilang pet cosmetic kebun player tolong baik nyaman neg,positif,negatif
2,bagus roblox roblox bisa neg chat,negatif,positif
3,pls benerin bug security threath detected udh bulan main neg roblox gara plss developerrr,netral,negatif
2,emg suka game semenjak bisa neg chat lumayan suka neg,negatif,positif
1,bagus,negatif,positif
3,kesini loading nya banget simpan oke,netral,positif
3,roblox bisa neg main pake data server eror,netral,negatif
1,aplikasi bagus moga roblox masuk surga moga game roblox main baris,negatif,positif
1,upd nya bagus,negatif,positif
1,roblox sukah apdet endak,negatif,positif
1,roblox gem seru gem dalam main,negatif,positif
2,roblox nya udah blox blox nya ,negatif,positif
5,coba aja ngecet telpon neg temen roblox kayak neg gitu bakal neg udah lambat,positif,negatif
3,this childhood game this game bring much happines thank you roblox you just make happy get many friend when first time downloading this even though still dont know how chat but why did you guys add chat feature make hard make friend pls delete,netral,negatif
5,hapus orang troll,positif,negatif
3,main roblox internet putus pas lihat aja tuh internet putus,netral,negatif
3,game nya bagus udah chat voice chat,netral,positif
4,roblox please add quick chat roblox that can chat with roblox users and will safer,positif,negatif
2,seru neg main ehh warna hitam,negatif,positif
5,ngeselin sih tolong baik yaaa pas ngedit avatar brokaaven salah tolong baik ,positif,negatif
5,orang disconnect wifi emang jelek jelek nya salah neg roblox,positif,negatif
3,kembali chat roblox aku neg jarang main roblox,netral,negatif
3,dri thun main roblox dlu seru bngt awal main roblox mabar tmn roblox main brookhaven dll skrng mlah seru lgi krna bisa neg chat publik krna hrus chat yng sesuai umur smnjak update chat publik cma chat sesuai umur udh jrng main roblox krna seru chat liat chat publik jga item roblox skrng pda mahal mahal face dlu skrng mlh mngkin beda akun beda harga akun mahal,netral,negatif
3,gamesnya bagus suka nge lag suka nge freess pkoknya banget,netral,positif
5,kalu game sepi,positif,negatif
5,jelek kalo ganti password bisa neg login akun gara gara pas ganti password lihat kembali akun saya,positif,negatif
3,bagus sih game nya apdete nya bagus neg boleh neg mabar kakak kakak adik adik seru neg nya mabar kakak bisa neg,netral,positif
4,roblox ngebug,positif,negatif
3,males bgt online habis habis kuota abis top gampang bgt band akun nya nabungnya,netral,negatif
3,kasih bintang karna bisa neg chet suru neg kayak,netral,negatif
3,main bagus,netral,positif
3,game bagus ngeleg pake wifi kuota pliss tolong benerin asw kasih bintang kalo udh ngeleg neg,netral,positif
3,game bagus org org nya asikk neg chatnya dimatiinn gabisa komunikasi orang orang,netral,positif
5,game loba rekomendasi,positif,negatif
5,kadang kadang lag gabisa masuk,positif,negatif
1,pas main suka kluar,negatif,positif
2,seru klo masuk roblox map neg nya error bisa neg main alias ganti game,negatif,positif
5,knapa klo main map brookhaven loadingnya udh gabung server tetep muat trus pas masuk map nya langsung main nunggu dlu sampe tombol play trus kadang avatarnya liat kyk gimana gitu tolong deaploperrnya baik,positif,negatif
2,game seru aneh nya bener game nya,negatif,positif
3,anak bisa neg chat udah verifikasi izin bisa neg chat,netral,negatif
3,sih game nya bagus plis kasi robux biar ganti ava bagus oke,netral,positif
1,nya,negatif,positif
5,bisa neg chat roblox update jelek karna bisa neg chat bisa neg mikrofon mohon kembali roblox aminnnn,positif,negatif
1,geme seru,negatif,positif
5,game nya bikin orang emosional bikin orang stres,positif,negatif
3,why roblox made bad update,netral,negatif
1,game gimmick,negatif,positif
3,game bagus rating karna upgrade memori penuh udah gitu aja,netral,positif
4,akun hack orang pakai orang tahu kecewa jaga amanah akun ada neg,positif,negatif
2,karna bagus ava nya,negatif,positif
3,bagus ngelek dikit gpp pen ting main,netral,positif
1,akun nya,negatif,positif
2,seruu bangett sihh tapi kadang bug gabisa chat gaada chat seru neg pliss roblox bisikin chat,negatif,positif
5,bring back roblox chat,positif,negatif
2,mental bagus jaring bagus,negatif,positif
3,bagus update nya reng karna fitur fitur dulunya hapus chat muka clasik nya,netral,positif
3,bagus saran kasih neg hilang face classic nya tim neg nya zepeto trs,netral,positif
2,gem nya download bisa neg ram aja tolong roblox,negatif,positif
3,game bagus pindah youtube kids roblox cuman anak anak roblox jadiin game offline batasin,netral,positif
1,mohon maaf upgrade neg,negatif,positif
2,gemenya seru bisa neg ngomong temen,negatif,positif
3,kayak neg update nya guna neg,netral,negatif
5,dandy world burik marah duli neg roblox lumayan bagus,positif,negatif
5,min please return the roblox chat that used when the kids wanted chat can done anymore please return again min please ,positif,negatif
1, ,negatif,positif
5,game nya jelek bet,positif,negatif
4,lag bug game nya,positif,negatif
5,dikeluarin dri roblox trus servis keluar trus dri map kesel cuman main gameny doang tpi ribet bgt bosen kalo beginj trus,positif,negatif
5,a awww jelek,positif,negatif
2,game nya seru sih seru orang ngesus brookhaven seru sih tolong igrs roblox hapus brookhaven roblox,negatif,positif
3,fitur chat dikembaliin roblox burik,netral,negatif
1,pls don make roblox kids,negatif,positif
5,karakter udh bangus banget map lgi roblox kerjasama boboy seru banget cuman bisa neg login gabisa bikin akun sayang banget robux ilang gara game gara ada telpon plus keluar neg map,positif,negatif
3,game bagus,netral,positif
4,chat,positif,negatif
5,game kikir,positif,negatif
3,bagus untum kentang bagus,netral,positif
4,menuhin memori boros internet,positif,negatif
3,bayak iven orang sas,netral,positif
3,lumayan updatenya seperti neg kasih bintang aja batas nya chat dibatasin clasic fase hapus pokok,netral,positif
5,verifikasi nya buruk karna salah verifikasi akun hilang kasih bintang karna biar seperti neg,positif,negatif
1,ngesalin roblox,negatif,positif
5,jelek banget,positif,negatif
1,game nya bgus tpi bisa neg login internet bagus tpi sambung,negatif,positif
1,rumayan hibur senggang,negatif,positif
5,terlalu neg buruk,positif,negatif
5,aju kembali anak beli game rbu tahu uang hbis akibat game,positif,negatif
4,roblox gua udah bisa neg masuk akun udah sandi nama bisa neg roblox jelek,positif,negatif
4,turut sih nih game lumayan bagus bisa neg hilangin cheater script sengaja boleh updatenya jelek jelek jelek kayak jule jule mah cantik bug lag wifi lancar ngelag main tower trool orang pake scripth delta dasar game bisa neg banned orang pake delta wkwkkwkw terima neg sorry,positif,negatif
5,pls baca gimanapun tag david basucki aneh neg aneh update nya main roblox,positif,negatif
1,roblox game tempek,negatif,positif
1,game,negatif,positif
3,game nya sukaa ganti rate nya udah top beli emote kalo salah neg trip out nama emote nya emote nya udah hapus robux kembaliin sampe ini neg gimana sepupu item hapus kembaliin robux nya nggak,netral,negatif
5,kebalikin chat,positif,negatif
3,give stars because roblox keeps updating feel bad for those whose storage full especially please don keep updating and don remove headless and miss roblox ,netral,negatif
3,baguss koo tapiii kenapaa mukaa legendd kitaa hapus classic face kenapaa chat batas mainn roblox untukk menghilangkann stress tapi kenapaa malahh makinnn stresss,netral,positif
4,masalah tolong balik chat,positif,negatif
3,gem lumayan seru robux nya gratisin,netral,positif
1,roblox akun banned ,negatif,positif
5,gem hilang stres gem burik bit,positif,negatif
1,bagus,negatif,positif
3,game nya lumayan bagus tolong baik jaring putih bisa neg main kaya ngeleg tolong baik,netral,positif
1,main menit nunggu ban,negatif,positif
2,plis bang roblox update cheat biar cerita roblox pliss ,negatif,positif
3,game nya bagus banget seru deh pokok map main mabar orang stars for this game edit download roblox bnyk update chat batas shirt skrng bayar engga balikin roblox kaya dongss  kalo traktir robux canda inti bagus emng gitulohh,netral,positif
2,bagus buat amerika bintang,negatif,positif
4,please return the chat because want chat with friend please,positif,negatif
1,game emang seru bisa neg nge chat,negatif,positif
1,geme nya kalo pencet lompat loncat,negatif,positif
3,butuh transaksi player roblox mic ssh ssh tolong baik mabar bay,netral,negatif
3,woi ban udah,netral,negatif
3,think this good but often get angry because the error code especially error code hate,netral,positif
4,fitur chat hapus mau neg,positif,negatif
1,game nya bagus sistem nya tolong hapus chat back,negatif,positif
3,seru seru aja sih maski jarang main,netral,positif
1,game nya ngelag sinyal nya bagus,negatif,positif
2,kamera suka susah digerakin,negatif,positif
3,bug camera main seperti neg,netral,negatif
5,ramah anak,positif,negatif
5,apdet nya jelek,positif,negatif
2,bagus eror bah internet lancar,negatif,positif
1,suka disconnect map hapus aja download disconnect gatay,negatif,positif
1,org roblox suka bulying bacon,negatif,positif
2,sebenernya bagus chat,negatif,positif
3,game nya bagus gara gara age verification gua jdi bisa neg ngomong temen gua cok,netral,negatif
3,gamenya kadang game bisa neg dimainin kalo saranin kasih akses game bagus jontoh wild west gabisa mainin,netral,positif
1,knp bisa neg main,negatif,positif
3,chat roblox bisa neg,netral,negatif
5,jelek poko jelek,positif,negatif
3,udah gila owner nya david basuki nyawit,netral,negatif
1,main jelaek,negatif,positif
5,pliss hrs ngechat sihh,positif,negatif
4,nya chetan orang,positif,negatif
1,main pas akun roblox gimana,negatif,positif
1,geme nya bayar bag,negatif,positif
4,tolong verifikasi umur bisa neg tolong developer roblox,positif,negatif
5,gusy hati hati kalo bug nya,positif,negatif
5,bisa neg chat seru neg,positif,negatif
1,avatar nya banget bayar,negatif,positif
3,bagus tolong ganti neg face nya make apa jelas neg tolong admin roblox nya tuuh banget cuman doang banned aneh tau,netral,positif
5,game nya jelek,positif,negatif
3,gaa chat udah bisa neg canda bareng,netral,negatif
3,game bagus enak mainin bayak script hacker roblox bikin enak neg main roblox pls jagan bayak script hacker,netral,positif
1,robax gratis,negatif,positif
5,asik chat nya di neg suruh veryvikasi,positif,negatif
3,greget game wifi aman susah login buriks baik tuh game,netral,negatif
3,game bagus,netral,positif
5,gamenya isi nya boros,positif,negatif
3,eyyo roblox akun bisa neg akses nya salah tunggu masuk neg masuk,netral,negatif
1,bagus,negatif,positif
3,tolong kalo update roblox online neg,netral,positif
3,bagus game nya mabar sayang bisa neg chat,netral,positif
3,game mikir gua main asik asik bawa mobil gua maju tangan tembus,netral,negatif
3,maaf maksud neg bilang aplikasi roblox jelek karna aplikasi punya neg robux beli baju bagus avatarnya pas upload shirt shirt nya bayar robux mengupload towernya mohon maaf roblox gratis baju kaos klasik tower orang beli robux ekonomi kadang kadang jadi neg moga gratis,netral,negatif
5,pen ngelag putus neg asa,positif,negatif
4,jelas neg updatenya,positif,negatif
3,bs neg cat bos,netral,negatif
3,suka update nya aja ngeselin guna neg,netral,positif
4,ngetik dikit pager kek apa gamenya seru pantes neg anak,positif,negatif
3,lag,netral,negatif
3,suka neg update nya,netral,positif
3,game burik bintang bae,netral,negatif
3,bagus,netral,positif
5,chat nya,positif,negatif
5,gimana update roblox,positif,negatif
3,game nya bgs seru,netral,positif
3,ngebug ngapus itu,netral,negatif
1,bintang,negatif,positif
1,game nyasukalek,negatif,positif
3,jelek,netral,negatif
5,bro verified face but got years roblox heyy,positif,negatif
3,broken chat feature hello roblox support writing report issue with the game chat the chat feature roblox not working and has not been fixed can not send receive messages please investigate this issue affects gameplay experience thank you,netral,negatif
3,iya game bagus ngeleg banget chat hilang,netral,positif
3,pls kembali muka roblox bisa neg pake muka sigma ,netral,positif
1,bagus,negatif,positif
1,kriminal,negatif,positif
3,udah tahun main roblox sih senang teman game chatingan ketawa ketawa temen aja udah ngenalin neg gegara age neg check roblox bikin biar gada predator anak ngumpulin data,netral,positif
3,fool update,netral,negatif
1,game pdf git gud updating,negatif,positif
3,bagus script nya chat susah kalo ngomong temen temen,netral,positif
3,gamenya bagus bug contoh kalo nempelin jari kaku gabisa verakin,netral,positif
3,game seru tolong baik game kadang ngelag sinyal masalah neg aneh banget,netral,positif
3,haha item hilang robux gabalik anj,netral,negatif
1,tarik tatang bagus mudah baya abis paket,negatif,positif
4,download apk jalan mesti bisa neg login roblox jaring bagus gagal coba login mohon baik karna bug player viral sosial media,positif,negatif
3,bagus bagus bisa neg ganti negara akun lokasi vietnam,netral,positif
2,robux gratis,negatif,positif
3,gabisa maininnn,netral,negatif
1,suka main pas muncul iklan roblox ngelag ngerugiin kualitas aplikasi,negatif,positif
1,haloo admin roblox maaf nih cuman ngasih bintang nya cuman sistem chat aja sekrang susah banget komunikasi beda umur kayak syarat chattan sihh gamenya seru komunikasi seru neg tolong admin umur chttan umur aja minta moga tanggapin kalo minta kabul kasih bintang,negatif,positif
3,centang map expect neg liat nya,netral,positif
1, ,negatif,positif
3,gamenya sih bagus cuman kadang kadang ngeleg nge bug suka apk staf roblox mohon baik chat nya tolong dokembalikan roblox udah aja terimakasih,netral,positif
3,game nya bagus grafik nya seru main,netral,positif
5,please bring chat back pls,positif,negatif
3,bagus mabar temen nonton youtube jaring nya pass main tulis hubung gituu males game sihh kadang tulis kwluar coba udah asalamualaikum dadaa,netral,positif
3,game bagus,netral,positif
2,bintang minus nya karna kalo main suka ngezoom emosi bisa neg tamat tamat tower nya gampang bintang lebih nya tower nya bagus bagus suka,negatif,positif
5,ada neg bocil toxic aman main tenang muncul toxic iya jarang gamenya seru seru suka kabur tsunami lucky block,positif,negatif
5,ngelang wifi lancar bug akun gampang hack gua alami orang cabul avatar nya,positif,negatif
3,hehh,netral,positif
5,game nya bagus koneksi internet nya jelek mohon peribaiki,positif,negatif
5,tolong kembali chat roblox orang,positif,negatif
3,suka sih game sayng verifikasi umur wajah bisa neg ngchat kasih bintang,netral,positif
1,game bagus,negatif,positif
3,servernya down,netral,negatif
3,tolong kembali fitur chat,netral,negatif
5,main gabisa main,positif,negatif
4,donot bisa neg dah uda pakai wayfi,positif,negatif
3,main nya seru,netral,positif
5,woi roblox adain fitur hapus chat kimakk salah kirim chat malu bgt bangkee adain buru anjir,positif,negatif
1,seru sih diroblox,negatif,positif
3,lumayan tombol ganti akun hilang kalo join server tulis eror pas pencet tombol coba tunggu jam sungguh buruk,netral,negatif
3,seru bisa neg ngobrol sma temen plis kembalika chat roblox,netral,positif
4,hello indonesian use english because apparently the roblox factory isn indonesia right when comes the games roblox they really good sometimes play roblox lot after school but please please fair roblox the only one who said annoying dirty why did end band yeah even though not permanent but the other ava said stupid stupid and why isn she the band please give roblox justice and the game really god,positif,negatif
4,bisa neg masuk game wifi internet,positif,negatif
4,chat batas umur sih emaio scan wajah repot kali,positif,negatif
3,seru sih kasi anak anak umur chat trus ken offlen,netral,positif
4,fitur chat hapus teman modal chat roblox bicara,positif,negatif
3,bagus janggan sesat,netral,positif
1,mohon maaf game banyak main nya ramah neg alias toxic suka membully mohon hapus item item zepeto,negatif,positif
3,jujur game senang updatenya mleot tuju asli gamenya mohon update depan baik fitur chat mohon robux gratis player roblox plzzz bosen avatarnya bacon gtu aja mohon sangkut baik player roblox anjlok updatenya anjlok mohon baik aja bye,netral,positif
3,game seru unik nge chat kocakkk david basuzki,netral,positif
5,maff akun roblox ngg masuk nya akun sandi riset roblox,positif,negatif
3,jlk bet update make game virtual kek neg zepeto,netral,negatif
3,udah mantap gamenya mudah neg lag mini gamenya kurang konsumsi internet konsumsi internet roblox terimakasih,netral,positif
3,bagus chat,netral,positif
1,maaf alam pahit gara gara roblox selingkuh roblox hubung reallife milih cewe roblox makasih roblox,negatif,positif
4,woyy benerin bug main gunung kembang layar garak neg ngecras kesel benerin pokok malas main roblox ,positif,negatif
4,game nya udah bagus kendala fitur make sih pake ava kotak kotak fitur make guna neg ava kotak kotak ava legend tolong hilang neg ava kotak kotak,positif,negatif
1,boo roblox,negatif,positif
1,download cok,negatif,positif
3,game bagus pilih teman hilangin bug nya kalo hilangin batas usia hilangin orang suka cheter,netral,positif
4,karna bisa neg ber bicara karna batas usia,positif,negatif
3,update sampah,netral,negatif
1,cakep,negatif,positif
4,robux dah pakai beli skin trs buka rbk roblox skin nya hitam,positif,negatif
5,burik neg,positif,negatif
1,udh main roblox karna versi oppo download ,negatif,positif
3,roblox can update phone,netral,negatif
5,tolong kembali chat,positif,negatif
3,baguss,netral,positif
1,game keren,negatif,positif
1,trus tiba akun blok pdhl umur brp lumayan seru sayang kadang kadang suka eror main tiba ganti map,negatif,positif
3,tolong chat player roblox chat izin dlu tolong banyak neg kin bug nya,netral,negatif
3,game nya seru cepet panas gitu plis rendahin gamenya,netral,positif
1,seru gbisa chat rblx,negatif,positif
5,ngebug,positif,negatif
1,game nya sih bagus tombol pliss tombol nya jadi  biar bikin skin,negatif,positif
4,kalo main blox fruit leg masuk,positif,negatif
4,kdng suka ngeleg,positif,negatif
3,sebenernya bagus banget map game hemat simpan minus bug banget update kadang bug di neg benerin gaada ubah udah suka bngt sma roblox kecewa top pas top robuxnya masuk neg uang gabisa tolong update update aja bener update neg nya bug nya ilang neg sepenuh,netral,positif
2,aplikasi bagus nya knp main eror update play store bisa neg buka tolong kpd admin hormat aplikasi maju iyh tolong baik update nya biar download lambat neg banget,negatif,positif
5,bisa neg komik,positif,negatif
3,blok nya hilang,netral,negatif
3,bagus sih kadang nge lag suka game nya update kadang bisa neg memori penuh memori kosong jgn lupa game nya nge neg lag trs,netral,positif
3,sih gua ulas bakal neg respon depolopernya tolong baik weh jaring wifi bagus rusak dapat neg masuk,netral,negatif
3,sebenernya suka game classic face hapus chat batas hapus roblox bingung main bisa neg chat gabisa komunikasi tolong roblox baik,netral,negatif
3,oke bisa neg chat bareng besti gameny kali disconnect udh nemu team bagus wifi bagus tuh,netral,positif
5,kikir,positif,negatif
5,udah ada neg chet roblox udah nunggu,positif,negatif
3,ahir cepet panas pas main fish cepet panas aduh roblox gitu neg,netral,negatif
3,udah main bisa neg like game gamenya promosiin like game item palu cheater ama disconnect jaring bagus tolong roblox,netral,negatif
5,ngeselin karna bacon toxic sok,positif,negatif
3,updatenya bagus,netral,positif
4,tolong fix bug terkadang voice game muncul neg terus,positif,negatif
3,bagus pas main kaya tsb gag kaya ngeglict ngeleg kaya bergeter maaf baik error,netral,positif
3,bagus bukain chat umur,netral,positif
4,ngeleg ngebug layarny hitam mamba,positif,negatif
4,susah cari temen gara batas usia,positif,negatif
3,david peduli neg game nya roblox bohong bilang persen nya tangkap game sus bohong komdigi blokir chat temen beda umur dah kayak keluarga peduli keungaan usaha ramah game usia rendah david bazucki,netral,negatif
5,godd,positif,negatif
3,jelek batas chat classic wajah hapus jelek animasi wajah punya neg gigi warna hitam gratis tambahin gigi lidah gitu pov roblox pakai animasi wajah,netral,negatif
3,bagus suka love you roblox gabisa komunikasi sebal moga aja sih roblox baca komen,netral,positif
3,isi bocah bisa neg chat chat terkadang kayak muka temen paman,netral,negatif
5,kembali chat roblox,positif,negatif
4,asa lama updatenya meburuk kondisi gamenya bagus updatenya kyk muka klasik bawain untung connections friemds chat kang balikin david tolong pecat matt kaufman bikin update buruk nya safety guard,positif,negatif
1,roblox bagus suruh update pleasee roblox udah bagus suruh neg update bisa neg update di neg suruh update,negatif,positif
1,gamenya seru udah blokir perintah,negatif,positif
3,bagus kesini aneh aja berat gitu,netral,positif
5,game kurang gimana ngatain bacon saran hapus baju baju aneh dah aksesoris aneh aneh,positif,negatif
1,bagus roblox seru,negatif,positif
1,make even faster pls loud pls,negatif,positif
5,game nya ngak chat,positif,negatif
3,bagus gemem nya ganggu geme,netral,positif
5,gaje banget,positif,negatif
1,roblox kampung,negatif,positif
3,game nya ganteng negara cocok,netral,negatif
3,nevermind,netral,positif
5,kek gin roblox roblox kembaliin,positif,negatif
3,suka game nya pas main nge stuck gitu pas nulis nazi gitu kyk gin plis developer nya bolehin nulis aja game serah gitu bisa neg nulis nazi nya brookhaven pake nulis kyk gin sih uni soviet,netral,positif
3,seru sih game nya bisa neg main,netral,positif
3,game nya bagus knp game nya discon mulu interet bagus lancar,netral,positif
4,game kikir talon,positif,negatif
1,game cacad,negatif,positif
3,gua bisa neg masuk roblox tulis data enkripsi,netral,negatif
1,                      ,negatif,positif
3,lot bat,netral,positif
1,geam udah bagus tolong obrol roblox nya di neg hapus bisa neg komunikasi smua bisa neg karna tau neg nya gimana buka obrol nya,negatif,positif
1,bagus sih tower langsung bisa neg masuk game nya seru bikin game roblox dibenerin tuh game nya dibiarin gitu aja udah tunggu download game ,negatif,positif
3,bagus banget kecandua hehe pakai neg data seluler nya rangin sih main menit habis oke segitu aja byee guys,netral,positif
3,pas log out nya nunggu lamak langsung neg aja usah neg pake,netral,negatif
3,bgt update untung kasih bintang tolong teliti buat neg nunggu,netral,positif
3,ketat sensor melulu kalo chat,netral,negatif
3,baguss bisa neg chat lagiii,netral,positif
3,tolong adain fitur cepat ngerender map make wifi main map nungguin menit nunggu ngerender map tolong roblox adain fitur cepat proses ngerender kasih udah fitur nya kasih,netral,positif
4,just back the chat you want star,positif,negatif
2,gamenya bagus bug bisa neg gabung temen benerin david,negatif,positif
3,gemes banget lucu bagus banget suka misteri nya sayang nya susah komunikasi,netral,positif
3,kadang bikin kesal,netral,negatif
3,main game mas main sampe kecewa game bisa neg chat lagi,netral,negatif
3,lumayan seru kalo main game lupa ajar nya sering neg main game,netral,positif
1,game nya sih bagus main kena disconnect wifi lancar lancar aja kadang pas main tolong game nya baik,negatif,positif
3,geme seperti neg kenang nya bekas dada tolong geme di neg ubah ubah,netral,negatif
5,tolol roblox pitur chat hapus,positif,negatif
5,jelek,positif,negatif
5,woi pake delta nih bosh,positif,negatif
3,game nya seru pake wifi tetep ngelag,netral,positif
3,game nya bikin boros baterai chas menit langsung mati pas cek baterai nya sisa return comment,netral,negatif
3,kasih bintang ngeleg ram ngeleg tolong baik grafik udah tetep ngeleg tolong banget baik,netral,negatif
1,game nya,negatif,positif
5,game nya kayak urus citer,positif,negatif
3,gamenya udah bagus kalo main game karakter jalan bisa neg henti nunggu henti,netral,positif
3,game nya bug player kesal bisa neg login pass error avatar roblox tolong baik yah,netral,negatif
3,knapa login udah kluar security forclose,netral,negatif
2,bagus sih cuman gue suka tetiba internet hilang wifi bagus tetiba internet hilang sih roblox game offline biar wifi paket gitu main,negatif,positif
1,very not games,negatif,positif
5,knp chat,positif,negatif
4,tolong baik bug nya jaring bagus masuk,positif,negatif
3,update update,netral,negatif
3,sebenernya bagus siee cuman verifikasi muka itu servernya beda gabisa chat anak orang harga item mahal jadi tolong revisi ulang yyaa,netral,positif
3, s r s  k    r  m s k g,netral,positif
2,main game bisa neg main,negatif,positif
5,ken chat,positif,negatif
5,tolong optimal jaring main,positif,negatif
3,kalo ngechat ama temen aneh banget gitu kalo ketik iya doang kalo chat layar nya kayak gerak sentuh game nya bagus kentang dukung,netral,positif
3,because keep upgrading and now can chat,netral,negatif
3,game keren suka ngelag bisa neg chat,netral,positif
3,mohon maaf maaf upgrade wifi nya masalah tolong baik,netral,negatif
3,seru game senonoh neg ejek karakter main bacon bocon girl nyebelin tau neg jara orang ejek karakter david basuki rena karakter garatisan karakter ngejek gratis roblox playstore tolong dengar,netral,positif
2,game nya bagus fitur chat nya tolong buka ank main game,negatif,positif
3,bagus sih gamenya masuk bisa neg tau bikin main bisa neg tulis salah koneksi koneksi bagus bisa neg masuk maaf kecewa,netral,positif
5,jelek bikin lot,positif,negatif
3,laku neg dibanned game jelas neg map map nya seru,netral,negatif
5,bisa neg main roblox,positif,negatif
3,seru asik roblox bangke chat ngechat temen roblox bangke,netral,positif
2,halo developer roblox knp klo main bisa neg login sinyal bagus,negatif,positif
3,lumayan lahh ,netral,positif
1,gamenya bagus nge gaming,negatif,positif
3,bagus iyya minus suka ngebug tragedi horor kaya what apas jelas neg sebenernya game nya turut baik lebih udah bagus,netral,positif
5,eror moga gem ngelag neg pls perintah roblox bantu,positif,negatif
3,lumayan,netral,positif
3,main roblox game nya normal ciri khas nya kotak kotak avatarnya berobux zepeto biasa nya body shaming avatarnya baju nya buka moga roblox kayak sehat,netral,negatif
4,update bosan,positif,negatif
3,byasa item celana ilang,netral,negatif
3,berat,netral,negatif
5,connection eror,positif,negatif
3,seruu,netral,positif
5,anjir bagus banget game roblox sumpah,positif,negatif
3,alas kasih bintang karna game nya offline neg maaf nya,netral,positif
3,inti bagus,netral,positif
1,main game,negatif,positif
3,bagus main layar diri males bikin marah aja,netral,positif
3,dlu suka karena neg login akun,netral,positif
1,seru banget game nya minicraft bayar gratis bayar neg biyaya duit nya,negatif,positif
5,roblok bungull npa ngeleg nih sinyal nda sinyal nda bagus,positif,negatif
1,yng pake script,negatif,positif
5,kembali chat,positif,negatif
3,bring back our chat pls want chat with friend pls bring back our chat give free robux,netral,negatif
3,bagus bgt grafik ngelag gpp maen wkwkwwk,netral,positif
2,mantap,negatif,positif
4,akun bisa neg main padalan udh robax benet,positif,negatif
5,game nya tolol,positif,negatif
1,ayo pindah minecraft guys bagus roblox game platfrom ,negatif,positif
3,terlalu neg suka gr pas udh topup tiba item udh beli ngilang dibalikin neg lgi robux gw,netral,negatif
3,gabisa ngechat doang,netral,negatif
2,s s k m s r  m  r r k  s   m r s r m s s r g g g  g r k ,negatif,positif
3,ken game nya,netral,positif
5,tolong baki basuki plis roblox tolong roblox main kembali chat roblox ,positif,negatif
2,game seru tolong terbaikki yah,negatif,positif
1,teu seru,negatif,positif
5,game nya ngelag neg,positif,negatif
2,bagus pas update bisa neg scroll bisa neg main tower map gabisa pencet bikin emosi,negatif,positif
3,hacker asik bgt hack,netral,negatif
2,balikin chatnyaaaaa,negatif,positif
5,roblox bagus banget sih gamenya suka dandy world stk nya udah jelek gane roblox ngelag parah,positif,negatif
3,pilih game game epic benci game game brainrot sekal neg main game jelas neg chat blokir game nya seru rusak blokir chat,netral,negatif
3,seru sih ngelag banget kaya aplikasi kaya tiktok youtube tuh internet lancar main roblox ngelag bangett main dandys world,netral,positif
3,script nya tolong developer player guna script ban resah player main normal,netral,negatif
1,bagus chatnya batas seru neg,negatif,positif
5,david want let you know that the head security your game made disturbing update and want say fire the head security now and return roblox the way used,positif,negatif
5,nice update please add profile views,positif,negatif
3,bagus kadang muncul bug,netral,positif
3,weh lag parah game makan kalo mega map lag kalo bulliyng suka lempar tanah abnormal and report them can admin respon faster,netral,negatif
3,gamenya udah bagus banget sayang revisi ulang mohon banget buat game perhati baik atur game udahlah bully mana harga item naik ngotak player maka delta cit lebihh parah map sus game lumayan anak anak main kta buat game mikir kids,netral,positif
4,boleh neg ngechat,positif,negatif
1,                                   ,negatif,positif
5,roblox udah bagus saran akun orang report cepat notice bug jelek rangin,positif,negatif
3,sorry pake bintang pas bikin shirt situ tulis robux kayak udahlah roblox ada neg ahlak enak banget gratisin dibayarin btw dev becus gng kayak tau neg udah cari pinterest tau neg udah bayar anjir banget dah,netral,negatif
3,seru player nya toxic,netral,positif
4,mes nya gampang lag,positif,negatif
3,sih neg aja ngelag neg wifi deket banget ama ngelaggg ajaaa capeee gonta ganti tau emang neg murah,netral,negatif
5,chat roblox hapus robloxnya,positif,negatif
1,game asik neg asik main,negatif,positif
3,seru,netral,positif
1,gema bagus,negatif,positif
3,seru kadang bug lompat jalan gitu,netral,positif
4,woi roblox kalo main bisa neg masuk,positif,negatif
5,lag kalo main brookhaven susah bikin avatarnya jalan lambat,positif,negatif
3,parfoma ping buruk mohon baik,netral,negatif
3,dont have money eye pls only want make shirt shirt why need pay robux,netral,negatif
5,jelek game bocil,positif,negatif
3,leave game roblox join auto,netral,negatif
3,gamenya bagus suka neg hapus chat alam virtual umur komunikasi orang mohon hapus atur biar anak anak komunikasi orang bintang atur saya neg suka bintang mohon roblox hilang atur,netral,positif
3,mohon maaf karana anak usia bisa neg voice chat memeberi ulas bintang tarik bisa neg voice chat,netral,positif
1,pokok nya,negatif,positif
5,roblox dah kek out,positif,negatif
3,mohon ubah update,netral,positif
5,guys hilangngin chat roblox david neg basucki mad cald man panggil aja,positif,negatif
3,udh tani dri tpi minus,netral,positif
5,baccon hama,positif,negatif
3,bagus sih main nya main main roblox aplikasi roblox eror jugaa wifi full loh,netral,positif
3,keren login,netral,positif
5,kecewa karna akun roblox blokir,positif,negatif
3,kasih karna pas main game sengaja neg uninstal pas main pake akun pas bisa neg lihat orang gitu pas main gamenya udah bagus pilih map gitu sayang lot,netral,positif
3,geme roblox kreatif banget seru banget classic face hapus chat batas ganti tolong roblox balikin kayak biar seru,netral,positif
5,sampah,positif,negatif
2,liar,negatif,positif
3,dikit upgrade mulu,netral,negatif
1,bagus masuk maaf bntg,negatif,positif
5,kali updatenya,positif,negatif
3,bagus kasih aja akun kena hack tolong baik akun plese uda benerin kasih bintang akun aliabdil,netral,positif
5,benar nya udah main ngeleg banget hapus,positif,negatif
3,seru neg,netral,negatif
1,suka ngelag nya full,negatif,positif
4,mau neg bintang chat nya gaada plis milik roblox kembali chat kami,positif,negatif
3,game nya seru sih tpi kadang ngeleg tpi sukak game nya krna avatar gratis nya lucu lucu bgt tpi sayang update trus klo nya gbisa main,netral,positif
3,gameny bagus cuman map ngeleg parah diupdate mles main ngabisin kuota memori,netral,positif
3,peduli,netral,positif
3,upgrade aplikasi hapus,netral,negatif
3,gamenya bagus cuman ngelag aja game nya pas wifi kenceng tolong baik,netral,positif
3,please fix white screen lobby kept getting stuck lobby white screen just profile only,netral,negatif
5,banyak ngeleg,positif,negatif
3,enak sih harga robux mahal barang barang chat dah trusted apa bisa neg ngechat mas ngembok,netral,positif
3,bagus bisa neg ngechat,netral,positif
4,ada neg chat susah ngomong ama player,positif,negatif
1,gamenya sih bagus minus main game roblox mental main game aplikasi lai,negatif,positif
1,jeleekkkkkkkkkkkkkkk,negatif,positif
1,coba,negatif,positif
2,suka game aplikasi masuk map nya diskonek tau knp tolong baik sepenuh lancar,negatif,positif
3,seru bosen,netral,negatif
2,ngak rambut baju gratis bagus,negatif,positif
1,mantap,negatif,positif
1,robox di neg main,negatif,positif
3,game jelas neg gua ganti umur aja gabisa gua udah aneh,netral,negatif
5,map lag koneksi lancar,positif,negatif
3,jujur game udah bagus map mantabb seru dll minus nya banyak update minggu update muluuu,netral,positif
1,downtown roblox nya langsung main dds ngelak,negatif,positif
5,akeh update tah iki titik titik update,positif,negatif
1,bagus,negatif,positif
3,bagus sihh gabisa chat udah coba kali lohh gimana sih verifikasi umur maap polos,netral,positif
5,jelek,positif,negatif
3,kembali chat,netral,negatif
3,game nya verivikasi age nya ngeselin,netral,negatif
3,game gampang ngecrash,netral,negatif
1,the application always bug and the developer never make good anti cheat good,negatif,positif
5,tolong kembali fitur chat,positif,negatif
5,balik akun roblox masa bisa neg main roblox,positif,negatif
4,klo gabung server privat udah jam nunggu,positif,negatif
3,developer tolong player aplikasi cheater tolong ban muak ketemu player cheat mohon tindak lanjut terima kasih,netral,negatif
3,game udah brainrot roblox dibiarin hapus bisa neg chat tolong baik kayak,netral,negatif
3,lumayan upgrade voist suara terverivikasi,netral,positif
1,gamenya seru pls kasih fitur offine main gamenya gabisa mabar moga baca,negatif,positif
3,game nya baguss mabar sayang terkadang kalo chat bareng temen teks suka sensor batas oke sapa harap roblox baik yaa,netral,positif
5,cepat download nya bujang,positif,negatif
5,buruk jelek burik bagus neg game buruk dunia,positif,negatif
3,gamemya bagus suka disconect,netral,positif
5,murahin item shop roblox pls basuki granpa item mahal mahal mampu neg beli pls,positif,negatif
4,unduh game fomo ama temenku,positif,negatif
3,lumayan,netral,positif
3,seru banget gabisa chat tan,netral,positif
3,nya jelas neg tau umur umur,netral,negatif
3,gamenya bagus loadingnya cepetin suka roblox,netral,positif
3,bagus sih chat good but can chat,netral,positif
5,roblok hati kaki,positif,negatif
3,wish there was off button the settings not buy items accidentally pressed the buy button,netral,negatif
5,game nya sih ngelag gara neg gara game nya udah panas nya ngelag salah neg game nya,positif,negatif
4,chat clasik fase hilang ganti makeup,positif,negatif
1,game bagus ajar virtual imajinasi jarang main karna rating,negatif,positif
4,game seru neg gara fitur chat hapus,positif,negatif
1,gila game suka pas main,negatif,positif
3,lumayan bagus,netral,positif
3,like this game but why knapa pas log neg slalu upgrade kalo rajin login harus neg upgrade trs kadang kalo suruh upgrade tungguin pas buka suruh upgrade again pdahal wifi lancar jaya,netral,negatif
1,game bagus neg bisa neg ngechat kalo ngechat enak main,negatif,positif
2,seru bisa neg interaksi,negatif,positif
5,game baik sampah roblox jempol,positif,negatif
2,game bagus dunia kagak chat benci roblox aka kasih rating,negatif,positif
3,seru main main,netral,positif
1,bagus,negatif,positif
3,sinyal game nya jelek game loh,netral,negatif
5,kalo update bisa neg,positif,negatif
3,gamenya bagus cuman chatan suruh apdet lambat cepat apdet nya nya bikin emosi,netral,positif
3,permainnan nya sungguhh tpii uras data terimakasih,netral,positif
2,hihihi seru hihi seru enak bener beneran bikin film google hibur anak anak enak banget enak gamenya main game roblox developer hati hati moga developer bikin oke bagus,negatif,positif
2,seru,negatif,positif
3,report tanggap biarin dongo cheater tolol,netral,negatif
1,roblox please kembaliin chat,negatif,positif
4,kasih rating fist talon kikir kasih secret min bilangin talon,positif,negatif
5,tdak ter update,positif,negatif
3,lag pasang wifi aman,netral,negatif
3,game nyeselin chat,netral,negatif
5,gimana neg gimana seru log bikini kesima,positif,negatif
2,eror sinyal wifi nya bagus,negatif,positif
3,suka chat,netral,positif
3,kaga chat malas,netral,negatif
3,game nya asik sih koneksi putus wifi ada neg eror nih knp dimainin oflline ,netral,positif
5,seru bosen,positif,negatif
4,roblox tolong ban para orang scripter hacker risih hadir tolong roblox update fitur ban scripter hacker,positif,negatif
3,seru,netral,positif
1,bagussss,negatif,positif
4,karna bisa neg voice chat bawah umur,positif,negatif
3,there are chat again,netral,negatif
3,ngebug oke bagus depan server fitur,netral,positif
4,karna bisa neg ngechat,positif,negatif
5,bisa neg chat anjirr gua ngechat tmn bisaa tpi lumayan yaakkk,positif,negatif
1,tolong game teman nyangkokot main tanda tulis mohon maaf bayar juta puluh gitu,negatif,positif
2,payb,negatif,positif
1,ngomong kasar,negatif,positif
3,terlalu neg bagus karna chat nya kelompok usia,netral,positif
5,seriously banget chat hapus afk disconcerting,positif,negatif
4,update baru busuk banget seru pilih,positif,negatif
3,game bagus sih bikin data cepet abis,netral,positif
4,gampang nge bug,positif,negatif
4,tau neg roblox bisa neg main kecewa,positif,negatif
1,game seru bngt ajar game roblox,negatif,positif
3,update memo penuh woi seru,netral,positif
1,bagus,negatif,positif
1,geme nya bagus kayak gin sih,negatif,positif
3,quite buggy but quite fun but unfortunately can talk friends,netral,negatif
3,game bagus sumpah atur nya ketat ngebug banget voice chat aja udah diperingatin suara kek bocil umur langsung dah mute voice chat tolong baik bug join ulang experience ngeselin banget join tolong benar main experience berat suka gameplay pause grafik bagus bagus aja wifi bagus suka ngejeda mulu ganggu,netral,negatif
1,bagus,negatif,positif
1,main seru neg seru frre flayer main beli robux aja haru kalo ribu aja udh dapet diamond,negatif,positif
4,game nya kalok kalang pas main game kesal,positif,negatif
2,gamenya bagus bikin malas main batas usia verif umur,negatif,positif
5,apaaan sihh geme nyaaaaa gelehhh mainn tapi upgrade main upgrade gimana beli robux ilangg dongg mohon main neg game jelekk  tolong baik ini,positif,negatif
3,classic face hapus,netral,negatif
3,aplikasi meboleh neg chat situ bintang,netral,negatif
1,main suka curi,negatif,positif
4,balikin chat nya asuuuuuuuu,positif,negatif
3,seru banget,netral,positif
1, x   s ,negatif,positif
3,update nya jelek,netral,negatif
1,pas downlod jaring nya bagus loh,negatif,positif
5,kembali chat,positif,negatif
4,update mulu,positif,negatif
1,kembaliin roblox dlu,negatif,positif
1,gemnya bagus sih pliss udahan neg nya seru gemnya,negatif,positif
4,plissss kembali chattt,positif,negatif
2,saran tim kembang harap buka akses komunikasi suara anak dar neg komunikasi teks usia dapat neg tulis pesan,negatif,positif
5,bagus kecuali face nya tolong balikin classic face tolong ganti bikin shirt bikin gratis updatenya buruk banget bisa neg bikin shirt,positif,negatif
1,gasuka,negatif,positif
3,tolong kembali roblox roblox scripter hacker ganggu player,netral,negatif
5,blokir soal neg trool pukul bantu pukul plis blokir,positif,negatif
5,ora ana chat tulung bales wae bodho,positif,negatif
5,mod jugaa neg,positif,negatif
3,saga meyennag,netral,positif
2,gamenya bagus tolong kasih item gratis,negatif,positif
3,update bodoh banget,netral,negatif
3,gema bayak,netral,positif
5,multi billion dollar company mampu neg hilang scripter cheater sengaja boleh aplikasi bug lag age check error age group bantu neg sebenernya arah mana nyaping lebar baik sama singkat mudah gilak susah bodo cepat jir ngurusin gituan lag jaring jir,positif,negatif
3,game nya seru banyak neg updet,netral,positif
3,tolong roblox batasin chat umur fitur menggangu teman roblox usia gabisa chat tolong baik batas umur,netral,negatif
3,game nya bagus tolong game epik off road tambah mode malam sore pagi map lupa neg kasih agama kristen islam nuansa desa kota upd game epik off road,netral,positif
4,roblox pleaseee bring back classic faces and chats just use age verification voice chats not regular chats pleaseee begging youuu,positif,negatif
5,hilang bug,positif,negatif
5,game nya bikin neg bosen bocil,positif,negatif
2,protesss,negatif,positif
3,jaman roblox black hole ngehapus fitur chat klasik fase item gratis,netral,negatif
1,gaada aitem gratis toko,negatif,positif
3,gamenya ngelag,netral,negatif
4,tried joining some game but just gave error code everytime fix please can even play,positif,negatif
3,lag strip biru,netral,negatif
4,gwe ngomong temen susah woii susahhh meds diem ngerti neg pls woiii balikinn chat nyaaaaa ped ped tuh ban ajig ngapain biarin oon,positif,negatif
3,game nya bagus pilih masuk tulis disconnect wifi jaring nya bagus tolong baik bug,netral,positif
5,game nya seru mabar teman bisa neg chat fitur nya hilang verifikasi muka ktp males bangettt,positif,negatif
4,bisa neg chat bebas ngobrol teman akuu tolong baik ngobrol bebas temen,positif,negatif
2,game nya bagus udh dapet robak sush nyari nya ,negatif,positif
1,this shuck switching minecraft,negatif,positif
5,game aneh game bgo game jelek game jelek gue masuk udh band gjls bgt nih game,positif,negatif
3,geme batas,netral,negatif
3,dang you youre getting three,netral,negatif
3,love this game but there many bug found,netral,positif
3,ng lag asik mabar,netral,negatif
3,puas sensor batas chat sesuai umur sulit teman interaksi orang global,netral,negatif
4,bida neg chat,positif,negatif
3,gamenya bagus sihh suka neg ssama update verivikasi umur harus scan wajah nya akun bisa neg chat,netral,positif
3,main maksud cokk tur chat plis usah neg upgrade plis kls loh,netral,negatif
5,tau neg inti bagu,positif,negatif
2,suka,negatif,positif
3,nya chat lol,netral,negatif
3,suka main malam kesal petir hari mati sambar petir,netral,positif
5,dapet neg robux gerat ,positif,negatif
5,gamenya update neg kadang penuh,positif,negatif
3,game bagus tolong banned orang curang ganggu game tolong baik bug kasih bintang,netral,positif
3,geme lumayan cari game nya capek tetep suka,netral,positif
3,gimana sinyal bagus lag lag sinyal nya anjirr,netral,negatif
3,bug gabisa masuk roblox sinyal bagus,netral,negatif
1,benned,negatif,positif
5,gamenya bagus main sayang bisa neg bikin afatar nya jelek pake robux semang neg adek sepupu kecewa ama main bilang dulu neg blokkir roblox mengkali mas main mau neg main,positif,negatif
4,game bagus neg bisa neg chat kesel knp roblox bisa neg dimainin anak usia bawah banyak bocil mainin game ada neg bocil kembang neg game kalo salah cakap dimaafin,positif,negatif
5,akun satu pake script jujur,positif,negatif
5,bro roblox verifikasi kecewa main,positif,negatif
3,jelek banget ngelek,netral,negatif
3,udh bisa neg chat lgi,netral,negatif
3,woi roblox balikin fitur kau apus,netral,negatif
1,game keren,negatif,positif
2,robak,negatif,positif
3,bagus sih wifi atauga paket tuh bagus cocok main ngeleg parah aplikasi normal,netral,positif
3,seru dapet bnyak temen online pokok nya bikin neg bosen deh knra skali map mainin minus nya atur suka neg,netral,positif
3,senang sayang perlu neg kali kali update ngebug neg buat neg anak anak candu main game ,netral,positif
1,pas main roblox nya aplikasi,negatif,positif
2,great for friends,negatif,positif
3,sumpah terlalu neg update woi gin memori cepet habis,netral,negatif
4,game bagus sinyal ngelek banget main teka teki ngeleknya sempet gara gara ngelek bintang ,positif,negatif
5,plis kalo main tuh tulis dapat neg hubung periksa internet tuh gitu wifi nya lancar banget lho,positif,negatif
5,fitur chat sehrsnya tida nonaktif dgn tdk umur,positif,negatif
3,roblox seru ngga bagus ngga mic chat,netral,positif
3,seru sih ngelag pas main wifi nya kenapa neg napa aman bgt ngelag jdnya sebel roblox,netral,positif
3,game nya bagus cuman bug gitu suka main evade blade ball lain seru banget cuman bug update gjls update nya jlk suka game nya update neg nya,netral,positif
2,suka ngebug wifi lancar,negatif,positif
3,asik main oembatasan usia bisa neg chating open mic beda umur main komunikasi teman group muncul gbok bgaimana kerjasama main muncul gembok chat,netral,negatif
4,bisa neg main block fruits main block fruits layar gelap akibat bisa neg masuk game,positif,negatif
3,there are lots games but there are also lots people who cheat bully gay lesbians date but are still underage there are lots frauds that are not suitable for children,netral,negatif
3,bisa neg voice chat klo bwah umur bkin resahh pdhl klo tahu ajar tinggal blokir,netral,negatif
2,aplikasi suka cuman kalo gitu kelupas gitu main kasi nya,negatif,positif
1,roblok plenger yah,negatif,positif
5,gemesnya jelas neg,positif,negatif
3,gamenya seru sih bikin rating bintang karna chat nya verifikasi tau balik chatnya blokir verifikasi blokir chat nya tuh kayak orang kenal neg kayak gitu blokir orang suka nanyain rumah nya mana alamat mana lokasi nya mana umur tuh blokir tuju nih neg,netral,positif
3,roblox tolong dongg buat map ngemis sihh udah tekan suka neg game nya muncul teruss contoh main game tower sungai udah klik suka neg game muncul tanda ngemis nama tolong banned aja map cocok neg makasih,netral,positif
4,tolong balikin chat nya bisa neg chatan teman,positif,negatif
4,update chat tipu pake muka,positif,negatif
5,susah username digagalin mlu,positif,negatif
1,bagus,negatif,positif
3,ramah neg update,netral,negatif
4,plis developer chat,positif,negatif
3,usaha gede kalah scripter cheater bebas liar anti cheatnya rasa lemah banget kayak formalitas harga aksesoris goreng mikirin duit ngebenerin utama bikin gameplay fair neg tambah respon lapor player lambat jelas neg game improve roblox,netral,negatif
3,game lumayan bagus mnurut pilihanya banget,netral,positif
3,roblox bisa neg ngitung beli barang nya robux robux cuman,netral,positif
5,cepet dapet temen bisa neg chat ,positif,negatif
3,seru update nya ngak karna developer kikir nama david bazookaa,netral,positif
5,ajing gua nya luarbiasa ngelek gua coba samaaja,positif,negatif
3,game bagus chat balikin kasi bintang,netral,positif
3,bagus seru kalo nge update kalo mau neg nge update update main,netral,positif
5,plis roblox kembali chat,positif,negatif
3,kecewa bisa neg chat teman karna beda umur chat roblox,netral,negatif
3,ngeleg mulu banyak updatenya,netral,negatif
3,kalo verifikasi pake neg roblox bikin plc takut salah habis coba kalo verifikasi ulang verifikasi nya pake terlalu neg guna passport sim dll tolong ubah yaa,netral,negatif
4,kamera kadang kamera diri susah ngaturnya,positif,negatif
5,game burik bagus,positif,negatif
3,kalo pilih server pisah asia eropa dll biar tinggi neg pingnya,netral,negatif
1,bagus gamenya tolong udah laporin orang pake cheat ke neg ban nya fly ngerusak akun,negatif,positif
1,bintang game nya seru,negatif,positif
3,game bgus update nya agk lain,netral,positif
3,game nya bagus kalok main kadang cipta robblox tolong turunin nya pliss,netral,positif
1,lemottt bangett,negatif,positif
1,nge lag trus upgradenya banget,negatif,positif
1,seruuuuuu bgt,negatif,positif
1,chat seru,negatif,positif
2,seru sih sinyal nya susah,negatif,positif
1,maaf developer coba bilang buat game freadbear mega roleplay roblox interetc kepala endo udah langsung usah neg ngelewati tantang,negatif,positif
5,update nya ngotak neg,positif,negatif
3,buruk neg map patah bug kali jaring nya udah stabil tpi aja gitu mohon baik,netral,negatif
1,bintang,negatif,positif
3,bagus bisa neg chat orang,netral,positif
3,game senang game lag,netral,positif
5,tolong kembali akun nama arot arorot akun bisa neg masuk,positif,negatif
5,keren orang bilang game jelek game roblox bisa neg chat verifikasi biar chat orang sus game avatar gratis hacker ngerusak game game resah roblox,positif,negatif
4,karna ada neg vitur chat,positif,negatif
3,gamenya hibur mamiliki pilih bosan neg akhir update nya tarik bosan,netral,positif
1,elek kencer,negatif,positif
1,ijin anak msh maen roblox belanja klik aja saldo gopay potong knp transaksi pakai gopay tdk konfirmasi pin terimakasih ,negatif,positif
2,lumayan sayang mes,negatif,positif
4,classic face hapuss anjirr,positif,negatif
1,grafis,negatif,positif
5,game nya lag curang kesel dehh,positif,negatif
1,komentar game suka sih game nya grafik bagus suka bisa neg chatting chatting kayak kali main roblox dah segitu aja,negatif,positif
4,game ngeleg,positif,negatif
5,kembali chat woii blox fruit bareng bocil abg abb,positif,negatif
1,recomendasi neg game orang suka ngobrol adi bilang halo nak ban,negatif,positif
1,main senang,negatif,positif
1,harga item nya,negatif,positif
3,cet,netral,negatif
1,bagus banget,negatif,positif
3,roblox seru update chat batas rela ngehapus item fitur makeup kangen era roblox,netral,positif
3,goblox,netral,negatif
1,banget syarat kalo beli robux chat,negatif,positif
3,geravik bagus,netral,positif
4,masuk bisa neg gamenya ,positif,negatif
3,emang roblox seru chat gue bintang,netral,positif
1,   ,negatif,positif
4,balikin vitur chat,positif,negatif
5,benci roblox,positif,negatif
3,normal roblox kalo update hapus apk kecuali gara gara nih,netral,positif
1,gamauuu kasih bintang limas bagus apk nya chat paket verivikasi usia sudiii mahhh izinnn roblox iyaa izinnn,negatif,positif
3,nilai rena ambil kouta cepat banget main menit udah aja ambil tolong rangin aja usah neg banyak,netral,negatif
5,mengupdet roblox buka ingat update roblox,positif,negatif
5,menyusakan neg,positif,negatif
1,bagus cdid nya realistic neg,negatif,positif
3,roblox pelan pelan bunuh roblox realistis,netral,positif
5,balikin chat,positif,negatif
5,roblox asu,positif,negatif
4,marah marah roblox redmi main roblox gue benci roblox ,positif,negatif
3,roblox pake data klo jdi premium vip gratis ,netral,positif
3,pilih geme chat,netral,positif
1,sungguh senang orang kasih robax mudah apdetnya bikin main seru neg,negatif,positif
5,roblox tolong benerin gamenya masuk bilang ada neg jaring,positif,negatif
3,talon kikir seru,netral,negatif
1,tipu,negatif,positif
4,kayak gimana roblox skarang kayak seru neg bisa neg chat classic face hapus smua nya ganti classic face makeup makeupnya kagak gratis anjir seru cuman ngebosenin gitu gitu aja bye,positif,negatif
3,the game good but you can delete your chat history too much chat can cause lag very annoying and also causes lot junk accumulate your phone hopefully the chat history clearing feature will appear soon,netral,negatif
1,map roblox punya neg game playstore,negatif,positif
3,main gerak tolong developer baik atur gerak main gerak sekian terimakasih tolong developer,netral,positif
1,robux,negatif,positif
5,pls baik akun udh robux loh login enddk rugi plssss,positif,negatif
5,update neg banyak roblox ngeleg minggu udh update sampe simpan uda penuh gausah banyak classic face nya hapus make ondel ondel kah roblox pliss lahh udah hilangin chat hilang sih roblox terimakasih baca,positif,negatif
2,game nya bagus seru temen mabar masuk roblox suka salah koneksi wifi penuh masuk servernya tiba disconnected wifi baik pas upgrade gagal kasih bintang yaa,negatif,positif
3,geme nya bagus roblox tolong balikin sistem chat roblox kampung main roblox ada neg,netral,positif
1,main nya seru tpi main sesuai neg gambar suka lag padahall jaring bagus,negatif,positif
3,kasih rating karna bug trs aku map nya bagus trs kesel nya bisa neg chat,netral,positif
5,hilang boring,positif,negatif
3,tambahin chatnya broken gitu biar seru ngomongnya biar player player nampak gitu sekian terima kasih assalamualaikum warahmatullahi wabarakatuh ,netral,positif
2,seru udah di neg bolehin main roblox ,negatif,positif
3,can chat,netral,negatif
3,update gakjelas klasic face hapus udah iconic,netral,negatif
3,maaf roblox banyak update memo penuh tolong kalo game apa update neg update sih iya tolong main map dikeluarin roblox mulu tolong baik roblox bagus kasih bintang bintang,netral,positif
3,not bad,netral,positif
3,seru sih suka update pas udah hapus hame foto ruang cukup neg dana tulis kirim saran tolong update nya rangin,netral,positif
5,seruuu ribet ferivikasi,positif,negatif
3,bintang aja bagus game bintang scripter di neg ban game classic face hapus dijadiin animasi,netral,negatif
5,asik neg semenjak batas chat nya,positif,negatif
5,game burik bnyk bug udh aja males,positif,negatif
2,main nya bagus ngebak neg semenjak update game nya seru neg bisa neg chat gara gara update,negatif,positif
3,batas komunikasi susah berkomunikasih player,netral,negatif
5,main nya keran ngak chat,positif,negatif
3,roblox plis chat balikin seru neg kalo chat balikinnn,netral,negatif
3,karna roblox seru neg ngelindungi offlain gilak kau davit basuki ,netral,negatif
3,enak dimainin,netral,positif
1,main nya bagus update,negatif,positif
3,aja,netral,positif
3,bhagus tpi game lag parahh klo frame rate turunin sihh,netral,positif
3,bgus,netral,positif
3,tolong baik bug nya bisa neg masuk jaring pakai wifi lancar jaya aman sentosa keluh orang orang baca cuma neg masuk notif,netral,negatif
2,nice,negatif,positif
1,yah gem bagus main pake delta anak anak fomo,negatif,positif
5,main pas jdi killer ketar tir,positif,negatif
3,bintang karna pakai kuatanya,netral,positif
3,game nya udah bagus banget main tolong ban error apk gimana,netral,positif
5,kesini aneh update nya ,positif,negatif
4,david bazucki want ask why you are making bad updates for roblox players,positif,negatif
3,game seru,netral,positif
3,pas main blox fruit susah skill nya,netral,negatif
5,will give stars please bring back the old chat feature,positif,negatif
3,gamenya bagus tpi suka nheleg bisa neg chat roblox,netral,positif
5,butut,positif,negatif
3,lumayan geme nya pilih nya game bikin panas heker orang,netral,positif
3,seru map asik tolong fitur chat nya kembali,netral,positif
3,game udh bagus yaaa game nya suka ngebug lag seru neg,netral,positif
3,bagus bug kadang kena suspend ngomong neg ngomong kasar engga trs skrg updatenya ngobrol dngn org usia sepi gara gara update and update bikin simpan penuh sebel,netral,negatif
2,maaf roblox seru sih bug pas masuk koneksi putus mulu wifinya bug nya lag kalo bug mohon baik lagi,negatif,positif
5,gajelas gua ngapain kena ban muluk gapernah pakek scrip chester kena ban muluk monyt ngomong neg kasar publik top roblox langsung kena ban anj kali dah bikin game,positif,negatif
1,game bagus,negatif,positif
4,udah bisa neg ngechat udah batas usia,positif,negatif
3,maksud affah anjir bisa neg chat punya neg temen gweh,netral,negatif
4,bisa neg ganti grup umur salah pilih harus nya masuk grup dewasa karna dewasa sengaja neg masuk grup umur umur atas mohon hadap,positif,negatif
4,bintang aja fish kikir neg selbihnya aman,positif,negatif
3,min bisa neg maen map laen tampil map ungulan bisa neg maen sinyal bagus akhir gin mohon baik terimakasih,netral,positif
1,roblox seru,negatif,positif
3,balikin chat nya seru neg cari temen doang ceo bilang sakit ihhh jijiqq sumpilll,netral,negatif
1,kalok roblox updet neg terus updet nya kalok robux,negatif,positif
1,lumayan bagus enak,negatif,positif
3,suka game ajar apa,netral,positif
3,seru seru cmn plis balikin fitur chat balikin classic face jdi bisa neg cht cht temen classic face nya hapus,netral,negatif
1,stelah main roblox jam kurang coba percaya neg,negatif,positif
4,game nya bagus sih cuman suka neg fitur chat larang gitu bisa neg komunikasi chat kadang diprafasakan bikin kesel classic face nya udh hapus jujur muak mah udah lumayan,positif,negatif
5,game nya bagus tolong roblox ngebanned neg scripter kalo main ganggu mulu kek terbangin dll ngebalikin classic face aku neg nyesel beli face mahal hapus ganti dynamic maksud neg dynamic jelek update nya bikin ava orang jelek make duh males ngejelasin bener bener update jelek bener jelek,positif,negatif
1,kalo liat ulas saranin kalo ketemu cheater map mana di neg report nasib kaya mute,negatif,positif
2,suka nya bug,negatif,positif
1,jaring bagus roblox leg banget jaring nya,negatif,positif
2,roblox enak balikin roblox,negatif,positif
1,main nya bos,negatif,positif
1,seru aski mantap,negatif,positif
3,roblox fitur chat batasin umur tambahin item gratis kaya baju celana rambut ayo roblox baik,netral,negatif
1,pokok,negatif,positif
5,game jelek,positif,negatif
5,chat roblox mic,positif,negatif
3,upgrade,netral,positif
5,game bagus ajar bahasa inggris ulas jelek hpnya ngelage bisa neg main hahahah,positif,negatif
4,chat ada neg kasih dinta,positif,negatif
3,bintang top dana bisa neg error jelas neg,netral,negatif
1,roblox bagus sih boros kouta paket karna mau neg main roblox suka,negatif,positif
3,roblox mati ape engak panas baik roblox,netral,negatif
1,seruh,negatif,positif
3,knp upgrade trs sih lgi,netral,positif
3,suka bgt main apalgi evade minus bnyak nake bikin kesel skillissuelu trus jam ngelag mulu bawa bikin mls pdhl pen maen,netral,positif
5,cet,positif,negatif
3,suka sih pake data internet susah jarang main game nya,netral,positif
3,game orang suka kasih bintang,netral,positif
2,kasih rating dikit karna playernya jail bgt gara tampar troll gasuka trus gamenya udh ngebosenin alhamdulillah robux,negatif,positif
1,ngeleg game kasih bintang aja,negatif,positif
3,bagus sih kadang lag harga item nya mahal banget,netral,positif
1,downold,negatif,positif
3,bagus update buruk bikin kecewa berat gimana engga kecewa upd nya ngotak neg jir ciri khas roblox pudar,netral,negatif
5,game nya kaya mimek,positif,negatif
3,change mind its mid,netral,negatif
1,game nya sih bagus cuman nya gede banget,negatif,positif
4,chat ngebug map nya brainrot bosan gapapa main,positif,negatif
5,bisa neg pake kalo wifi nya kalo knp yyak,positif,negatif
3,bagus kalo donlod enga jadi bug nya,netral,positif
1,bagus,negatif,positif
3,banyak bug and lag,netral,negatif
1,sua dah suka sihh rugi kali kaliini sih rugi,negatif,positif
3,suka bgt sih bisa neg chat fake headless apus hapus adil neg,netral,positif
1,game nya bagus,negatif,positif
3,hekernya gemnya,netral,positif
3,fitur chat roblox kembali game mabar bis komen moga fitur chat roblox kembali,netral,negatif
3,apdet uras data,netral,negatif
5,tayyy neg,positif,negatif
3,kena scam roblox rugi coba baik nya kena scamnya pas beli avatar guest mohon roblox baik salah kena neg orang beli avatar moga salah roblox baik,netral,negatif
3,game nya seru muka nya update neg nya gitu muka game jelek kasih bintang muka legends nya kembali,netral,negatif
1,roblox bikin gobelok dadi,negatif,positif
3,gamenya seru mabar teman cari teman digamenya bisa neg chat classic facenya hapus ngelag ngebug tolong baik,netral,negatif
3,bgs sih tombol lompat nya tombol lompat nya tlong baik,netral,positif
3,balik chat,netral,negatif
4,bisa neg sih,positif,negatif
3,bagus sih plis update nya bagus nyiksa disconnect mulu jaring bagus isi nih kuota,netral,positif
1,game roblox seru tpi kesel klo apdete kali ngelek klo main nya,negatif,positif
4,lag bug,positif,negatif
1,game ireng,negatif,positif
5,ngebug,positif,negatif
1,game nya bagus bisa neg cher,negatif,positif
3,game nya seru update mlu simpan cukup neg pas main brookhaven ngelag mulu kesel banget moga bagus roblox maaf kalo salah ngomong,netral,positif
3,game cheater nya,netral,negatif
3,jelek server down map temen koneksi loading perbaikin jelek,netral,negatif
3,enak kurang fitur nya makeup nya aneh pakai inti oleh neg cheeter,netral,positif
5,kaya curi pangkal brainrot,positif,negatif
1,emang seru bisa neg,negatif,positif
3,fitur gangguu fitur full screen gatau aja saran ilangin aja ganggu banget,netral,negatif
3,ngelek,netral,negatif
3,game seru coba ganti karakter game dalam sayang top neg ,netral,positif
5,selamat balik btw game nya burik jelas neg bocil,positif,negatif
3,minus age check roblox sepi bosan karna fitur classic face hapus fitur make guna neg hacker safety hacker guna mod tolong fitur chat orang roblox sepi bosan,netral,negatif
5,jelek banget booong,positif,negatif
1,woi balikin chatnyaa,negatif,positif
5,huuu roblox jelek koneksi bagus disconnect kali kali huuuuuu boong,positif,negatif
4,game nya sensi banget masak ngetik bogor sensor sensor jaring bagus ganggu main kasi main story udah cape cape sampe level game rusak game rusak lumayan game nya map nya mohon baik sesuai umur harap hapus pliss kasi temen udh gede main bareng halang umur ava tolong murahin dik sah aja lai bagus kok,positif,negatif
2,udah bagus game pas update log out kasih bintang robux hilang jdi,negatif,positif
3,sungguh senang ngelag dikit ,netral,positif
1,apdet,negatif,positif
3,kasih bintang karna bisa neg chet plis,netral,positif
3,tolong baik server roblox masalah,netral,negatif
2,main baik pakai hacker delta,negatif,positif
5,roblox delta dowload ulang jaring bagus bisa neg masuk game jaring kode error mending error banned takut nya pliss banned neg maaf pake delta karna mudah farming diamonds malam hutan farming paskah farming day ituh cuman,positif,negatif
1,bagus banget,negatif,positif
3,main bagus bisa neg chat sepe rti adek dwi bisa neg chat,netral,positif
3,neng main roblox bisa neg chat izin orang tua jir lumayan,netral,positif
3,roblox seru bikin kesel tuh harga harga baju topi tolong buka chat nya thanks for,netral,positif
1,minus bintang gak,negatif,positif
1,tombol lompat nya,negatif,positif
2,bagus sih game nya pas map roblox tiba ulang,negatif,positif
3,sekarangg udaa gaa bisaaa chattt,netral,negatif
3,game nya bagus sayang banyk banget make script,netral,positif
3,akun hilang udah sampe kali hilang akun,netral,negatif
3,game nya bagus kadang kalo secret iri,netral,positif
3,bisa neg chet,netral,negatif
2,bagus gaada chat kasih bintang,negatif,positif
3,gamenya seru face classic nya ganti face dynamic,netral,positif
4,tolong pake neg update udah tau udah penuh,positif,negatif
3,turunin harga robux nya imtem mahal mahal,netral,negatif
4,bug kadang layar hitam,positif,negatif
3,karna bisa neg chat chatan,netral,negatif
3,enak magnet main roblox adaa pacar sii kirim masa,netral,positif
3,ngelag dikit,netral,negatif
3,seru lumayan,netral,positif
2,lumayan bagus,negatif,positif
3,main roblox tulis abdlad,netral,positif
3,game jelek nya brainrods,netral,negatif
3,banyak update fitur gitu gitu doang maksimal neg fungsi make roblox nothing special mas suka ngelag jelas neg jaring lancar saran sih gausah banyak update,netral,negatif
3,bocil pacar,netral,negatif
3,seru sihh tapi kadang kadang tuh suruh update tetep gabisa update udah hapus hapus apk tetep bisaa neg,netral,positif
3,roblox aneh hacker mana bug koneksi putus nya orang roblox gajelas,netral,negatif
5,hate this stupid update,positif,negatif
1,             ,negatif,positif
1,download,negatif,positif
3,rangin bintang semenjak verifikasi fitur chat gabisa ngobrol sahabat temen tuju face classic update bngt pas wifi bagus suka disconnect sih ngelag jaring bagus loh,netral,negatif
4,orang ras,positif,negatif
3,ngelek,netral,negatif
4,banyak update lambat lgie,positif,negatif
3,bayak ngebug bikin kesel tolong baik roblox,netral,negatif
4,kasih update bener ajg,positif,negatif
5,roblox neg fitur chat nya ada neg syarat umur usah neg hrus foto,positif,negatif
3,bagus neg updatenya,netral,positif
4,kenapaa haruss update mau neg update akun hilang jdi stopp dehh roblox jgnn update update maless tauu sayang kalo akun hilang jgann update update dehh,positif,negatif
2,bagus bug sinyal bagus kadang tb masuk,negatif,positif
3,sering neg update plis yng versi nya aja roblox seru neg kya,netral,positif
3,game nya bagus robux ilang gaada beli item item balikin robux ganti jdi rating,netral,positif
4,lo neg balikin chat susah ngomong temen,positif,negatif
3,roblox update kon ,netral,negatif
5,game bikin bosen neg,positif,negatif
3,tolong game nya berat neg kentang,netral,positif
1,gem seru mem bitang,negatif,positif
4,bro bikin fitur guna neg,positif,negatif
3,ngelag klo maen dihp,netral,negatif
5,chattttt,positif,negatif
3,bagus cepet kadaluarsa pedahal bikin akun nya pas maret kemarin dah kadaluarsa ber ulang kali,netral,positif
3,uptade nya aneh verivikasi ribet banget ngapain classic face hapus lumayan,netral,negatif
3,game nya bagus dengerin neg mai,netral,positif
3,suka gamenya update make pdhal ciri khas roblox lego kotak suka disconnect pdhal jaring bagus top beli bayar pdhal sana tulis,netral,negatif
3,suggestion please don limit the age there are ways chat with friends different ages but you keep doing this will difficult for find friends usually you want say hello but instead you find someone sorry where did you get this how want greet the other players don know didn know that they were different ages just said and then they answered like this  please don like that and don want roblox have delta,netral,negatif
1,tipu,negatif,positif
5,game kontol,positif,negatif
3,game nya cheater tolong aman roblox ketat klo ngechat tpi nomor gitu di neg sensor ngeselin bgt,netral,negatif
2,aja game nya gabut,negatif,positif
1,game tuju blokir play store amin,negatif,positif
3,karna game nya bokpe,netral,positif
3,udh apdet kog gkda logo baju acc siiiiiiiiiii burig,netral,negatif
3,aja,netral,positif
3,update neg mulu sih gada beda nya juga,netral,negatif
3,seru tpi chat balikin chatny,netral,positif
5,di neg dowload game hama,positif,negatif
5,update nya gimana,positif,negatif
1,burik,negatif,positif
3,classic face hapus fitur makeup,netral,negatif
5,mohon chatnya fertivikasi wajah mohon owner kembali,positif,negatif
3,update mulu,netral,negatif
3,gem nya bagus kurang bikin panas coba aja atur grafik,netral,positif
4,semenjak update umur nya beda bisa neg komunikasi teman,positif,negatif
5,game populer neg populer anak bawah umur akun blokir,positif,negatif
3,game seru banget seru sih seru main jatuh ganggu player kesal ken robux langgan premium bikin server private harap robux aamin,netral,positif
3,sebenernya nya bagus chatnya hapus indua bintang,netral,positif
4,kasih karna guna bayar shirt gratis shirt leluasa kreatif bisa neg suka suka karna shirt gratis gratis bisa neg kasih bintang kalo,positif,negatif
3,game keren suka main roblox kalo pakai ibu game roblox seru suka main roblox game grow garden tempur legendaris battle slap terkadang game bisa neg dimainin roblox baik terkadang salah pikir game roblox buat sedih ulang ulas,netral,positif
3,game seru knp suka lag klo lgi hias ava brookhaven jaring lancar bikin kesel banget tolong baik roblox lancar biar lgi main ngelag jaring lancar,netral,positif
1,bagus gamenya kebnyakan apdet truss jdi seruu neg trus main roblox cepet ngehabisin koutaa,negatif,positif
5,sseeruu bbangett batas umur paksa henti karna bisa neg komen,positif,negatif
1,gamenya keren,negatif,positif
2,good game but the updates are getting worse btw chat roblox,negatif,positif
5,tinggal kesalahna sambung kasih bintang deh mohon baik bug nya roblox bisa neg main gimana sih aneh banget udah pusing sampe tinggal tekan coba mohon roblox baik tolong roblox bisa neg main mohon baik ya bisa neg chat orang banget coy tolong roblox kasih pesan chat toxic ganti bicara hello gitu kek,positif,negatif
4,karna nya lag leave,positif,negatif
3,game gimana sihh dikit update dikit update game diuninstal,netral,negatif
1,marahal,negatif,positif
3,elor,netral,positif
5,update,positif,negatif
1,game seru neg server nya,negatif,positif
1,main nya bagus tolong baik ada neg bug saaat wifi bagus nge bug,negatif,positif
3,suka mai roblox cuman kadang malesin dowload apdet males kadang lot aneh tuh roblox bagus untung untung kasih bintang engga dah apdet hapus main udah hapus selesai ulang melessss banget yaudah aja sampai moga baca tuh roblox byee,netral,positif
1,nya roblox game neg kasih bintang,negatif,positif
3,bisa neg masuk map nya jing masuk map nya suruh dah sumpah batalin puasa sumpah,netral,negatif
3,bagus bisa neg masuk server wifi bagus jaring bagus update muas,netral,positif
4,game seru chatnya classic face classic shirtnya bebayar hilang kayak game roblox hilang karakteristik,positif,negatif
3,map nya seru kalai update nya sering neg ubah update neg mulu,netral,positif
5,tolong kembali,positif,negatif
1,game nya bagus cuman nya roblox bisa neg chat umur nya bisa neg chat moga chat ,negatif,positif
1,hapus game sayang,negatif,positif
5,delta delta nya rusak ngebug pakai neg delta game nya asik bosen bosen neg main game jam jam ,positif,negatif
3,iya mainny seru bgt game game virall seru bgt kya grow garden brookhaven dandy world dll seru neg gabisa chat pake umur bilang gasuka main tambahin fitur chat minimal gabis amain district keras chat dibatasin server map halang bgt atur,netral,positif
1,maaf ava zepeto ajar ava bacon,negatif,positif
3,game nya bagus udah bisa neg cht game,netral,positif
3,bagusih apdedya berat,netral,positif
4,seru yaa seru bgt update tuh bgs bgt free item gapunya acorn bacon item free hapus plus jelas neg updatenya update makeup free item hps aneh bgt deh pkoknya tpi seru cmn bug main tuh pdhl wifi aman ngelag neg tlg hps bug gbs main kirain ckp neg memori pdhl ckup tlg hps bug updatenya bner jgn asal kurang main mampus loh,positif,negatif
3,seru sebenernya map dimainin kesel buka suruh upgrade muluu,netral,positif
5,plis tambahin classic face chat,positif,negatif
3,tolong kalo main bug neg roblox ken bug neg kaya,netral,positif
5,batas umur beban nya pakai ktp tetep terima neg,positif,negatif
2,bagus sih pas mainin mati nyala pas main bebe rapa jam nge crash kasih bintang,negatif,positif
3,this game sick,netral,negatif
2,baguss sih mainin roblox nya suruh upgrade trus memo penuh trus kalo upgrade suruh hpus apk,negatif,positif
2,game nya bagus knp chat hapus,negatif,positif
2,seru game suka patah jaring bagus player suka henti kuota pakai wifi bintang,negatif,positif
4,cuman nyebelin pas loncat pencet neg tombol loncat cuman bikin kasih bintang,positif,negatif
5,bisa neg like main item kluar neg,positif,negatif
1,maaf salah,negatif,positif
5,hohoho game burok,positif,negatif
4,kecewa update roblox mana classic face udah dihapu neng pakai avatar make classic face ciri khas nya roblox hapus sekarangg,positif,negatif
3,game bagus bisa neg chat tolong kembali chat nya iya tolong baik,netral,positif
5,roblox maaf matt kaufman hapus chat rubah tampil wajah klasik face,positif,negatif
3,game nya seru avatar lucu game mabar temen pokok gamenya seru tolong kurang bug masuk map tiba,netral,positif
3,bro roblox stop hapus chat balikin chat dluuuuuu,netral,negatif
1,roblox karna menganggu gara game roblox anak ajar mohon blokir aja akun biar download roblox,negatif,positif
2,bagus banget tahan kasih main bikin pintar anak,negatif,positif
3,bagus chat nya batasin face clasik nya hapus makeup anehhh,netral,positif
3,seru kayak gimana lot seru,netral,positif
3,aneh bjirr apus app dri,netral,negatif
2,bagus map nya bagus bagus pas update gabisa udah beberapakali coba jaring bagus aja gmn,negatif,positif
5,gem pake delta pakai delta nya tuh band orang orang salah kayak jailin main map sad usaha pake delta heckernya band kecuali incomu dengar incomu nyelametin roblox band gara heker,positif,negatif
3,bring back chat and classic face please contain much memories,netral,negatif
5,seru ngeleg makasih udah game seru jelek ada neg tolol,positif,negatif
3,seru banget seru neg bisa neg ngechat,netral,positif
3,kalo tolong bikin roblox game offline biar rame,netral,positif
5,udah rating bintang suruh lagi,positif,negatif
1,koneksi bagus lag,negatif,positif
1,aja hapus,negatif,positif
5,bikin anak bodoh kosentrasi,positif,negatif
5,akun ilang sultan ava aksesoris rambut cena baju sedih karna kasi bintang akun,positif,negatif
3,woilah jan update mulu napa,netral,negatif
5,update asw ngebatasin lingkung main anak remaja malas nge kerjain orang server isi anak remaja ngebuat chat gembok asw,positif,negatif
3,banget sih update banyak ngebug jujur kesel,netral,negatif
3,pls jng update baru kentang kasihan gua,netral,positif
4,robox bisa neg chat temenku mabar pake whatsapp slalu mati mati klo main ganggu sih tpi gimana maaf bintang turunin satu,positif,negatif
3,lumayan main,netral,positif
4,barang beli ratus robax hilang hilang,positif,negatif
3,update mulu,netral,negatif
3,hacker banyak,netral,negatif
4,tarik ada neg update muslim tolong keluarin apdate muslim plisss,positif,negatif
2,bagus banyak baru malas baru,negatif,positif
3,ngelag grafik nya lumayan,netral,positif
5,lapor harga barang username dirandrazareen semuanyaa harganyaa mahal banget tolong turun aju banding bisa neg tolong banget,positif,negatif
3,main kalo gbt aja,netral,positif
2,escape tsunami from brainrots judi taruh,negatif,positif
3,bagusss sih suka ngeleggg,netral,positif
3,chat,netral,negatif
3,roblox bagus game nya percuma neg robux hilang robux balikin beli karakter mini plush mahal loh uang hilang tolong adain fitur balikin berobux robux nya kembaliin milik nya kalo fitur nya fix pensi kalo gitu bintang aja cocok tuh udah kesel banget mau neg tau adain fitur nya titik,netral,negatif
3,game nya seru game nya game nya suka ngeelek gkk,netral,positif
4,kasih bintang login pas udah update gimana,positif,negatif
3,enak banget game nya karna bosanin neg game nya seru seru kreasik avatar pokok nya seru tolong server nya wifi ngelag neg aja yah tolong baik,netral,positif
3,game disconnected bintang,netral,positif
5,enak neg samsek,positif,negatif
1,suki,negatif,positif
2,admin tolong game makan dunia tolong hapus bikin stress,negatif,positif
4,roblox sih update buruk buruk ini,positif,negatif
2,game meyenangkan robak di neg kasih gratis,negatif,positif
3,game hama kalo login eror salah koneksi pdahal wifi lancar lancar aja,netral,negatif
3,tulisanya meso,netral,positif
5,jelek,positif,negatif
1,game nya bagus banget rekomen bangey,negatif,positif
3,seruu boros,netral,positif
5,bilang roblox jelek abis ngeliat komen nya ngomong gin map roblox ngelag kentang dasar main sakuradajal,positif,negatif
3,serusi liat cht org fibatasin umur nya,netral,positif
4,gamenya banget mohon fix bugnya banget bikin ngeselin pental mulu,positif,negatif
5,tolong sistem ketat pakai delta script please tighten the system many people use delta scripts third parties,positif,negatif
5,hhm guys clasic face roblox chat roblox hilang kalo pake chat gapapa face roblox gabisa karena neg david bazooki orang kerja roblox uda banned,positif,negatif
3,scripter aman ketat neg langsung neg ban scripter pokok nya pake script kasta rendah,netral,negatif
3,bagus kurang peribadi,netral,positif
1,terima kasih memnuat game,negatif,positif
3,jujur main game nya bagus asik burik asik se neg asik gegara player nya pensi sistem nya beda bring roblox old back,netral,negatif
1,gamenya bagus bisa neg chat teman update bagus neg,negatif,positif
3,bug sinyal oke masuk aplikasi kadang kadang login ulang sinyal sinyal lancar loh baik capek gin terus,netral,negatif
3,come back chat game nya come,netral,negatif
1,game seru pilih map grow garden evade tower dll kerna kasih bintang ikan lele main petak umpet dasar game kotak,negatif,positif
3,dah jelek masak skrg muka kepala campur game lol chat,netral,negatif
2,gamenya bagus iklan verifikasi muka tipu anak anak gambar kumis tambah brookhaven nya verifikasi neg anak anak situ sus,negatif,positif
1,turun,negatif,positif
3,game nya seru sampe kesel banget ken ngasih reting ngeluh admin game nya,netral,positif
5,bagus game mes nya scnya susah sapetin mancing mega naik neg magma nak neg cursed kraken naik neg hadeh,positif,negatif
5,plis roblox gimana yah main blox fruit layar nya hitam bisa neg main gamenya,positif,negatif
5,why does there have age verification,positif,negatif
5,boleh neg main,positif,negatif
3,platform luarbiasa cari server area player sulit ada neg tunjuk server hadap player server area banyak player server ping internet perangkat bagus,netral,negatif
2,game bagus suka bgt tolong server roblox ngelag gameplay udh bagus bgt tolong baik ,negatif,positif
4,sebenernya bgus tpi skrng bnyk pake delta script jdi ganggu,positif,negatif
5,main game and dapet temen cowo udh main kali yap dijadiin backburner bener bener nang cuman gara gara anak roblox dang that kinda hurts tho gapapa sayang,positif,negatif
5,hahaha lucu kon,positif,negatif
3,kalo ngechat verifikasi digunain males mainin chat chatan bebas,netral,negatif
3,dah update chatnya cepat,netral,negatif
3,suka sih mending batas neg chat nya enak kalo ngomong map map orang jahil troll asik kalo map brookhaven sih chat bebas mending di neg batas,netral,positif
3,suka gara gara update ngechat suka nya seruu,netral,positif
5,game kek ajg banned,positif,negatif
4,maaf kasih bintang verikasi pakai sim gua di neg bolehin gua plis apa kayak wajah orang tua kalo verikasi plis ganti kayak gitu,positif,negatif
5,main game langsung kena ban laku neg curang,positif,negatif
3,game bagus sih sound gua kasih,netral,positif
5,burikkk bgt,positif,negatif
4,block nyebelin,positif,negatif
3,render sinyal bagus file nya sih mohon cepat render nya,netral,negatif
3,lumayan,netral,positif
4,bisa neg ngechat,positif,negatif
3,game nya seru sih eror,netral,positif
5,roblox mohon hapus neg classic face classic shirt tuju neg update tuju neg update classic face classic shirt ciri khas roblox tahan malah neg hapus mohon besar hapus neg item terimakasih,positif,negatif
4,lucu ngelag banget sebel,positif,negatif
3,the game really good but because always updating starting dislike,netral,positif
3,ngelag,netral,negatif
3,error anj,netral,negatif
3,main lot patah patah saran,netral,negatif
1,jaring bagus tetep aja ngelag,negatif,positif
4,tolong baik pulih email kirim neg kode otp,positif,negatif
3,suka game suka neg aja fitur fitur jelas neg,netral,negatif
1,game nya bagus ada neg robux gratis,negatif,positif
1,game dongoooo,negatif,positif
5,pas chat roblox bisa neg perintah tolong baik chat nya,positif,negatif
4,umur bisa neg chat,positif,negatif
5,main neg roblox,positif,negatif
3,bngt neg sumpil malam isi robux pas pagi robux ilang pdhl beli neg apa,netral,negatif
3,pls knp apdate kalo bikin shirt bayar robux padahal shirt doang loh,netral,negatif
1,game game game,negatif,positif
3,gimanasih orang masukin pasword,netral,negatif
2,please kalo main bug neg kek gitu ledak,negatif,positif
2,game nya emang bagus chat brookhaven orang sus main neg main main neg main wanita,negatif,positif
3,main tibah tibah roblox ngasi kode keluar main tolong baik main ngasi kode keluar ngeselin awas aja di neg baik reting bintang,netral,negatif
5,developer bantu kembali akun kena bayar tagih sah neg refund dana karna udah aju platform akun karna kena ban aju banding roblox aju roblox izin beli ulang robux tarik dana mohon perhati data tagih sah neg roblox username flaviaa tanggal transaksi kembali maret dana google play,positif,negatif
1,nyebelin banget,negatif,positif
5,roblox can you open message chat pleasee,positif,negatif
1,game borok pacak apo,negatif,positif
5,game keren rusak,positif,negatif
1,gem patahx kentang,negatif,positif
3,bisa neg chat alam seru,netral,positif
1,seru,negatif,positif
3,temu player sus,netral,positif
3,maaf tolong baik verifikasi chat,netral,negatif
4,semenjak chat hapus bisa neg komunikasi,positif,negatif
5,pokok nya bisa neg ninggalin roblox hari aja udah prustasi dong,positif,negatif
3,update kecewa bisa neg chat dgn orang game sepi,netral,negatif
1,jaring bagus disconnect,negatif,positif
2,bagus game nya pakai data wifi,negatif,positif
1,game nya seru neg suka ngelegg annjjjj,negatif,positif
5,game ngak gitu kasih rintang tali avatar main bola beckam putara,positif,negatif
5,ngelag,positif,negatif
5,game bagus mainin ava kurus apa beli robux bise cuamn suka sih verifikasi usia sial ngk suka orang sus suka kayak gin jijik,positif,negatif
3,server error,netral,negatif
3,serusi salah koneksi bisa neg main,netral,positif
3,bagus aja sih chat ama orang beda umur,netral,positif
2,roblox bagus neg,negatif,positif
5,knp bisa neg main roblox  hek akun gw permanen ,positif,negatif
5,tau neg roblox game lag lag tpi sampai neg dri game force close keesokanny force close tau neg pliss atas main game main force close memainkang game ayo bugg moga roblox ulas ,positif,negatif
3,dah mainin neg pas login lag parah,netral,negatif
1,bro game bagus lag mulu,negatif,positif
3,game nya bagus worth banget sih suka lag memo suka game baik sih seru add mabar teman,netral,positif
2,iya sih iya game bagus seru teman ama orang online loh fitur chatnya tolong kembali tambah verifikasi usia wajah klasik hapus nambah gaseru tolong baik,negatif,positif
3,bagus sih gamenya aktifin chat nya developer,netral,positif
3,bagusss banget skrg ngebosenin,netral,positif
4,banyak neg update minimal update kali,positif,negatif
5,gimana yah udah verfikasih usia geselin banget,positif,negatif
3,balikin fitur chatnya,netral,negatif
2,suka lag jaring bagus,negatif,positif
3,pas join temen bisa neg masuk trus pas coba aja loading,netral,negatif
3,burik,netral,positif
2,game nya bagus cuman error kadang nya parah sampe bis masuk gamenya wifi nya lancar,negatif,positif
3,ngeleg,netral,negatif
3,game nya bagus sih bikin atur aneh kayak age verification ngechat classic face tani ganti dynamic face udah bosan main roblox,netral,negatif
3,pliss kurang nya download,netral,positif
5,ngambil curi roblox gimana voice chat,positif,negatif
1,roblox seru neg,negatif,positif
5,dapat neg masuk the forge roblox kikir dasar rakus game udah nya jaman jaman legends roblox mikir kids,positif,negatif
1,there are lots cheats true but there are lots maps,negatif,positif
2,knp akun,negatif,positif
3,banyak game brainrot,netral,negatif
5,woi poke kalo bikin bner napa wifi gua lancar pas main game join dalem gabisa ngentd,positif,negatif
1,game nya enak bug layar bisa neg geser saran baik bug udah makasih,negatif,positif
3,bisa neg masuk akun,netral,negatif
3,seru main mabar bareng teman sahabat saudara,netral,positif
1,syarat,negatif,positif
3,game keren map seru seru kurang voice chatnya izin orang tua ferivikasi wajah aja komentar voice chatnya kembali hehe,netral,positif
3,coba premium gratis teman teman nonton iklan ken,netral,positif
3,akun log out abis bisa neg dipulihin temen bilang aktif akun tpi bisa neg log email ganti roblox tolong bantu nya ,netral,negatif
1,sih ngeleg nya gede,negatif,positif
1,hai roblox cepat chat kembali kasih bintang,negatif,positif
3,aja,netral,positif
5,balikin fitur chat roblox,positif,negatif
5,tolong adain fitur kembali robux fitur beli gamepass mahal pakai neg user nya ganti map suka kembali item di neg pakai bosan sang user pakai tolong,positif,negatif
3,tolong baik sistem deteksi root main,netral,negatif
3,main drag drive simulator mencet neg game,netral,positif
3,game seru tarik mabar bisa neg chat bis neg komunikasi teman terimakasih,netral,positif
4,bug enter gamau pencet lalu login code email pakai sufah memasukin email game enter bisa neg loginkan mau neg enter tolong tambahin tombol enter tombol lanjut memasukin kode pakai,positif,negatif
3,chat bisa neg main obby,netral,negatif
3,ngelag,netral,negatif
3,robloxxx emoji sensor sihhh  dll emoji gitu aja sensor asik neg bgt sumpa,netral,negatif
3,main nyah,netral,positif
4,mintak tolong voichat hilang,positif,negatif
3,kasih bintang tolong kembali roblox roblox seperti neg,netral,positif
2,seru banget gem nya murah banget nya chat nya di neg tutup,negatif,positif
3,roblox enak neg bisa neg login pakai akun akun nama nya yesaya panggil limited pliss roblox tolong bantu akun roblox kembali,netral,negatif
3,roblox nge lag mabar susah,netral,negatif
5,game gampang ngelag oke,positif,negatif
2,suka update nya ,negatif,positif
3,tau roblox kotak,netral,negatif
3,sih bagus sayang suka nge bug bisa neg join group loading lambat masuk robloxnya lma kadang hapus donlod ulng tolong baik developer roblox,netral,positif
3,game nya bagus bisa neg chat,netral,positif
4,bisa neg chat,positif,negatif
3,kadang koneksi bagus bisa neg main,netral,positif
5,emote hilang minnn masak ada neg pemabalikan robux,positif,negatif
2,gema sngt seru tpi dngn kirim pesan blh buka engga sngt susah untk komunikasi,negatif,positif
3,bagus cmn kenapaaa hilang suara temen pas open mic suara lagu map nya ilang tolong kasih tau balikin nya udh hapus download bikin akun ngaruh hmzzzz bad mood tau ihhh,netral,positif
3,update nya jelek shirt robux chat batas sepi main map pas main evade tolong liat neg chat nya akuu roblox please hapus update ganti update banyakin item gratis ohya wajah klasik roblox kembaliin wajah jelek pas pake dynamics face moga baca gamau tau pokok baca titik,netral,negatif
4,asik mabar kabisa login game udh update udh kuota masuk,positif,negatif
5,roblox dady world kasi nama oren jeruk cewek muka sprout baju shelly beda pakek baju putih kancing dang celana biru baju shelly karna celemek nya kasi foto gambar dat badan rambu maksi panjang neg yah bey bey,positif,negatif
1,keren,negatif,positif
3,main online,netral,positif
3,tolong developer kembali fitur atur fps frame second atur kali kali update fps nya ngedrop patah patah lagging koneksi bagus stabil,netral,negatif
1,suka bug,negatif,positif
4,bug baik senang bug baik item ilang kembali neg robux nya tolonng sayang robux harga item nya,positif,negatif
5,gua gabisa masuk ker robloxnya nih gimana,positif,negatif
1,good game,negatif,positif
4,lag lobby,positif,negatif
5,game jelek bug,positif,negatif
4,bisa neg komen roblox why can comment roblox cepat tanggal januari quickly say that january back dan mic hilang geram nyo akun chat face revel,positif,negatif
5,bodoamat adek onmic kaga udh verif muka,positif,negatif
5,game nya gabisa chat biarin aja komdigi mah,positif,negatif
3,please don remove roblox signature,netral,positif
3,aja,netral,positif
1,kasih bintang suka koneksi putus,negatif,positif
3,game bagus,netral,positif
1,kali main brokeven ngeleg,negatif,positif
1,bagus bgt,negatif,positif
3,good but the update that chat bad and someone age,netral,positif
4,well roblox now normal but don dare delete classic shirt gon ratting again,positif,negatif
1,forsaken,negatif,positif
1,enak unik,negatif,positif
3,gem dengar orang tagih curi uang keluarga gam kasih,netral,positif
1,gamenya,negatif,positif
3,bagus,netral,positif
2,aja,negatif,positif
1,plis roblox bagus banget download kaya udah selesai tulis fungsi neg,negatif,positif
1,tolong rangin lagnya gamenya udah bagusss lag tolong baik biar lag neg,negatif,positif
5,miss game ply with him,positif,negatif
4,bug lumayan chat bisa neg,positif,negatif
1,fish seruu,negatif,positif
4,balikin chat nya woy,positif,negatif
1,dimainin,negatif,positif
3,tombol nya kasih kecol sampe liat neg,netral,positif
5,plissss roblox kembali chat roblox plis ,positif,negatif
3,game main pindah server error code muncul pindah server mohon roblox baik alami orang alam neg terima kasih,netral,negatif
3,please optimize the ram usage for mid range devices experiencing gray screen gray characters bug where textures fail load redmi the app getting heavier and consuming too much ram after the recent update please fix the rendering issues,netral,negatif
3,lumayan,netral,positif
5,tolong harga item turun mahal mahal banget gue anak bos tambang,positif,negatif
3,seru sih fitur chat nya kembaliin,netral,positif
3,gokilnya njir,netral,positif
5,fix your game can longer log account because the update login fix,positif,negatif
3,tolong jaring server nya dibenerin dikit dikit nge lag dikit dikit patah patah dikit dikit disconect masuk game tolong baik plisss,netral,negatif
2,suka error,negatif,positif
5,plisslah buat neg update aneh aneh,positif,negatif
3,game udah seru hapus chat sih tau gitu mending usah neg main,netral,positif
1,roblox gua suara,negatif,positif
3,roblox seru kecewa karna kena batas privasi begini neg solusi anak anak anak toxic sopan neg ilah batas privasi anak main roblox sopan biar milik voice chat nya begini neg solusi kang developer moga baca,netral,positif
3,mid,netral,positif
3,lumayan,netral,positif
1,kaya komen main pake iped kaya tolong,negatif,positif
3,masuk dalam game,netral,negatif
3,yambung wifi koneksi putus,netral,negatif
4,welldone mudah neg lag frame ngefreeze,positif,negatif
1,gamenya bagus,negatif,positif
3,karna bikin game pas bisa neg masuk roblox seru mabar ulang,netral,positif
2,main map ngak bisagerak nama latih naga,negatif,positif
5,jelek banget banget topup masuk gimana btw usn,positif,negatif
3,udah bisa neg ngetik bisa ngomong game nya tetep seru sih,netral,positif
5,lag banget,positif,negatif
1,this game much bug and you,negatif,positif
1,game akses sinyal udah bagus,negatif,positif
4,bgus sih reng ava loh mahal jink,positif,negatif
1,big,negatif,positif
1,game nya bagus akun suka block ngapa neg ngapain akun sayang blok langgar neg atur ganggu mohon roblox kembali duit bisa neg kembali akun saya saran hati hati jaga akun kalo mau neg,negatif,positif
3,game nya bagus main seru tolong tim developer nya ngeleg pas main jaring bagus chatnya batasin dah gakpapa tetep enjoy,netral,positif
5,game sayandan teman akrab nge lag game,positif,negatif
5,fitur voice chat nya ada neg udah verifikasi umur email,positif,negatif
1,tolong iklan grow garden banget segera neg cepat roblox robax,negatif,positif
3,tolong baik chat nya di neg sensor mulu hilang sensor bug bagus game nya,netral,negatif
3,murahin robux kasih bintang skibidi,netral,positif
3,game nya sih chat tolong david bazucki knp hapus muka clasic liat muka dinamis nya jelek kyk org ajar bikin muka clasic bagus nya bikin make zepetot suka chat enjoy mohon aja chat balikin sumpah ama clasic clasic mana bikin roblox schlep ban nge report org sistem nya tuh tuh org salah predator kid emg roblox akh,netral,negatif
3,bagus bgt game cuman kadang grafik nya bagus terkadang ngelag bgtttt,netral,positif
1,gem bagus umur sebel,negatif,positif
1,download roblox tpi ngeleg selesai neg selesai klo download robux gimana,negatif,positif
3,gamenya bagus game,netral,positif
4,main escape duck run gagal mulu jdi dri map tolong jelas knp gitu,positif,negatif
1,adek tagih woi maen game pahala adek tahun,negatif,positif
5,game nya jelek,positif,negatif
5,update kali bgt neg terima neg face klaksik nya hapus ganti aja update nya udh seru neg bgt bete main nya bikin orang pensiun roblox,positif,negatif
3,lumayan tolong bug kayak server down lancar baik roblox,netral,positif
3,suka ngeleg,netral,positif
5,game burik usak otak,positif,negatif
1,roblox,negatif,positif
4,upload shirt mahal premium plis gratis jual shirt,positif,negatif
3,kembali chat roblox hapus avatar zepeto roblox kayak neg,netral,negatif
3,nya game bagus fitur cat classic face shirt ubah seru neg dulu,netral,negatif
1,    ,negatif,positif
3,pas login delay wifi bagus,netral,negatif
5,jelek bugf,positif,negatif
3,hai nama freya shaqeela suka main kadang update bisa neg masuk kayak salah koneksi internet wifi bagus bagus aja males nya main bikin puas,netral,positif
1,roblox game update ,negatif,positif
3,tolong klasik face nya muncul semenjak fitur make avatar tarik neg,netral,negatif
3,game nya tuh baguss bgt karna skrng fitur nama servisikat umur nya bsa neg log tuh kya hrus masukin telp email nya bsa main usn pass nya udh bener klo pergi bawa ipad log ibu bisa knp skrng bsa,netral,negatif
5,baik bug nya,positif,negatif
4,wifi lancar data lancar lag dev turut bijak bijak desah keluh game jaring jiakalau devlover baik kasih bintang,positif,negatif
3,account got chrashing,netral,negatif
1,suka main game roblox chat nya pakai ortu game ramah lingkung main ngelag panas tolong klarifikasi,negatif,positif
3,developer kuota cepat habis main roblox beli kuota main roblox menit habis kuota mohon developer pakai kouta nya banyak neg kuota kurang menit tolong kurang guna kuota,netral,negatif
4,coba chat diroblox aktif,positif,negatif
5,gabisa install kalo kasih bintang,positif,negatif
3,lumayan kalo wallhop bisa neg kadang lempar susah ,netral,positif
3,lumayan seru bikin seru neg rol,netral,positif
1,roblox ngeselin,negatif,positif
1,gem nya tantang orang dara,negatif,positif
3,sebenernya gamenya bagus gameplay paused koneksi putus wifi lancar enak neg main,netral,positif
3,roblox nya bagus cuman orang maka delta ngeselin banget kadang ngehack server gambar coolkid kadang terbang jelas neg,netral,negatif
3,bagus nge bug,netral,positif
5,kasih bintang pas main tower kadang kadang layar rusak ngelag ngeblang mohon baik,positif,negatif
4,gemnya seru apdetnya wajar neg nya hapu gem beberapagem ngelek salahsatun gem motor kadang kadang biking kesel walu seru kesel roblox orang jahat ngejek ava bacon harga ava aksesori masuk neg akal sampe murah robux mampu neg topat ngeselin banget bisa neg topat mahal,positif,negatif
1,gamenya lumayan bagus player nya plenger bodoh suka mikirin ava banding skil kalo mending skil skin,negatif,positif
2,download game bagus login bug nomor error gitu hubung tolong baik iya developer roblox,negatif,positif
1,gamenya seru sih keluar tolong berbaikin,negatif,positif
3,game nya bagusssss pokokny bintang ribu deehhh kalo ganti avatar banyak pake robux coba digratisin aja bagus,netral,positif
5,jelek fitur nya,positif,negatif
3,kek nya kasih ratting aja tetep bakal neg ditanggepin ngerti sih neg game nya tolol udah nyoba verif ulang biar umur bener bener asli bisa neg udah coba pake loh tetep bisa neg udah pas bgt ambil layar nya aja bobrok bgt udah baca tetep suruh ulang ulang ampe sabar abis baca ngapa ratting player orang protes ambil nya bener neg,netral,negatif
1,maf kalok kasih nilai chat nya,negatif,positif
3,game nya udah bagus tolong balikin fitur chat nya game sosial makhluk sosial yapping ngomong temen kalo ngomong kasar tinggal sensor kalo ber prilaku senonoh neg tinggal ban pdhl udh bgs loh mlh kya bgini kecewa banget roblox,netral,negatif
1,roblox pakai neg internet,negatif,positif
1,game bejad,negatif,positif
5,map nya bosen,positif,negatif
3,udh main kali males banget update chat nya batas kalo chat verifikasi orang tua ngga apapa batasii roblox rame roblox nomer playstore semnjak update gin peringkat gapapa roblox mas orang cinta,netral,negatif
3,kasi karna offline,netral,positif
2,mohon kuata cepat neg habis,negatif,positif
3,resep gauntlet game the forge akun tiba hilang tau neg,netral,negatif
1,main map sailor piece bisa neg masuk tulis roblox henti,negatif,positif
3,internet bagus wifi lancar tetep bisa neg masuk udah coba digame aplikasi masalah neg gilir diroblox error bisa neg masuk temen gitu,netral,negatif
5,lag buruk,positif,negatif
3,game nya bagus bisa neg chat,netral,positif
1,seru sih bisa neg chatan temen roblox masuk muter muter error gitu pdhl wifi nyala aja,negatif,positif
5,roblox dah umur udah pas login akun bisa neg aneh,positif,negatif
4,bug pas log,positif,negatif
1,game bagus optimal mobile,negatif,positif
5,woy robux gua,positif,negatif
3,bug buka aplikasi muncul salah sambung pas masuk salah koneksi pake data habis data pakai wifi wifi lancar aja,netral,negatif
3,game nya seru kadang main tower dll kayak ngeleg gitu udah gitu chat nya udah gaada mabar bareng teman rumah bisa neg ngabarin chat tau main brokheven tuh orang main nya tuh kayak waras neg gitu plis admin roblox buka chat nya main nya aneh neg gitu lihat ulas nya ken chat nya buka plis admin roblox bukain chat nya,netral,positif
3,sometimes really annoying for example verified using card and photographed correctly but the system always says failed for almost week couldn use the chat and mic features have taken the photo correctly and clearly but the system keeps saying failed hate that until now still can access the chat and voice features,netral,negatif
1,game seru teman game nya,negatif,positif
4,tolong hilang map kasih tau buat map nya map bar baris sekolah kolam renang motong garis hilang aja kaish tau owner nya buat neg map kayak gtu motong baris diilangin skal nya potong potong janji motong rezeki nya berkah neg mas aja motong roblox tolong tanggung nyaman orang,positif,negatif
3,gamenya seru mantap,netral,positif
1,woi roblox kalo bikin gem buat neg bag,negatif,positif
3,jaring aja ngelag jelas neg lama roblox ngemis sinyal bgt jirr,netral,negatif
1,gamenya seru batas usia main kah pake wifi pake data ngelag ngga tolong baik,negatif,positif
3,bagus kadang kadang bingung gimana update nya memori penuh,netral,positif
4,minimal balikin robux kalo baju suka ilang,positif,negatif
5,game kayak guoblok,positif,negatif
1,bagus suka,negatif,positif
4,asli nya kasih binatang semenjak bisa neg chet binatang,positif,negatif
3,tolong kembali fiture chatnya ngobrol player main map kerja bisa neg chat nya tolong kembali fiture roblox seperti neg roblox batas chat nya roblox ada neg batas umur fiture chatnya moga baca developer roblox nya amin  kasih bintang,netral,positif
2,roblox hapus bug,negatif,positif
3,game lumayan bagus tolong fitur chat nya kembali ting,netral,positif
3,kadang ngelag tolong tambah chat,netral,positif
1,sempurnaaaaaaa,negatif,positif
2,kalo main game kadang,negatif,positif
4,gamenya bagus and seru bug sih masalah neg bugnya batas map mental roblox susah akses pemberitahuan koneksi error erorr jaring stabil pas masuk roblox mental trus udah kaya gin truss gamenya bagus loh,positif,negatif
3,saran developer kali event tolong robux gratis,netral,positif
4,keluarin versi lite,positif,negatif
1,bagusss kasih bontang gabisa chat,negatif,positif
1,jaring ngeleg sinyal nya bagus bikin akun aku hilang terima kasih assalamualaikum salam,negatif,positif
1,terrible uptade,negatif,positif
4,bagus sih kode eror apaaa internet udah full kadang disconect alas jelas neg kamera bisa neg gerakin map aman pas udah server nya bahh suka kode eror server padhal internet udah penuhhhhh tpi kadang kadang dapet kode eror koneksi putus tolong laaaa fix aja tolong fix maaf pendek cape ngetik nya moga baca roblox maaf klo typo,positif,negatif
1,gamenya bagus maret tolong akun di neg blok,negatif,positif
4,tolonggg verifikasi umur loading bangettt woyyy perbaikinnnn,positif,negatif
3,pls return the chat roblox became more boring and less interactive without chat and yes tried age check but always got rejected don know why,netral,negatif
5,maaf koq aneh bantu jelasin dunia game online gitu sulit batasin adakan iklan kann gitu dunia musik pake setel lagu sulit ganggu teror postingan arang mending kelonin aja setel beda lagu dengar copy rait aneh emang aplikasi download aplikasi teman larang,positif,negatif
3,hadeh bisa neg nge cat karna klarifikasi game nya bagus bug pas masuk harga rubux robux nya mahal tolong baik owner roblox plss ada neg klarifikasi pls main rbx aim trainer tiba suruh log out tau neg knp pas main aim trainer plsss updatin dongg,netral,negatif
4,tolong roblox jaring sayaa kuat banget buka youtube buka aplikasi bisaa kenapaa buka roblox jaring koneksi gagall tolong bug nya baik baik bintang ,positif,negatif
3,bagus sih map nya balikin chat classic face,netral,positif
3,ngelek jaring nya bagus jaring kasih bintang karna empati,netral,positif
3,bug nya ngeselin item ilang,netral,negatif
1,seru servernya masalah mulu,negatif,positif
2,roblox seru banget banget map nya sayang android bisa neg menginstal aplikasi,negatif,positif
5,game bagus jelek,positif,negatif
5,roblox chat,positif,negatif
3,sayang nya kena batas,netral,positif
3,seru cheater bully bug lag torll,netral,positif
1,bagus butuh wifi seru neg,negatif,positif
3,game nya bagus tolong kembali chat nya kepala kotak nya mau neg bulat,netral,positif
1,           ,negatif,positif
2,seru kembali cat robloxxx ,negatif,positif
2,force close moga baik,negatif,positif
3,bagus pingnya gede,netral,positif
4,baya gem bikin lot,positif,negatif
3,main seru manget,netral,positif
3,roblox main tuh nunggu banget kayak what hek nunggunya jam sampe jam jam loh tidur aja bisa neg masuk tolong baik,netral,negatif
5,hecker,positif,negatif
4,bisa neg chat,positif,negatif
2,game nya emang seruu tapi pliss balikin fitur chat roblok seru banget kalo bisa neg komunikasi orang asing pliss bangett kembaliin fitur chat nyaa,negatif,positif
3,senang,netral,positif
1,maaf pesiyun main roblox moga belokir,negatif,positif
3,why deleted roblox account,netral,negatif
5,roblox plis update chat update besar plis,positif,negatif
3,uda seru neg,netral,negatif
3,mohon maaf roblox servernya lag tahu neg servernya error,netral,negatif
3,gampang bobol akun hackback apa ketat neg,netral,negatif
5,game nya bikin bosen,positif,negatif
2,tolong kembali fitur chat main game seru interaksi main denga chat seru,negatif,positif
1,uji coba klo mbalek neg tambah bintang,negatif,positif
3,salut game pernah neg dengerin saran main ugc hapus suka hati harga item turun suka hati update update useless mending update fix bug tambahin fitur jual barang biar guna untung nambahin fitur makeup,netral,negatif
3,bagus semenjak chat batas teman bisa neg main verifikasi suruh email orang tua milik neg orang tua mohon kembali fitur roblox bagus sih,netral,positif
3,remove age verfication,netral,negatif
4,not bad kembali fitur roblox contoh chat verifikasi muka clasic dll gitu doang,positif,negatif
5,robux nya masuk neg pdhl udh minggu robux kembali tdk sldo nya,positif,negatif
3,gamenya bagus bugnya banget masuk grow garden loading lamaa banget bisa neg skip wifi bagus lancar pas main facebook intagram dll tolong fix yaa,netral,positif
5,kenpa roblok kembli mulu,positif,negatif
1,masuk aja,negatif,positif
5,hapus fitur chat david neg basuki karyawannya tuh hapus nganu ngomong david basuki pecat karyawan,positif,negatif
1,mal bisa neg main suka nama nya just tornado sih game cocok neg,negatif,positif
3,seru sih sayang gabisa chat knp main roblox ngelag sus eror suruh nunggu ,netral,positif
5,sih suka game nya chat hapus klasik face hapus apa hapus deh bintang,positif,negatif
3,roblox game bagus sistem nya ngeselin suka main game terkadang game kunci bisa neg main game suka kesal suka game ribet suka roblox maaf sopan,netral,positif
1,roblox,negatif,positif
1,game nya mantap banget cuyyy mantappp meeeeeeen,negatif,positif
3,game nya sekalj nya suka wallhop sih saran main hati hati roblox jahat kouta,netral,positif
1,main game nya suka roblox kadalrualsa mulu,negatif,positif
3,mayan bug dikit,netral,positif
3,geme bagus banyak geme brainraut,netral,positif
3,tolong item dipake akses game,netral,negatif
3,bisa neg log akun pasu username passkey bisa neg tolong tindak,netral,negatif
3,bagus bayar,netral,positif
1,ngebug cok,negatif,positif
3,kembali chat,netral,negatif
5,min bisa neg login ganggu sinyal mulu gem,positif,negatif
3,update chat fitur roblox bisa neg chat teman kecewa item hilang kembali neg robux,netral,negatif
3,bagus sih bagus tpi knp bug ksih contoh joy stick jalan suka wifi bagus mlh disconnect tpi segi grafik emng bagus sih hapus contoh btw mangat update nya,netral,positif
3,dead game,netral,positif
1,bagus ank suka,negatif,positif
1,wow,negatif,positif
3,sumpah nge lag benget dah tahan neg,netral,negatif
3,roblox emang seru ngelek,netral,positif
5,roblox ngeleg banget susah masuk jaring lancar,positif,negatif
5,roblox tolong kembali chat roblox kasi anak anak hibur map anak anak main brookhaven nge chat orang punya neg ktp semua neg orang dewasa semua neg orang milik izin orang tua tolong kembali chat roblox roblox terlalu neg realistis avatarnya bentuk kotak aja udah neng bentuk neg manusia avatar bentuk manusia roblox seperti neg roblox asli,positif,negatif
1,game nya kadang bikin tres kadang ngga tolong baik,negatif,positif
3,sinyal nya ajggg,netral,negatif
3,game bagus teman penjuru dunia,netral,positif
1,not even giving more good update,negatif,positif
3,bagus bagus atur jirla,netral,positif
4,tau game nya ngeselin seru ngeselin mending buang bug kdng jaring bagus dah koneksi putus bla bla trs komen org rendem,positif,negatif
5,susah daftar nya,positif,negatif
3,halo roblox mohon ditindaklanjuti alami ada neg audio volume aplikasi roblox mentok ada neg bunyi bisa neg log dar masuk roblox buka aplikasi game bloodstrike instagram youtube lancar lancar,netral,negatif
3,game roblox seru bgt tolong ada neg hubung fitur chat nya kembaliin sih batas,netral,positif
3,this chat restricted gone too far just delete the chat already vruh and btw make that user below can play brookhaven too advanced for kids dawg,netral,negatif
3,sayangg player resah sinyal game ngeled pdahal sinyal aja tolong dongg baik,netral,negatif
3,game seru chetear orang seks gitu kasi bintang cocok anak anak berapa map,netral,positif
5,protes main tower hacker pake script delta troll udah menang tower troll tower collkid mulu geme geme,positif,negatif
3,update kuta akan neg tau update nya update nya bulan ,netral,negatif
5,disconnected banget nih wifi lancar,positif,negatif
3,just remove the freaking moving faces and whatvere make its suppose blocky game don make realistic,netral,negatif
3,game nya sih bagus fitur chat hapus ganggu min nya classic face hapus wajah nya aneh bug headles sih,netral,negatif
1,jujur malass,negatif,positif
1,maaf bintang karna ngetik instagram band,negatif,positif
5,gamenya kaya tytyt bona,positif,negatif
1,sangattt bagussss main nya,negatif,positif
3,aditor skin gratis bagus bosen skin jelek coba kirim robux game nya bagus rangin nya karna kentang,netral,negatif
3,bagus kecewa update skrg classic face hapus tambahin fitur make mana terlalu neg suka oiya skrg banget ngelagg roblox skrg nyebelin updatenya item hapus update bikin roblox bener down terlalu neg seru roblox have fun aja skrg udah turun gamenya moga cepet baik deh,netral,negatif
1,main gamenya bisa neg sinyal bagus,negatif,positif
1,game taek,negatif,positif
3,saran bedain server player mobile karna main game genre kompetitif adil gera mobile beda,netral,positif
5,for roblox please limit games with brainrot theme can damage children brains like brother child who addicted brainrot,positif,negatif
4,maaf gem roblox susah akun bikin akun kuota beli erorr terus,positif,negatif
1,seru karna chat teman,negatif,positif
5,sumpah game bagus mbar mick muncak muncak gunung mick seru bgt wortit bgt kamera nya mulu gera jelek jelek bgt woi wakil download download download download gkkkkkkkk,positif,negatif
3,game nya bagus predator pdf avatar senonoh neg lihat anak tolong fitur jual item pakai di neg pakai suda item pakai neg,netral,positif
3,game nya senang,netral,positif
3,bisa neg chat,netral,negatif
5,pis back fitur chat,positif,negatif
2,akun balik neg bagus,negatif,positif
1,tanggap,negatif,positif
3,knp roblox wipi bgs tpi gabisa mlu main,netral,positif
1,game bagus,negatif,positif
3,udah ngefrezz neg bug cam ganggu,netral,negatif
3,bisa neg login,netral,negatif
2,suka pas wifi connect masuk roblox sih,negatif,positif
5,bi neg san mnondelon gem,positif,negatif
3,ngebug mulu bisa neg masuk roblox nya server eror mulu udah bisa neg chat bagus game nya isi mohon baik,netral,negatif
5,bug akun,positif,negatif
1,keren game roblox keren ,negatif,positif
1,game nya bug lag simpan internet bagus suka lag,negatif,positif
5,kadang bug kadang aja lompat jalan,positif,negatif
2,nge lag banget,negatif,positif
5,gtw akun gabisa dbka pdhl robux udh isi aneh,positif,negatif
4,hey jelas neg main bisa neg masuk server tolong cepat baik kesal anj,positif,negatif
3,seru kadang ngeleg,netral,positif
3,mau chat nya pake verifikasi,netral,negatif
5,game jelek siyal bagus bisa neg masuk jelek,positif,negatif
2,seru banget uuuuuuu tarik keti tolong kembali fitur chat perintah maha kuasa,negatif,positif
3,game nya ngelag dikit ngechat tetep seru dimainin,netral,positif
3,update baru bgs sii emg suka ama player chat ferivikasi wajah maless orang chat ama temen virtual tinggal ferivikasi aja,netral,negatif
1,plis shirt nya gratis,negatif,positif
1,bagus sih bagus hacker pake gitu seru neg main nya kadang hacker nya bikin sebel player bikin nyaman neg klo udh riport hacker nya keluar neg map banned tolong roblox klo udh riport langsung dikeluarin banned menganggu tenang banget,negatif,positif
3,game nya ngelag,netral,negatif
3,gambar karaternya ilang ilang,netral,negatif
3,roblox tolong benerin game nya,netral,positif
3,roblox sih sinyal bagus bagus aja loh muncul koneksi salah pas masuk,netral,negatif
5,gamenya jelek banget,positif,negatif
3,jujur ngeh bug game suka,netral,positif
2,game nya bagus abang umur nya bisa neg ngechat uda ferifikasi umur abaang,negatif,positif
4,kasih face gratis pelit wifi kaga pake main burik amet game,positif,negatif
3,ngeleg jaring bagus,netral,positif
1,bagus,negatif,positif
5,game nya berat banyak firus,positif,negatif
3,roblox kesini jdi game dress kaya why chat batas verifikasi umur face item ganti kaya roblox neg tolong kembali kaya kaya gin biar anak bawah umur kotor neg konten dewasa pikir remaja banyak teman tua tahu hambat bgt aku tolong,netral,negatif
3,balikin fitur chat nya doang pliss males pake papan mulu woey,netral,negatif
1,moga dibetulin sinyal bagus kadang lag lepas main roblox ngeleg chat nya bantu kesi,negatif,positif
1,gua suka mulu roblox roblox gimana bagus main adminnya suka keluarin orang,negatif,positif
3,roblox game anak goblox,netral,negatif
5,tolong pls roblox chat nya usia bisa neg chat smaa temen,positif,negatif
3,game bagus kode eror coba buka chat,netral,positif
1,download roblox kembal,negatif,positif
5,cet kaya babi,positif,negatif
3,lumayan mabar temen,netral,positif
3,tolong baik main ntah loding nya ulang ulang,netral,negatif
1,seru aja,negatif,positif
3,marketplace mahal,netral,negatif
1,bagus bocil roblox,negatif,positif
5,hey roblox owner the roblox app copy you but don know that app was going chrome and open app and download the using don app open that actually scary devil don your phone got hacked not download copyrighted and normal safety thank you for you information,positif,negatif
3,bagus sih,netral,positif
2,main seru main seru,negatif,positif
5,kembali chat nya woiiii,positif,negatif
3,game roblox rancang senang senang pikir kotor map ajar bikin anak avatar roblox dewasa game nya rancang anak anak please david basuki baik sistem roblox ban avatar dewasa ban game anak anak buat game nya main aja disconnect mohon baik roblox kangen roblox dulu,netral,positif
1,uuuuh,negatif,positif
3,seru sih sih batas chat gabisa mabar temen,netral,positif
5,roblox nya bisa neg buka,positif,negatif
5,game anj loading wifi udah bagus ngelag koneksi gagal mulu,positif,negatif
2,suka nge lag komputer panas,negatif,positif
3,roblox tolong bisa neg main map game sinyal lancar stabil tolong fix code,netral,negatif
4,apk nya berat,positif,negatif
1,roblox nya enak banget eror tolong baik,negatif,positif
3,bagus sih mabar seru deh benci akun roblox gabisa login mulu udh dapet kode gmail tetep gbisa akun roblox gimana coba,netral,positif
1,game lancar bisa neg main game suka main game blok fury game suka kasih bintang aja aja maaf salah,negatif,positif
4,bring back chat,positif,negatif
5,game roblox berat cocok kentang masuk map force close,positif,negatif
1,                ,negatif,positif
5,tolong baik masuk map teleport kode error,positif,negatif
3,bagus pilih map pake delta tolong band yah server lag tolong band,netral,positif
1,bagus,negatif,positif
5,game nya bosenin neg karna game,positif,negatif
1,via suka roblox banget,negatif,positif
1,suka,negatif,positif
3,chat,netral,negatif
3,main roblox mengunakan ipad sya lag grafik jelek,netral,negatif
2,bagus sih gamenya rating fitur mekaup kirain kata gratis harus neg beli satu pas main ngeleg tolong baik,negatif,positif
3,game nya brainrot jdi bosen banget main nya mohon banyak game ada neg unsur brainrot nya plisssssss,netral,negatif
1,suka leg gamenya,negatif,positif
4,anggrek bagus tolong gua udah kesel pacar kesel banget mau neg crafting aja gua bisa neg gin bosan gua indo gua bisa neg bahasa inggris agresi bagus nang neg bagus gua bisa neg bahasa inggris segitu aja iya gitu aja bus key,positif,negatif
5,hei roblox balikin fitur chatnya ngechat akumasih,positif,negatif
3,seru mudah bingung main,netral,positif
4,chat gema,positif,negatif
3,roblox seru neg,netral,positif
1,ora enak,negatif,positif
3,kadang nge bug kalo main bisa neg nge chat seru bagus,netral,positif
4,bisa neg main loh,positif,negatif
5,update roblox mau neg,positif,negatif
3,tombol jumpnya dibesarin,netral,positif
3,acc gone bcz robloxxx need acc back hate roblox much that grind for year and gone bcz roblox says you must uninstall roblox from the official game error and money gone almost dollar,netral,negatif
3,pliss ada neg batas usia chatan nya kasi adek ken main,netral,positif
5,nya bug merus tolong baik roblox,positif,negatif
4,gua kirim roblox gua main apa awas kau bis tawo apa apa,positif,negatif
2,gamenya seru gara gara bocil nakal adil neg sumpah asik seru bgt,negatif,positif
3,bijak bikin risih,netral,negatif
3,seru berat ,netral,positif
3,game nya bagus mao nya tolong chat voice nya kembali nya mabar ken ijin gampang,netral,positif
3,update nya bagus kayak ganti classic face dinamic map map nya bagus bagus please roblox jng kasih update yng jelek,netral,negatif
5,bisa neg login game roblox nunggu main game,positif,negatif
5,developer roblox tolong dibenerin bug connection nya jaring bisa neg masuk game tolong baik bug nya resah tolong banget,positif,negatif
4,tolong kembali chat nya,positif,negatif
2,game nya bagus cuman blox fruit,negatif,positif
2,suka ubah seperti neg,negatif,positif
3,kasih bintang karna ngapain lihat kepo ya,netral,positif
5,aneh ya plis chat udah pilih bagus tau biar aman ngak gin halang player komunikasi teman online kalo apa tinggal block akun gausah libatin player tolong baik,positif,negatif
3,gamenya emang enak kadang bug pas map masuk tolong baik,netral,positif
3,chet oncam mick,netral,negatif
3,game bagus bug benci render kadang kadang dekat jauh neg tolong baik bug,netral,positif
1,main game gamenya,negatif,positif
3,mohon maaf verifikasi pakai salah umur loh tolong hapus chat batas umur bebas main atur chat player sulit,netral,negatif
1,jelekkkkkkkk,negatif,positif
2,bagus klo pake lag bgttt bug,negatif,positif
5,tolong plissssss chatnya dikembaliin chat smakin halang unruk berkomunkasi temen bawah umur  pensiun roblox seru chat actif saran klo curiga langsung ban playernya klo chatnya kek gin sampe langsung ban kembali hacker incomu oiya lupa neg roblox update kali bagus lobby map lobbynya,positif,negatif
2,game nya seru teman bisa neg chat seru neg,negatif,positif
5,game jelek jelek keren,positif,negatif
3,bgus bgus update mulu dah trus boros data wifi klo kyk gin jelek nya gua top masuk neg masuk gimana gua salah beli indomaret,netral,negatif
4,gila,positif,negatif
5,nyesel top free fire game kikir mending top najis roblox baik,positif,negatif
1,bagus,negatif,positif
2,bagus sihhh cepet bosen robuxnya beli baju sebenernya gratis baguss neg,negatif,positif
5,hacker kebanned dasar gajelas,positif,negatif
3,aja main pas gabut,netral,positif
1,game bully akuuu,negatif,positif
3,suka game tpi jujur koneksi bagus loh error trus main kesel anjg,netral,positif
5,di neg game juta bocil,positif,negatif
3,game roblox nya udah bagus ngehapus chat roblox ngelarang neg orang ngomong kotor jorok pas player ngomong kotor aneh gitu langsung hapus otomatisssss,netral,negatif
1,berat kali kalo main,negatif,positif
1,kayak,negatif,positif
3,bagus banget sih apus pas download bisa neg jaring eror gimana,netral,positif
2,player modal bgt,negatif,positif
2,suka geme download geme fitur chat udah hapus kecuali umur atas kecewa roblox,negatif,positif
5,kadih bintang udah hapus ibu akun hilang game seru ,positif,negatif
1,gamenya bagus napa nge neg add anti cheat ajah di neg perbaikin ngeleg nya lolot,negatif,positif
5,hitam game,positif,negatif
3,game kikir harga hat barang tolong turunin sekitar harga bagitu rugi mau neg top robux muncul harga barang akun sama tara sekian ulas demo,netral,negatif
5,tdi gabisa vidio,positif,negatif
1,a k u g a k s u k a g e m e i n i a k u n k u i l a n g m u l u j a d i k u s a r a n k a n g e m e i n i m e n d i n g k e n o  a j a,negatif,positif
1,pls roblox realistis pls david basuki erik sad,negatif,positif
5,beli tulis akun kena neg biaya tolong baik gabisa beli item,positif,negatif
3,game seru gabisa ngobrol orang umur bawah sungguh kecewa,netral,negatif
3,game topup mahal,netral,negatif
4,many people use delta and there lot cheating,positif,negatif
1,nevermind,negatif,positif
3,chat nya hapus,netral,negatif
3,love but hate bug many map dawg fix you game beach,netral,positif
5,pake neg jaring,positif,negatif
3,roblox burik kecewa roblox bisa neg chat roblox plsss roblox kembali chat plsss ,netral,negatif
2,suka game seru membonsankan neg bagus banget game diroblox game dalam game aja yaa roblox kaya neg roblox fitur chat hapus,negatif,positif
3,kembali chat,netral,negatif
3,roblox can you add normal face again want the winning smile please roblox need this kinda broke just have robux left,netral,negatif
3,bisa neg liat pasword bikin atur kadang koneksi putus kadang akun nya coba biar masuk,netral,negatif
5,game nya bagus nyediain alam virtual bug bikin kesel mean item berobux kayak baju celana suka hilang kustomisasi nya kesel udh ngehabisin robux mahal item nya hilang baik deh the way game nya bagus,positif,negatif
2,gamenya udah bagus please roblox dengerin main biar main bosen neg ama biar main nya kek kembaliin chat muka classic ama fitur deh,negatif,positif
3,ajah game nya,netral,positif
3,gara gara muncul update nya pas sentuh abai bisa neg baru bisa neg sentuh paksa restart,netral,negatif
4,nih game akun hilang balikin udah topup ratus ribu suruh reset sandi reset coba hade nih game habisin duit doang klo eng emang nih game eng indo,positif,negatif
3,ngellek,netral,negatif
5,hey roblox why did you remove the classic face and tighten the chat,positif,negatif
3,rubax mahal bisa neg cehet,netral,negatif
3,game nya bagus sayang update game controller nya bawah standar update merosot game penuh slop plagiat controller susah bug blm baik duit dipake beli kondom kah karyawan mana positive supporter ban aman gitu gitu aja suka salah scan muka izin ortu verify verify maling data pribadi you the predator david face like jef,netral,negatif
5, gerobak nyata gerobak beneran masukin patah patah roblox,positif,negatif
1,tambah fitur ngelag neg kentang,negatif,positif
3,senang,netral,positif
4,akuu cepat panas main game plc batrei hpku cepat habis pas main game huhuhu tpi,positif,negatif
3,game nya penuh brainrot,netral,negatif
3,game jujur bagus banget tolong kalo ava pakai hapus robux beli ava barusan liat udah hapus robux kembali neg apa,netral,positif
5,ngeleg,positif,negatif
1,roblox bagus neg,negatif,positif
1,gamenya biarin neg mabar teman teman,negatif,positif
1,jujur sih gamenya bagus map rivals mau neg mainin game cari map bagus,negatif,positif
3,pas main ngelek mohon baik ,netral,negatif
4,roblox nya rusak layar hijau warna merah biru moga cepat baik,positif,negatif
4,chatnya ,positif,negatif
2,gem senang,negatif,positif
1,jaring bagus bisa neg main,negatif,positif
3,bagus seru neg,netral,positif
1,main main cdid marah arep banting,negatif,positif
3,karna aplikasi nya main koneksi internet gitu wifi nya penuh,netral,negatif
1,apus aja roblox,negatif,positif
3,game nya lag femboy gay,netral,negatif
5,tolong pecat matt kaufman demo roblox bikin ngelak  ,positif,negatif
5,jelekkk updatenya jelekkk,positif,negatif
1,disappointed,negatif,positif
3,tdk seru game nya,netral,positif
1,gamenya ngebosenin cuman doang map ada neg seru,negatif,positif
1,game nya bagus pas fitur makeup sarung beli hilang beli huff sabar,negatif,positif
2,gamenya bagus banget mabar teman bisa neg chat,negatif,positif
3,sbnrnya masalah neg lho roblox update tuh main evade ngga tau berat karna update sblmnya berat neg skrg trus main bbrp kali tbtb ganti evade sblm update kaya maksud hell tolong repair player kritik map evade revade,netral,negatif
2,lumayan,negatif,positif
1,tolong roblox ngehapus neg chat plis ngehapus neg chat,negatif,positif
3,game bosok for close trus pdhl ada neg kendala saya kode error server merespon neg,netral,negatif
2,roblox tolong kasih avatar bagus gratis,negatif,positif
1,roblox,negatif,positif
3,banget dah nih game item drastis aju banding kali kali tetep aja segitu tolong harga item wajar aja,netral,negatif
5,hey admin try fix roblox problem why telling exit when play,positif,negatif
3,roblox seru neg chat engga harga item mahal,netral,negatif
1,yangbmembuat map senonoh neg,negatif,positif
3,classic face hapus fitur make gjls chat batas sih roblox dynamic jelek hancur game,netral,negatif
3,rating nya turun loh yaa,netral,positif
1,excel,negatif,positif
5,anak chat chat ama temen ahealah roblox roblox,positif,negatif
3,terlalu neg senang,netral,positif
5,roblox kalo gua main evade kadang lag parah kadang smooth gua kentang neg jaring lancar aja kadang lag kadang smooth nya kek aneh aja kadang kiding gitu,positif,negatif
4,harga item ngotak dikit dung bos,positif,negatif
3,mls tanggap mic kena suspen ngomong kasar roblox baperan,netral,negatif
1,roblox return lost robux,negatif,positif
3,lag,netral,negatif
5,kasih neg batasai umur,positif,negatif
3,tolong min delay roblox,netral,positif
5,woi guys tau hapus vitur voice nama matt kaufman salahin neg david bazucki,positif,negatif
3,lumayan ngelag,netral,positif
3,gem dah bagus gua kuat neg,netral,positif
3,this for david baszuki for the old roblox logo please make cheaper robux pls can buy,netral,negatif
3,sensitif dikit dikit ban kadang ngomong neg kena ban,netral,negatif
3,rasa main roblox mouse keyboard android ganggu putar kamera mode first person tombol rmb lmb bisa neg fungsi,netral,positif
1,game kon  bagus sih rangin bug layar lag ilangin neg bug kasih bintang,negatif,positif
4,bisa neg chat,positif,negatif
3,roblox udah bagus sih tolong fix orang orang pakai script rugi player,netral,positif
1,min bantu kembali akun gk,negatif,positif
3,game jelek,netral,negatif
3,game seperti neg updatenya sampah ketimbang bagus chat face,netral,negatif
4,roblox ngapa banya bug lag sii jaring bagus bgttt kenceng bgttt benerin napa dah,positif,negatif
5,plisss kembali vitur chat roblox batas umur sih susah komunikasi orang bosan main,positif,negatif
4,gamenya hilang apdate roblox bintang gamenya nama gamenya tahan hidup handyman roblox old gamenya,positif,negatif
2,jujur janggal btw roblox inihh update dongg biar main luarr nih pastiin gaada kuota gampang mainin nya kekk gimanaa yaa hemmm majuk laaa yaudah sekian,negatif,positif
3,update ada neg ubah performa game kadang berat batas buat map terlalu neg mudah map pakai neg bengkalai ujung ujung bug game bikin berat banyakin neg event penting neg event event roblox benerin bug biar server game enteng berat neg banyak map,netral,negatif
1,tdk bissa main,negatif,positif
2,game nya bagus bisa neg nge chat khusus umur nya dafid basuki,negatif,positif
5,balikin chat woii,positif,negatif
3,tolong kembali chat,netral,negatif
3,sama neg update age each group,netral,negatif
1,game bagus banget jarang nonton bokep,negatif,positif
5,roblox tambahin fitur rambut biara ribet neg tolong yaa,positif,negatif
2,tolong baik bug nya nta krakter suka diewe lanang,negatif,positif
3,biasa bocil roblox bilang tuh the best game perintah indo boleh neg alias bahaya anak anak boleh neg game bagus banget tolong nih cewe cewe cowok cowok ganti avatar tolong avatar bagus neg pakai neg sia sia beli robux pake duit avatar avatar jelas neg kasih rating dehh lumayan nih game,netral,negatif
4,roblox main tuh fling things and people main udah main bulan nge cheat ngeban map favorit nang gara gara bisa neg masuk map kena banned game favorit loh  benci benci benci,positif,negatif
2,gua suka game nya mohon keluar neg roblox muncul security kasih bintang,negatif,positif
3,gamenya jirr bingung milih,netral,positif
3,kadang masuk fisch game,netral,negatif
4,tolong pecat kariyawan bikin kacau balau david owner roblox,positif,negatif
1,rena geme bagus,negatif,positif
1,seru nih gaktau kalo gem main nya,negatif,positif
4,bintang nya pas main layar nya kedip sinyal lancar,positif,negatif
1,like roblox,negatif,positif
1,main gunung angker gelek pake waifi,negatif,positif
4,baik neg,positif,negatif
1,jelekkk,negatif,positif
3,burik,netral,positif
3,udah masukin bener login,netral,negatif
3,pls roblox bikin neg atur manuk akalll,netral,negatif
3,map nya oke beli rambut robux item udah hapus robux tolong roblox korupsi neg,netral,positif
3,community ,netral,positif
4,tolong kondisi jaring,positif,negatif
3,roblox kasih bintang keinget bug nya verivikasi usia ribet face nya buruk bet gerak sing mulut buruk,netral,negatif
1,pls balikin akun scp,negatif,positif
3,heker,netral,negatif
2,          ,negatif,positif
3,kalo fitur chet balikin kasih bintang,netral,negatif
3,harga barang barang toko mahal,netral,negatif
3,don like the new update,netral,negatif
1,gemenya emang bagus sih bisa neg chat tolong atas plis,negatif,positif
1,juwita damayanti ampih main roblox,negatif,positif
3,main blox fruit bisa neg masuk kayak kadang masuk kadang tolong neg baik karna haru hapus roblox nya langsung,netral,negatif
5,batas usia chat ikut usia kanak senonoh neg cari teman usia harap roblox awas,positif,negatif
1,bagus loading nya bngt tlng baik,negatif,positif
5,maaf davit basuki kirain hapus chat roblox pecat ajah matt kauf man lagih fitnah davit basuki roblox rusak chat hapus plis pacat ajah,positif,negatif
3,sumpah gakbisa chat diroblox,netral,negatif
5,kesini update nya ngeselin classic face dihilangin player suka dihilangin untung kasih bintang,positif,negatif
1,doanwload,negatif,positif
1,seru,negatif,positif
5,game buruk sehat main terus game seru suka nya teman bilang roblox game burik,positif,negatif
3,game nya seru loh apgrad ,netral,positif
3,game nya bagus,netral,positif
1,game nya bagus tolong nih bug pake baju baju nya blur gimana nih tolong update sekian terima kasih,negatif,positif
4,karna chat roblox kasih bintang aja,positif,negatif
3,update bagus guna dikit napa jelek banget update wkwkwk,netral,negatif
3,bisa neg masuk jaring wifi pake data selular,netral,negatif
5,bocil mati ada neg bebas we,positif,negatif
5,dah reting bikin neg roblox reting nya paksa,positif,negatif
3,seru main ngelag,netral,positif
2,game nya bagus anak updet aplikasi bagus anak umur bawah anak verifikasi umur mengunakan wajah tolong roblox baik terimakasih,negatif,positif
2,gamenya emang seru nya,negatif,positif
3,main tarik,netral,positif
3,giving stars because pretty good but often lags and has bugs please fix the server even though network good why does often bug lag when play,netral,negatif
3,bagus banget kadang aga ngelag dikit seruu banget plis  suka banget kalo pake robux shirt bayar robux najis kikir banget haji bayar kesel tolong roblox apa neg bayar plis balikin roblox,netral,positif
3,tau neg,netral,negatif
3,kembali chatnya pokok kembali chatnya gimana chat teman aku neg bilang david basuki,netral,negatif
3,game nya bagusss sii karna bnyk bnyk ubah verifikasi umur bagus roblox sihh banding,netral,positif
1,gem seru gem nya,negatif,positif
3,update nya jelas neg anjg,netral,negatif
5,roblox hapus hah,positif,negatif
3,roblox tolong cegah item map unsur nya nunggu neg direport tindak aja roblox dibanned beberapa negara bagus neg dimainin anak,netral,negatif
1,lumayan meng hibur,negatif,positif
3,emang game nya seru era gag roblox kacau chat ahhh kacau nih kalo roblox kayak bkl mkin byk mainnin segitu ajah makas,netral,negatif
2,bagus,negatif,positif
5,pls bro pada neg tag tag tau pens udh heran neg tag tah bayangin neg sibuk ken hidup tampa ganguan tau iya lupada nge fanss banget tapi stopp tag tag sampe tag all jujur nge ganggu banget bro sibuk bayangin neg sibuk coba bayangin cape broo pls bro pada neg tag tag tau pens udh heran neg tag tah,positif,negatif
3,bikin kesel mati mulu,netral,negatif
2,shhsod aifia,negatif,positif
3,maaf nih roblox tolong baca paham tau verivikasi usia ngelindungi di neg anak anak umur puas bisa neg memberitahu beritahu minimal umur buka chatt ketik bebas game mayoritas anak anak pasti anak suka neg rblx tolong rblx,netral,negatif
3,log liat youtube bisaa neg memori akun sedih gpp sih main,netral,positif
3,suka ngelag,netral,positif
5,game kontol,positif,negatif
3,bug aneh,netral,negatif
3,emang serusih game yah bagus suka ekor kadang bag kasih bintang,netral,positif
3,gimanaa yaa game nya bagus keren mapp nyaa baguss baguss dann baguss ajaa gituhh,netral,positif
5,fitur cet umur,positif,negatif
4,suka ngeleg jelas neg,positif,negatif
5,ampasss,positif,negatif
3,meta secem,netral,negatif
1,keren gamenya suka banget gamenya,negatif,positif
3,tolong orang main roblox ngechat pel ,netral,negatif
3,hmm suka,netral,positif
2,suka aplikasi suka neg awas delta terbang menang curang akun terbanned neg tolong ban akun roblox pantau delta alat retas terimakasih ,negatif,positif
5,jelek karna update nya ngotakk neg,positif,negatif
5,game bug,positif,negatif
3,lumayan seru kalo sering bosan,netral,positif
3,hello just want tell you about the advantages and disadvantages this game this game very good there are many games that can played and makes who play feel happy and not get bored quickly like this game because very fun and entertaining but there are many things that make feel that this game not good the previous one many new features which makes feel less interested and uncomfortable this game for kids like right want the game like,netral,positif
1,chat nya harap di neg privat,negatif,positif
4,being chat will give star bro,positif,negatif
4,lebih neg main takut nya otak nya rusak,positif,negatif
3,sma kek orang kait jaring jringan lancar loading gmn kesel loading tpi nyedot kuota ngebut parah,netral,negatif
1,download kali tpi bisaaaa,negatif,positif
5,bosan neg,positif,negatif
1,game nya udah bagus mainin roblox amuk cewe ganti baju mainin parkunya botak sih malu nih gatau ngebug malu tolong roblox baik udah baik janji kasih bintang ,negatif,positif
3,bagus geme nya,netral,positif
1,game seru chat batas,negatif,positif
4,min servernya down benerin kasih bintang kalo dah benerin kasih bintang gabisa main roblox,positif,negatif
5,balik neg,positif,negatif
5, akan neg ,positif,negatif
3,ning man exit,netral,negatif
1,govlok,negatif,positif
3,balikin chat barang beli ilang blom robux,netral,negatif
3,tolong pakai gratis bagus,netral,positif
3,the game good but please this game that children often play there shouldn any child predators this game really beg you ban the child predators this game and please return the chat feature ban inappropriate chats about sexual acts others game bagus tolong game anak tolong ban predator anak game tolong kembali fitur chat ban chat senonoh neg,netral,positif
5,game nya bagus pas sengaja neg hapus roblox koneksi hilang download hilang teman baik sedih orang diam sungguh sakit banget nya kenang hilang dapat neg,positif,negatif
3,akun kena hack udah coba contact roblox support login,netral,negatif
1,fyuck,negatif,positif
4,bisa neg login,positif,negatif
5,roblox chat scan muka cek umur,positif,negatif
3,balikin classic face jelek banget kalo pakai face baru,netral,negatif
2,asik roblox chet,negatif,positif
3,tolong roblox anti tanggal lahir suruh foto ktp foto ktp bisa neg tolong baik,netral,negatif
1,burik,negatif,positif
5,roblox game faforit kecuali wifi mati,positif,negatif
4,tolong robux masuk gimana robloooooooox,positif,negatif
5,hilang gabut dll,positif,negatif
1,suka gameplay pause ,negatif,positif
3,nang babi,netral,negatif
3,nice,netral,positif
5,tau neg,positif,negatif
5,jelek,positif,negatif
5,rating bocil caper umur roblox game baik bumi david baszucki,positif,negatif
1,kasih tau ngecheat report kali game usah neg ulas bakal neg baca game bagus neg,negatif,positif
4,kembali roblox chat ind bring back roblox chat like before eng bikin update lag kagak muka dinamis update verif wajah chat doang cheater jarang tanggap gameplay paused dah bikin jelek inti update ampas,positif,negatif
3,kamrea bisa neg objek gerak,netral,negatif
1,weeeel,negatif,positif
3,suka lag seru,netral,positif
1,roblox naslolo,negatif,positif
1,seru,negatif,positif
5,gdgihghdngkvh ggdhk ngaco nggx hrsc yoh you hina gambar vcvn mgjbnub kgen,positif,negatif
4,baik server bisa neg masuk server bug hacker baik aja,positif,negatif
4,nya sensitif tolong baik,positif,negatif
5,tau isi,positif,negatif
3,kak gimana pas masuk game leptop putih doang layar nya udah kali hapus dowload aja udah jam tunggu putih aja layar nya gimna jelasin suka banget roblox nya mohon bangetkayak nya gin neg deh makasih dengar keluh,netral,positif
5,toxic,positif,negatif
1,tolong update biar offline biar download,negatif,positif
1,tolong perintah blokir game hapus game mohon ,negatif,positif
5,bisa neg indo allah,positif,negatif
3,bagus game nya ngeleg dikit,netral,positif
3,seru,netral,positif
2,sangking bagus grafik kuat neg,negatif,positif
3,tolong baik crash game nya crash harus nya keluar neg langsung game nya nya crash login home,netral,negatif
3,bagus cmn sinyal nya dibenerin,netral,positif
4,chat,positif,negatif
3,gamenya seru suka rating,netral,positif
4,game bagus classic list hapus kecewa klasik fast hapus,positif,negatif
3,ngk seru,netral,positif
5,bagus neg,positif,negatif
5,nya benci game beda gamenya game ngeselin,positif,negatif
4,kadang bisa neg,positif,negatif
3,whattt,netral,positif
1,permainnan nya bagus kasih bintang,negatif,positif
5,kentut,positif,negatif
3,game nya bintang main game alami server merespon neg tolong baik developer,netral,negatif
2,game nya sih bagus cuman update nya ngotak neg chat batas bocil emang kakek basuki udah,negatif,positif
1,baguss banget temen candu banget pas masuk tower obby rambut kalo atribut avatarnya lengkap pas pake kayak sweater gitu pake dalem sweater nya muncul kayak pake baju rambut gitu pas main tower obby gundul tolong baik ya,negatif,positif
5,chat nya jelek,positif,negatif
4,ngelek ngelek,positif,negatif
1,caradapenakun,negatif,positif
5,horror game mimic roblox kaya raya kabupaten malang teka teki silang horror game mimic hantu rumah tangga mimic teka teki rem gan game main kabupaten roblox update baru kunci teka teki horror game house mimic update status,positif,negatif
3,bisa neg donwload,netral,negatif
2,hewo,negatif,positif
3,roblox tolong benerin ngestuck diloading lobi roblox putih,netral,negatif
5,game senang kadang kesal karna internet udah kenceng ngelag balikin robux pas beli pakai ilang pakai dibalikin robux aneh,positif,negatif
4,minus ngelag,positif,negatif
3,game seru seru bener kena ada neg chatt pas verifikasi gakbisa roblox bagussss emot hey bocil roblox roblox sayang bocil roblox bocil tuh bandel roblox bisa neg roblox dah segitu terima kasih roblox ,netral,positif
3,bug blox fruits nya pas tranformasi buddha bisa neg ambil quest,netral,negatif
3,roblox can you more responsive reports bullying because feel that bullying still exists because was bullied the roblox game can you respond more quickly and immediately ban the account that bullying completely inappropriate pleaseee,netral,negatif
5,syaa bintang sorot tolong kembang roblox baik bug salah sinyal wifi lancar mbps nya kencang main roblox lag tolong baik,positif,negatif
5,mohon buka chat pesan bisa neg kirim pesan chat,positif,negatif
2,kembang lapor hacker di neg blokir akun game seru neg mohon perhati,negatif,positif
3,main nya seru sepi aja gitu karna gabisa cht,netral,positif
5,pass main jaring udah isi pulsa jaring,positif,negatif
3,update nya kesini ngebuat shirt aku neg publik bayar rbx ngga verifikasi wajah personal bisa neg ngescan nya tau neg moga updatenya bagus,netral,negatif
3,gemesnya bagus gampang,netral,positif
2,gemnya seru ngga cetan,negatif,positif
2,game lumayan apgret main kada dewarsa kaya makan aja,negatif,positif
5,kasih bintang karna gamenya bug sinyal putus putus bug nya tolong baik,positif,negatif
4,suka ngeleg jelas neg jaring bagus pake wifi suka ngeleg laen emg kesel klo lag optimalisasi jaring aplikasi sisa bagus,positif,negatif
1,first all thank you roblox support for their very fast response but problem not resolved yet the ticket has been closed,negatif,positif
3,pls tolong sensor neg chat udah susah payah ngetik sensor ada neg kotor,netral,negatif
5,mainin mulu dah,positif,negatif
3,game nya seru bgt bikin neg bosen game nya kadang ngelek pencet map pencet chat nya hapus pas main suruh trs bilang wifi nya ngak stabil putus pas kakak aja main ngelek neg pilih gitu suruh nyambungin ama pencet hubung slalu bisa neg kalo pencet kluar langsung mohon game nya baik,netral,positif
1,main tolong benerin,negatif,positif
3,maap kasih bintang main map diskonek mini plushie bisa neg pakai,netral,positif
3,wenakk,netral,positif
5,udh masuk game roblox bjirr,positif,negatif
1,seru bagus,negatif,positif
3,bnyk bug server rusak jelas neg patah gin neg loohh masuk aja koneksi internet hubung neg pdhl sinyal bagus bgt suruh coba coba,netral,negatif
1,game kurang seru,negatif,positif
5,uang hilang karna beli rouk apk nya langsung mohon sawit kembali uang nya kasih bintang karna biar baca,positif,negatif
3,gimana akun bisaa neg dilogin nama zero tolong baik,netral,negatif
3,david bazucki pls balikin chat,netral,positif
2,game nya seru pas masuk server tanggap neg maaf kasih bintang,negatif,positif
3,bagus usah neg deh pake verivikasi umur ribet aja pake izin orang tua udah deh bikin orang pusing aja sih verifikasi umur kenal roblox orang dapet temen nih simpul mending verivikasi umur hapus aja developer roblox yaaa plss capek udah bisa neg chat nunggu nih hapus tunggu ,netral,positif
3,tolong kembali chat plllss teman teman pensiun sepi bully tua tolong roblox,netral,negatif
3,buruk neg,netral,negatif
1,seru bangett,negatif,positif
3,game bisa neg main ngebug,netral,negatif
5,bisa neg masuk bug udah coba hapus ulang tolong baik,positif,negatif
4,hak bisa neg off pliss off orang sok asikkk,positif,negatif
5,game selingkuh,positif,negatif
3,lumayan update neg brooo,netral,positif
4,pas main brokeven tekan kayak lag notifikasi kayak gin tutup aplikasi kasi gitu neg trs mohon chat nya kembali,positif,negatif
1,game nya bagus grafik nya keren sakin keren binatang patah patah main,negatif,positif
3,game nya bagus aja bug nya suara ilang ilang diperbaikin,netral,positif
3,minus chat plis balikin chat,netral,positif
5,tolong sensifitas mic roblox jelas sensifitasnya besarin kadang ngomong gitu kedengeran orang,positif,negatif
4,jujur kam batas umur ganggu nama onmic udah kasij teman koneksi percaya cuman chat doang tolong timbang,positif,negatif
5,kembali chat clasic face,positif,negatif
1,game buosok,negatif,positif
1,game tololllll,negatif,positif
3,seru geme nya eror seru geme roblox geme suka main zebeto geme roblox hapus aja maaf kalo kta nyakitin maappp,netral,positif
5,tolong hilang bug masuk map nya putih sih ava orang nya kalo game nya,positif,negatif
3,seru neg,netral,negatif
3,suka bisa neg daftar,netral,positif
5,kembali chat,positif,negatif
1,mohon mbnya,negatif,positif
1,roblok blokir umur biar anak anak lalai neg gem roblox,negatif,positif
3,bagus bagus aja gimana kayak sinyal bagus neg game ngeluarin udah instal nambah bug gitu hecker gitu hacker ato delta tolong banget di neg rusuhin kalo rangin nya bug nya rangin sinyal mohon ngertiin sinyal bagus tulis error gitu pilih ato sambung ulang plis gitu neg,netral,positif
5,game nya kayak embe,positif,negatif
3,game nya sih bagus pilih roblox minecraft game bagus roblox main map kecuali map umur dll game seru pembully ava bacon game pakai ava bacon sih pilih main pacar neg,netral,positif
5,kembali fitur chat roblox,positif,negatif
5,tolong aman text chat nya naik anak dikatain pantas neg singkat tolong tambah moderator indonesia,positif,negatif
1,game nya seru bikin orang emosi,negatif,positif
5,bilang roblox lag sinyal jelek mah kentang jaring nya butek dari neg roblox nya,positif,negatif
5,udah kayak gin,positif,negatif
3,geme bagus main geme leg neg leg,netral,positif
1,gem nya seru banget kadang ngeleg robux nya kalo beli mahal,negatif,positif
1,hellooo roblox hobi bngt ngapusin item udh gtu robux dikembaliin dikirain beli robux monyed make daun ngotak udh bulan gda info lanjut item lumayan robux,negatif,positif
5,pls gua fitur chat nya gua robux gimana,positif,negatif
5,gamenya eror pas login bisa neg masuk bagus tolong benerin,positif,negatif
5,semenjak verifikasi chat senang verifikasi chat dlu main pas chat gkbisa kira bug emang suruh verifikasi situ panik marah stres situ putus pensi comeback sayang berita buruk anak bawah blokir hapus permanen maaf besar berita anak bawah beneran maaf,positif,negatif
3,habis update gabisa login,netral,negatif
1,suka game bagus,negatif,positif
1,min main mati sih game lai enggak,negatif,positif
3,game seru kendala pas main pesan scurity bug tolong baik,netral,positif
1,seru sih game nya super lot bgt lgi bug lamaaaaa bgttt seru seru kalo main nya temen tapi kalo beuh seru neg bgt item hilang roblox tolong kembali nya hilang lbih seru ,negatif,positif
3,bagus karna ada neg chat,netral,positif
5,ada neg robax,positif,negatif
1,bagus banget,negatif,positif
1,buat roblok tolong tanam brainhot benih bintang kembaliin,negatif,positif
1,bagusss bangettt permainnannya terkadang klo main tiba nge leg udah nge leg,negatif,positif
3,dasar roblox kaga adil sadar sih natal update profil brokhavennya natal pas hallowin rumah nya lahh kristen gereja brokhaven gereja pas lebaran kaga dasar,netral,negatif
3,gamenya,netral,positif
1,sdh,negatif,positif
4,pils roblox can chat again because complicated with age verification,positif,negatif
5,plis unlock chat,positif,negatif
3,hehh depeloper kagak sih tombol loncatna teh tinggin biar susah mencet nyaa pikir tangan jumbo susah neg mencetna susah kosyakkk pikir logika aja depeloper maha sihh depeloper ahkk,netral,negatif
3,akun bisa neg login mohon baik,netral,negatif
5,fix jaring sinyal bagus jaring lancar hubung,positif,negatif
3,gem cukuk bagus,netral,positif
2,main nya bagus aesthetic lot iklan bagus sih kali chat nya buka kasi ngetik ngomong chat blokir iya tau buka blokir nya tau tau,negatif,positif
3,iya bagus wifi bagus game pause koneksi putus kalo masuk map loading ngebug,netral,positif
1,game jembu,negatif,positif
5,woi ayo chat temen chat nya sensor gimana chat temen apa roblox ngetik apa gabisa sensor mulu,positif,negatif
1,game nya bijak nya bener neg game lumayan seru fitur komen hapus game bosenin bgt banyak game afk grinding bikin ada neg vibes nya,negatif,positif
3,terkadang ngga langsung masuk robuxnya suka ngelag kuota,netral,negatif
2,enak bgt yet gua masuk tiba,negatif,positif
1,bintang digame fish seru neg,negatif,positif
3,untung seru kolo udh rating bintang ,netral,positif
3,roblox batasin fitur chat madahal bicara bagus ada neg hujat bawa delta sesal kawin umur,netral,negatif
3,game scammer pas lapor di neg tindak,netral,negatif
3,susah bgt klo chat temen umur nya beda dikit jujur suka,netral,positif
1,beli item ugc harga robux ugc nya ban roblox robux nya di neg kembaliin beli marketplace nya,negatif,positif
4,its kinda bad beacuse why would you make tounge,positif,negatif
3,hey ceo roblox hormat main game banned cheating fly ada neg cheating tolong baik system,netral,negatif
1,suka bug jalan kagak ngapa ngapain doang emg ngeselin kalo di neg benerin dev nya dongok,negatif,positif
1,gamenya doang bagus pihat nya tolol,negatif,positif
5,game retap bgus chat nya hapus,positif,negatif
4,jujur coba download bisa neg,positif,negatif
3,ngelag banget ngecheat,netral,negatif
4,jaring jelek dikit langsung main,positif,negatif
1,game nya seru sih game seru pokok tolong fitur chatnya kembali nya engga asik engga chat temen pas update fitur chat nya engga trusted tetep aja engga tolong fitur chat kembali trusted,negatif,positif
4,kembali chat classic face klo chatnya gpp classic face,positif,negatif
5,tolong akun duwicok kembali,positif,negatif
3,ngeleg,netral,negatif
2,game bagus david basuki hancur,negatif,positif
5,plis mah server nya tolong perbaikin ngeleg jelas neg kasih bintang roblox main lumyan seru,positif,negatif
5,roblox maaf salah keras harap bocil blokir neg perintah bocil buat kesal sedih kenang bocil dibanned akun diroblox ngetik sempat bukti roblox milik atur adil update roblox adil neg moga voice chat kayak pesan akhir nama akun robloxku ferdynaldanrealmegg,positif,negatif
1,jujur aplikasi udah beda bgt seru bgt gin sih dibatasin maaf suka game bintang,negatif,positif
3,tolong developer kembang bug cit,netral,negatif
5,talon kikir temmpe gua afk sore jam secret kikir,positif,negatif
3,suka ngelag ngelag oke,netral,positif
3,aja sih,netral,positif
3,bisa neg nge chat,netral,negatif
1,plis roblox baik kamera main enak neg,negatif,positif
3,roblox tolong internet stabil mas disconnect pas map tulis kode error males tolong diperbaikin fitur chat nya tambahin,netral,negatif
5,untuk neg anak,positif,negatif
3,titakpapa,netral,positif
3,game seru bug private server tolong cepat baik,netral,positif
2,roblox senang,negatif,positif
3,game nya bagus tolong update cepat pasuk map tulis tunggu server sedia dapet itu trus,netral,positif
3,verifikasi wajah lag kadang verifikasi umur akurat neg umur verifikasi deteksi umur picu mohon baik salah verifikasi tolong diberitahu when facial verification often lags and sometimes age verification inaccurate years old and when verification detected age still don know what triggered this please fix immediate,netral,negatif
1,game gendeng,negatif,positif
1,game nya sih udah bagus sayang nya minus masalah guna hand phone android fitur voice game roblox izin fitur voice orang pilih izin neg aplikasi dadak,negatif,positif
5,fitur wajah nih main tes wajah pake default face tolong kayak aja fitur gapapa fitur face,positif,negatif
3,gem nya bagus fitur nyeselin,netral,positif
3,suka game karna elajar bahasa inggris nya teman roblox seperti neg item item gratis bagus bagus,netral,positif
4,roblox plis kembali sistem chat ,positif,negatif
1,gamenya bagus kayang pertamakali donlot roblox,negatif,positif
2,suka join teman pindah map suka ngelag,negatif,positif
5,jelek,positif,negatif
4,chat hapus facenya tolong dibalikin,positif,negatif
5,orang pake script chit,positif,negatif
3,pliss buka chat mic nya,netral,negatif
2,lumayan sih,negatif,positif
3,bisa neg chat game tolong kembali obrol,netral,negatif
3,puas game game nya roblox seru cari teman game update roblox jelas neg fitur batas chat usia bintang update roblox bener neg,netral,negatif
3,gamenya asik sayang udah bisa neg chat,netral,positif
3,game nya sih lumayan seru sih roblox nya ngelek wifi lancar,netral,positif
3,game bgus bgt terkadang pas verifikasi salah umur tolong baik,netral,positif
4,komunitas roblox mohon hilang lag bug dan hilang hacker,positif,negatif
3,lumayan maret roblox ngefrezee pas ngeluarin skill sailor piece tiba frezee kemarin main lancar aja,netral,positif
1,seru,negatif,positif
1,chat game biar orang chat,negatif,positif
1,hallo roblox ketemu bug mic dengar neg suara moga diperbaikin,negatif,positif
3,wifi kencang kadang pass main lancar kadang ngeleg tolong baik,netral,negatif
1,game aura,negatif,positif
5,roblox masuk map ada neg suara sih,positif,negatif
3,balikin face clasicc kalo rating bintang,netral,negatif
3,min nya bagus banget nya merek main,netral,positif
3,roblox tolong masukkin dalam game bisa neg masuk tulis periksa koneksi koneksi stabi,netral,negatif
1,game kikr,negatif,positif
3,anak bawah bisa neg main roblox indonesia,netral,negatif
3,min robux masuk neg udah top kali alfamart nambah ngestak nambah,netral,negatif
1,this game,negatif,positif
3,roblox buka baca pliss uninstall kesel deh kasih bintang ihh ken main roblox dasar roblox ,netral,negatif
4,banyak update bikin risih,positif,negatif
3,bagus banget,netral,positif
4,gagal mainn coba,positif,negatif
5,roblox seru aman akun lemah contoh kerja cape banget akun hilang udah malas karna orang pake data data hilang rugi parah bangat kembali akun susah nya udah paham nomor password gampang tau neg password udah susah bagimana,positif,negatif
4,kamera burem skin burem gitu neg,positif,negatif
3,game nya sieh bagus kadang suka kluar koneksi sinyal nya sinyal nya baguss saran anak umur voice cat,netral,positif
5,get chat,positif,negatif
2,roblox bagus,negatif,positif
2,gemenya bagus suka grafik jelek,negatif,positif
3,please bring back the chat feature more fun and you can chat with friends,netral,negatif
2,game nya bagus cuman ngalamin black screen udah aku neg kasih bintang,negatif,positif
1,roblox seru banget main map benci hacker bunuh alas,negatif,positif
5,tolong ada neg batas umur chat gabisa chat beda umur,positif,negatif
5,gem jelek cocok neg main bisa neg main login akun hapus aja roblox jelek,positif,negatif
5,mantulll chat kunci,positif,negatif
3,seru,netral,positif
3,game nya bagus sih kadang kadang ngelek wifinya dihidupin ganggu neg,netral,positif
4,game nya udah bagus pas suruh ganti password kode nya mau neg muncul muncul udah coba hapus cache bisa neg tolong baik,positif,negatif
4,tolong kah chat bisa neg,positif,negatif
3,tolong dev roblox tambah fitur pilih server region dekat main game servernya ping spike ping,netral,positif
1,game kasih bintang karna game larang bocil main nya bocil salah neg roblox bocil akan neg suka roblox bocil main game contoh nya zepeto game anak main mohon maaf,negatif,positif
5,bisa neg chat malesin,positif,negatif
4,malas bisa neg chat mulut lakban seru gamenya sih iziiin banyakin udatenya ya,positif,negatif
2,game nya seru bisa neg chat verifikasi gabisa karna kamera blur,negatif,positif
4,gaada pengap detan,positif,negatif
1,suka main roblox sih,negatif,positif
3,mantep neg ada neg chat kalo ada neg chat kek orang jaman dinosaurus,netral,negatif
5,roblox pliss hapus avatar zepeto semenjak ava zepeto meum,positif,negatif
3,keren bangett,netral,positif
3,pas udh tanggal maret main map apa ada neg menit udh kasih kode,netral,negatif
1,suka neg update nya,negatif,positif
5,game bug bug kode,positif,negatif
3,bagus game aneh,netral,positif
3,turut sih game nya bagus bug nya ngk chat tuh demo brokeven pas masuk tuh lodingnya banget plis balikin chat ngk pakai veriviskasi umur,netral,positif
1,andai roblox zaman roblox,negatif,positif
3,mohon baik bug nya ngeselin malas nya main akubisa bug nya,netral,positif
1,oke buruk update nya,negatif,positif
5,gem bosan neg,positif,negatif
1,banget game nama nya steal brainrot aja suruh main capek main ada neg tolong min manusia lohh,negatif,positif
3,game nya udah bagus akun kalok dah ilang susah banget balikin nya makan kagak mlss main game,netral,positif
2,main map,negatif,positif
1,wow,negatif,positif
2,game sih bagus ngelek nya sumpah udah panas banget pas admin abuse escape tsunami for brainrot ,negatif,positif
3,bintang karna banyak bug ava,netral,negatif
4,evade ngelag nijr dll mayan ngelag neg,positif,negatif
4,maaf rating ngelag,positif,negatif
5,nya susah,positif,negatif
4,david bazucki hapus gemeh escape tsunami kandung konten bodoh,positif,negatif
4,susah log,positif,negatif
3,bisa neg masuk akun roblox usn nya gatau sistem spek potato,netral,negatif
1,tlg gamenya hps ank mkn mndi tdr smpai mtny rsk tlg yaaaa,negatif,positif
1,seru,negatif,positif
3,bagus sih tolong chat balikin jaga ketat ngomong kasar dewasa kotor kotor ban kalo chat di neg balikin pas main game orang tidur mau neg tutup tirai kesel karna bisa neg chat,netral,positif
4,seru ubah klasik face ubah unik neg lumayan game emote larang anak,positif,negatif
1,gem asik neg patapata suda supor,negatif,positif
5,koneksi jelek roblox biar main,positif,negatif
1,moga cepat tutup,negatif,positif
5,could you decrease the robux,positif,negatif
3,berat aplikasi nya,netral,negatif
3,bagus sih kali main game loading nya lam gitu kayk menit disconnet mohon baik blgnya main susah neg main,netral,positif
1,enak main sinyal bagus pake wifi,negatif,positif
1,deleted game blox fruit pls roblox,negatif,positif
3,bagus jir  jelek sih kenapaaa tunjukkin game tower tower mainin bengkalai vertikasi vertikasi kenal robux free yah david neg basuci pegang peran roblox mohon kakek tolong yak bosen vitur sampah roblox,netral,positif
4,reting karna bisa neg chattan,positif,negatif
3,bgs cmn di neg batasin usia nya cri teman,netral,positif
1,upd rblx skrg mkin gila chat iya kalo tmn dtng rmhnya biar bicara,negatif,positif
1,game nya bagus sayang nya ada neg indonesia nya susah kalo login gmailnya ada neg tolong baik roblox,negatif,positif
1,sinkat game nya uelpek,negatif,positif
3,roblox mohon maaf update nya aneh ngetik halo moderasi sensor ngetik aja sensor,netral,negatif
2,game nya asik dikit ngeleg wifi gua aja,negatif,positif
4,seru beli robux thr worth beli skin gamepass nya kadang update nya jelek komunitas roblox anggap neg bagus tarik bikin neg marah cuman khawatir roblox bagus neg main anak lapor orang tua roblox bagus neg main anak perintah konfirmasi roblox indonesia nonaktif anak umur maret,positif,negatif
1,roblox kin cet umur,negatif,positif
5,ada neg update aneh aneh,positif,negatif
4,bagus animasi face jelek,positif,negatif
1,seru sih seru seru,negatif,positif
5,kali ngedownload bisa neg instal apk jls neg buang buang kouta,positif,negatif
3,game seru pilih anehh kali update aja ilangin voice udah batas trus face klasik ilangin pas map kepala gede rambut aneh dehh hapus face aja ilangin tolong balikin dikit neg dikit ilang gimana main game nyamann udh tuju boleh neg voice banyakk ilangin,netral,negatif
3,main nya bagus saran update nya jan kali main suruh update trs rangin update nya,netral,positif
4,pas main live topia distconnect sinyal rumah nya deketnya pln,positif,negatif
3,mayan chet neg,netral,positif
3,game seru banget ngerendahin bosan stress nyebelin face roblox nya verifikasi wajah nya nebak umur nebak nya salah bug nya tolong baik orang koneksi percaya udah beli robux beli barang pas besok nya robux kurang kesel liat robux hilang tahu neg karakter tiba loncat sndri jalan kamera gerakin baik,netral,positif
1,bagus sih tolong facenya ganti klasik dinamik neg,negatif,positif
2,game seru banget bisa neg komunikasi player seru neg,negatif,positif
3,terlalu neg bagus,netral,positif
1,game ngent,negatif,positif
1,main ada neg manfaat,negatif,positif
5,hai roblox bisa neg shirt gratis,positif,negatif
1,nya sih seru chet kaga geme babiiiii,negatif,positif
3,tarik andai item gratis seru nge lag nge ban akun,netral,positif
3,acorn udh cute neg krn classic face hapus,netral,negatif
1,ugly,negatif,positif
2,turunin harga robux,negatif,positif
5,anak bawah blokir perintah indonesia sedih neg mohon maaf singgung kata saya,positif,negatif
3,update neg bisa neg masuk kegem sesal donglot nya yangnge ledek pokok nya plis ledek neg,netral,negatif
3,knp ngecat,netral,positif
3,gamenya baik bagus seru neg chat diabatasin erick kecewa liat,netral,negatif
3,tolong chet nya kembali,netral,negatif
4,tubuh laki laki pas ganti avatar ada neg tubu,positif,negatif
4,tolong sinyal nya bikin nge lag main forsaken gitu tolong yaa emg game nya bagus sih bikin shirt upload pake robux classic face hapus,positif,negatif
4,bisa neg verifikasi usia,positif,negatif
5,geme goblox,positif,negatif
3,kadang lag trus akun suka ilang,netral,negatif
5,roblox item mah urung turun robbuka gratis,positif,negatif
3,seru kreatif,netral,positif
5,min tolong batas neg anak anak bawah umur,positif,negatif
4,tolong kalo item ilang lngsung ganti roblox nya marketplace harga kali lipat udah aju banding gaa turun tolong min nick roblox aks,positif,negatif
3,ngelag,netral,negatif
3,gamenya bisa neg main blox fruit nya seru bisa neg main,netral,positif
1,lumayannn ,negatif,positif
5,nya kentang harga juta mending di neg paksa main roblox roblox bikin siksa cepat panas bikin lag suka bug neg game nya kuat neg panas nya,positif,negatif
3,update nya bikin susah komunikasi huhuu,netral,negatif
3,senang karakter beli pake robuk sempet logout minggu akun pas login karakter warna ijo bel ilang tbtb bacon karna karakter udah hapus gmn,netral,negatif
1,sebenernya udah bagus banget update nya bagus bug sinyal nya ngeleg bangett fitur chat nya nonaktif anak anak sebenernya bagus biar anak anak aman gasuka aja gitu bisa neg chatan temen bocil,negatif,positif
1,kasih robax gratis seru sih game nya rame robax nya beli gitu,negatif,positif
1,roblox dibene,negatif,positif
1,nih game game tiru braintrot aja bagus lumayan,negatif,positif
5,btw tau sih game nama judul roblox nama game nya simulator tank unlock the end kayak buka kayak inspirasi game update deh sampe kelanvsungan buka tuh unlock nya coba deh cari aja kasih tau cerita simulator tank salah game legend lahir neg update sampe sampe update,positif,negatif
3,gelo gem sanggant bagus,netral,positif
2,seru kalo oppo fungsi neg harap boleh main roblox kalo akan neg anjlok,negatif,positif
4,bintang krena fitur skibidi ngejar kayak gerbang hapus tolong pulihkann,positif,negatif
1,game nya sih bagus main nya ngomong nya kasar banget pakek mik,negatif,positif
3,banget,netral,positif
3,mantap aplikasi bagus,netral,positif
5,roblox tolong kembali roblox kau blokir dari nya pakai rusak baik adi roblox nya langsung date tunggu menit roblox nya bisa neg baca sih retri mulu wifi nyambung nama aku ardan salah tolong cari plis cape download hapus dan tolong gimana,positif,negatif
1,kasihan roblox blokir awoakwoakowwkaowkaowk,negatif,positif
5,ngelek,positif,negatif
1,tolong bisa neg chat voice chat ,negatif,positif
3,bagus bagus sih game tpi keilangan akun anjir gpp sih main game favorite peta peta developer tolong bugnya benarin sikit aja,netral,positif
4,gamenya udah bagus sih pas mainin gamenya ngebug udah uninstall ulang loh log updatenya guna kayak verifikasi ktp gitu verifikasi wajah fitur chatnya hapus verifikasi mah kangen roblox,positif,negatif
1,tolong roblox moga baca roblox akun pulih tolong roblox moga akun cepat tuhan,negatif,positif
3,tolong bagusin don koneksi pas main koneksi putus putus kasih bintang,netral,positif
3,game nya bagus kadang kadang ebag,netral,positif
3,udah main pindah gem main roblox pas log bisa neg udah masukin akun roblox password nya error password salah tolong baik masala log,netral,negatif
3,jujur lumayan,netral,positif
3,heh ngapa roblok gua koneksi ada neg fivi aman ngelek neg cok,netral,negatif
2,game nya bagus main game disconnet internet bagus game mau sih wifinya tolong baik game,negatif,positif
1,game sih seru koneksi putus gamegitu,negatif,positif
3,kasih bintang roblox bisa neg chat tolong developer roblox baik,netral,positif
3,game nya lumayan bagus mabar ama temen suka aneh aja gitu wifi lancar connect mulu lancar wifi nya ada neg hambat,netral,positif
4,menginstal nya,positif,negatif
1,geme nya bagus fitur chat ada neg,negatif,positif
4,suka update baru bisa neg komunikasi orang orang age group nya sama neg kaya akun sisi positif sih bikin roblox aman anak anak negatif orang orang gabisa komunikasi temen temennya udah jdiin temenku connection trusted tetep gabisa chat map voice chat gabisa bisa chat langsung aja,positif,negatif
3,game nya oke kadang knp wifi nya lancar kadang suka lemott bgt kadang klo main mati mati mulu roblox hrus tanggung,netral,positif
3,bring back the classic face,netral,negatif
1,game haran,negatif,positif
2,wow,negatif,positif
3,bagus hina bacon salah neg,netral,positif
4,game burik suka ngeleg tolong baik game terus neg update,positif,negatif
5,knp roblox bisa neg login sinyal kuat mohon cepat baik,positif,negatif
1,mana roblox,negatif,positif
2,game nya seru tapi seru ngechat gitu hapus ken chatan temen roblox padahal nya chatan nya map papan teks ken chat roblox kembali,negatif,positif
5,roblox mara goblok,positif,negatif
1,gem bagus,negatif,positif
3,suka game kasih chat,netral,positif
3,gamenya asik main error,netral,positif
5,want request that savannah life included the offline feature because they are currently planning the offline feature please include the savannah life game and possible the game should like savannah like the original savannah the way play doesn change and can play with other people too and want ask that the security strengthened because usually find people who use,positif,negatif
1,koneksi nya suka putus,negatif,positif
3,chat roblox bisa neg tower brookhaven bisa neg chat bintang karana sebab nya bisa neg chat bis neg pengunikasi,netral,negatif
3,game nya bagus ava nya terlalukebuka,netral,positif
1,maaf bintang robux nya mahal,negatif,positif
3,previously ranked now because the new rules,netral,negatif
1,roblox ngecek pasword aja,negatif,positif
3,suka roblox chat nya balikin,netral,positif
1,gem bagus banyak main nya bug citer nya tolong gem nya baik kembali chat nya,negatif,positif
3,game nya bagus gelek parah kalo dimainin,netral,positif
5,akun blok,positif,negatif
5,game nya ngeleg parah,positif,negatif
3,kasih bintang bisa neg chat dasar game kira game keren,netral,negatif
5,bring back chat chat roblox return chat demo bring back chat,positif,negatif
3,seruuu,netral,positif
5,ada neg robux sembilan ayo pingin top sembilan,positif,negatif
1,seru sih boros paket anjir main sebentar paket tinggal dik aduh baros main roblox karna kasih bintang,negatif,positif
5,game nya jelas neg boong suka banget pokok roblok arus hidup ,positif,negatif
3,roblox gaje donate kena pajak tolong kurang pajak rendah,netral,negatif
3,bagus bisa neg chat yah biar di neg blokir,netral,positif
3,bagus ngurusin playernya script report minimal reportnya banget beda orang ban permanen,netral,positif
1,ken demo roblox karna besok roblox blokir mau neg hilang roblox love roblox main roblox cukup neg roblox ngebolehin neg chat roblox terima roblox mungkin neg terima ,negatif,positif
3,lumayan untuk main game,netral,positif
1,bagus tarik,negatif,positif
3,game bagus map variatif banyak brainrot,netral,positif
3,ken bagus main roblok pakai kouta smartfren aja gesz kasih bintang failed connect experience guna neg script nyala neg vpn mana atas bisa neg kasih tutorial,netral,positif
2,nih gem bagus tolong jan dikit dikit miute dik dik langgan kata neg kasar loh,negatif,positif
3,roblox senang loding baget bosan roblox usah neg pakai paket enak hampus roblox mohon milik roblox baca terima kasih ucap,netral,positif
3,cool,netral,positif
3,kick main game capek nunggu loading menit,netral,negatif
1,lumayan kasar,negatif,positif
3,susah obby nya robux orang dorong,netral,negatif
5,roblox udh bisa neg chat pke fitur males tau rame neg daing hapus roblox,positif,negatif
3,seru bikin kesel kadang kasi update nguawur update jelas neg udah gitu aja sih,netral,negatif
5,nya orang komentar menyalahin game nya salah nya map nya,positif,negatif
1,super game,negatif,positif
4,aman data akun aman akun hilang hack,positif,negatif
3,tolon kikir,netral,negatif
4,update mulu,positif,negatif
3,ngelek,netral,negatif
1,lumayan kadang suka macet,negatif,positif
3,buat chat orang robloxxx,netral,negatif
3,game bagus kelas gamenya bagus bagus bahasa inggris indonesia kurang kembali chat kasar lapor kembali skin skin gratis orang punya neg robux butuh robux gratis minimal terima kasih david basuki game tarik nama roblox,netral,positif
1,fix the bug please,negatif,positif
3,blh kembali chat,netral,negatif
3,game udah bagus update jelek variasi avatar barang classic hilang,netral,negatif
3,terlalu neg bagus,netral,positif
3,main nya seru akibat panas menghapiskan paket,netral,positif
3,game nya blokir sedih,netral,positif
4,sorry this roblox game very exciting for and others too but day day why are the updates not good now the classic face has been removed and now also more difficult play and access roblox,positif,negatif
5,game nya bagus seru bijak masuk neg akal upload baju klasik bayar robux item hapus sistem salah tolong baik biar kayak,positif,negatif
3,banyak update,netral,negatif
5,pls wan play stop say connection error connection good bro stop say that pls,positif,negatif
1,pliss suka banget sih karna baju sopan neg iseng instal buat avatar baju sopan neg pake robux islam gin dehh udah segitu aja pliss baik ,negatif,positif
1,game bagus bagus free fire,negatif,positif
3,bikin boros batre,netral,negatif
1,bagus,negatif,positif
1,roblox tolong aktif chat nya,negatif,positif
3,bagus sih bagus update update melulu kayak gin punya neg main pakai pulsa kuota update kayak download ulang,netral,positif
4,chat verifikasi item face hapus,positif,negatif
3,download roblox kasi bintang tiga,netral,positif
2,seruuu bwt game nywww,negatif,positif
2,suka game roblox gara gara gamenya,negatif,positif
3,pas main map parkour promosi map nya favorit suka jatuh pas finish,netral,positif
5,seruuuu kesel jaring apdet,positif,negatif
2,gem seru sihh banyak trollr samp karakter baik neg tau main nya nyesal ya neg karna seru kesal kadang ngebug pahadal wifi bagus bagus aja suka masuk gem gem tolong upgrade roblox nya tolong batasa chat nya kasi aja iya bawah bica chat,negatif,positif
3,best hacker suka neg,netral,positif
1,bagus banget gemesnya mabar teman sodara abang,negatif,positif
1,game nya,negatif,positif
3,sebenernya suka banget main game semenjak larang perintah hapus tahun,netral,positif
5,akun gak,positif,negatif
3,kah bahh fitur chatnya di neg verifikasi umur malas bah,netral,negatif
2,ada neg event agama islam muslim bagus,negatif,positif
3,seru sih sih nya jelek banget sengaja udah scan pas suruh foto bisa neg cahaya udah terang udah error mulu,netral,negatif
5,woi roblox jaring udah bagus error mulu dah baik servernya,positif,negatif
1,hey soo hate the dynamic heads btw,negatif,positif
1,gemnya bagus rikonek hapus selamat tinggal roblox,negatif,positif
2,seru game nya mabar teman ribet bisa neg ngobrol teman nalah seru,negatif,positif
4,plis kembali roblox ganti karakter kostum nya kaya ribet banget susah mohon baik,positif,negatif
1,nulis,negatif,positif
1,item bagus hilang abis robux nya gapernah,negatif,positif
3,seruu untung penguna android lumayang lag kadang lag kadang ya neg gantung,netral,positif
3,main masuk gamenya banget bikin kesel aja,netral,negatif
1,tolong admin roblox ganteng sigma tolong map brainrot hapus min pliisss,negatif,positif
3,gamenya kesal batas usia sih ngobrol neg klasik face hapus,netral,negatif
3,seru gra filtur bolh neg cht jdi aasik neg kembaliin kyk lgi plz,netral,positif
3,bagus sih sihhh neg banget udh update fitur chat bisa neg chat teman chat sih teman bisa neg sih batas umur server game nya tulis batas umur anak larang chat ngeleg wifi bayar lancar roblox nya aja loading nya tuh salahin koneksi wifi bisa neg tolol,netral,positif
3,apa lag banget allah dari neg emang apk nya aja ava aing kumis pernah neg otak atik ava gila banget jqdi jelek,netral,negatif
3,why was the regular head replaced with dynamic head where the regular head that bought for robux and when will robux come back,netral,negatif
1,           ,negatif,positif
2,turut game nya bagus mohon roblox update nya baik player senang moga guna,negatif,positif
2,bagus kasih bintang gara gara chat udah dibatesin gitu bosen,negatif,positif
1,main layar langsung,negatif,positif
3,roblox seru sih tanggal bisa neg main roblox tolong roblox,netral,positif
1,game fish senang stlh quest rod element diamond resah minggu quest turun neg quest gila afk saran neg main bug quest misi aura rod bait map pirate,negatif,positif
3,seru chat nya ngeselin update jelas neg,netral,negatif
5,cool guess,positif,negatif
5,jelek banget sangking jelek ksih bintang ,positif,negatif
3,this game but friend can use chat,netral,positif
5,wgat this update,positif,negatif
1,bagus cuman kena banned bisa neg ngetik seru neg end akh bisa neg ngetik temen temn tua suka neg game nya udh bye,negatif,positif
4,bisa neg mike,positif,negatif
5,update tunda canda,positif,negatif
1,tolong baik bugnya gamenya seru banget bugnya bikin kesal bug koneksi jaring internet bagus aja internetnya,negatif,positif
1,cuki,negatif,positif
3,halo mas salam jawa solid jelas neg mas roblox chat batasin vertifikasi wajah udah kayak vertifikasi kriminal ava nguawur kayak tiang listrik kayak sus dll game ngeleg game busuk otak item face ubah tolong mas roblox baik fans roblox kasih bintang,netral,negatif
1,top robux kali dapat neg nya,negatif,positif
4,sakit ati akun ilang,positif,negatif
3,mayan bagus jelek banget,netral,negatif
1,game nya,negatif,positif
3,seru neg main roblox gara gara fitur chat batas,netral,negatif
3,game nya ngelag kalo ada neg sinyal,netral,negatif
2,main map kali ava hilang cari map padaha jaring wifi bagus seru kalo chat org loncat loncat paham,negatif,positif
1,nambah koneksi meuni kudu make email nararajis,negatif,positif
5,possible don keep updating,positif,negatif
3,why there bug roblox can play roblox,netral,negatif
3,bagus gabisa masuk game tolong baik doain gaisa cat bisa neg main game kasih hati jantung roblox,netral,positif
1,tolong roblox map masjid taubah nista agama leceh,negatif,positif
1,your roblox game good but please don make the security too tight you made many accounts disappear and those accounts are very valuable and spend lot money roblox games,negatif,positif
1,bagus mabar sebum robux aku neg roblox hingga neg robux nya,negatif,positif
3,aplikasi nyaa bagus tolong chat nyaa semu tolong bangett dehh,netral,positif
3,suka,netral,positif
3,game cocok neg tab tpi cocok karna main suka gerak karna tombol nya tombol nya enak tekan teken pake bawah jempol,netral,positif
2,game nya bagus bisa neg chat gamenya isi brainrot ada neg bagus isi game broinrot tolong developer chat,negatif,positif
3,bug game nyaman neg eror jaring bagus bagus,netral,positif
5,hehehe sih cheat rusak game roblox game seru banget pas rusak ban roblox njir,positif,negatif
3,keren sih sayang chat nya dihilangin,netral,positif
3,suka bett umur deteksi ken mic pluss suka gameplay paused kadang suka bug,netral,positif
1,game nya bagus usia bawah,negatif,positif
1,makasih,negatif,positif
5,roblox hacker clkid badan karakter nya warna merah  roblox anak umur di neg bennett ,positif,negatif
3,updated nya bagus bug nya baik seru cuman updated nya cuman server lag dah pake wifi sinyal nya bagus cuman main udah loading ngelag mohon baik server nya ken main normal,netral,positif
5,sering update kali kali update update tau neg minimal info gitu kalo update,positif,negatif
5,game macet enga buwat jalan,positif,negatif
2,bagus hangker hapus game,negatif,positif
3,sih neg gausah ngehapus kepala klasik monyet,netral,negatif
5,komplain fishit komplain developer fish ke neg roblox gimana sih,positif,negatif
2,karna kadang ngeleg huh,negatif,positif
3,give star rating really like roblox been playing since but bit annoying when lags even though been cleaned still lags don let lag again roblox,netral,negatif
2,roblox seru karna facenya gerak suka animasi facee pokok mau neg main roblox,negatif,positif
3,laku neg langgar ban,netral,negatif
1,gamau login min,negatif,positif
5,jelek,positif,negatif
3,pls tolong balikin classic face tau owner roblox roblox realistis tolong kalo pake dynamic face kayak aneh bgt gitu pas pake wajah melet tuh kayak iler tolong balikin classic face lagi hapus neg classic shirt kalo shirt bayar neg pake robux plss dlu roblox update bikin bahagia balik roblox diri neg,netral,negatif
3,rating chat bisa neg pengaruh teman teman bisa neg bicara chat teman teman moga roblox indonesia di neg banned,netral,negatif
4,seru bisa mabar teman map main teman suka baru wajah klasik udah ada neg lagi verivikasi umur chat sesuai neg umur asli,positif,negatif
1,g m  s k k r k s s r s g s s k  g  k g g k s m m k r s k k r m,negatif,positif
4,apa jir chat nya pake hapus sepi udah verifikasi bagus sih,positif,negatif
4,kena hck,positif,negatif
5,roblox bisa neg bilang pake chat roblox,positif,negatif
4,sering update minim inti mah terlalu neg banyak update memo penuh maen game plis aktifin chat roblox kek plissss,positif,negatif
4,halo min suka banget roblox min klo ngetik verifikasi gatau udah verifikasi suruh ortu pas udah masukin alamat email asli salah gimana sih lancar ngelag benci tuh kalo robux beli baju rambut aksesoris dll hapus minimal robux nya balikin dasar roblox gabisa ganti rugi ,positif,negatif
1,bagus bagus hapus,negatif,positif
4,bug game,positif,negatif
3,game kentut akun hapus mulu game capek main tiba akun hangus asa mencet neg log out tiba hangus akun kasih bintang aja,netral,negatif
3,anjir baju sampe org kaya,netral,negatif
1,gabut kasih bintang,negatif,positif
3,item hapus mulu,netral,negatif
3,robux top robuxnya kasih,netral,positif
1,tolong kembali uang sengaja neg pencet beli robux tolong,negatif,positif
1,main bagus udah mendaulot nya dituruninsi neg nya hapus wassap plis turunin nya nya plis banget plis banget ,negatif,positif
1,gem nya bagus banget lucu lucu,negatif,positif
4,bagus benci chat batas alas lindung anak orang jahat tatap batas chat roblox sahabat teman beda umur server game nya terkadang ngelek susah rena disconnect naikin rank vollball lengend disconnect poin nya poin main internet jelek neg sekian keritik tipis,positif,negatif
3,musik aku neg boleh neg pakai skin gratis gratis gratis gratis gratis gratis gratis gratis aja bagus,netral,positif
2,roblox seru bikin cepat panas sebentar jirr,negatif,positif
3,lumayan seru,netral,positif
3,geme senang sayang indonesia bawah umur banned akun,netral,positif
1,bintang,negatif,positif
5,roblox pas update nga seru karna nga chat orang,positif,negatif
3,game seru oknum map senonoh neg anak memainkanya,netral,positif
3,tau sih,netral,positif
5,mmm berat roblox tolong turunin ngelaag banget turunin aja udah log bisa neg loncat bug bisa neg update sih jadiin plis,positif,negatif
5,saran ketemu chitter klo ketemu citer map di neg lapor membal lapor nya kena suspend ban jdi klo citer aja sistem ban roblox zionis mangkanya gitu,positif,negatif
3,akun lupa sandi,netral,negatif
4,apaansih face hapus face suki kemanain balikin robux neg nya hapus greget,positif,negatif
3,banyak baru pulih,netral,positif
1,tolong terlalu neg batas,negatif,positif
3,bring back roblox chat,netral,negatif
5,roblox hapus cok gimana enaken enaken super sus stumble guys minecraft,positif,negatif
3,game puji chat blok kasih rating seru neg yng,netral,positif
5,robloxx nya bisa neg masukk,positif,negatif
2,k r k m m r  s g k s  k g  rkk k m s s m r s km k s,negatif,positif
1,game nya dah main contoh main brookhaven aplikasi woiiiii game dah,negatif,positif
1,arigato guzima,negatif,positif
2,nya seru pas tiba jalan gitu tombol jalan nya ada neg kek jalan kayak dikendaliin orang gitu udah minggu kek gitu ngelek ngelek nya tuh pls tolong biar neg orang ambil akun dap bagus nya tuh kek ambil barang gratis orang nya,negatif,positif
3,pilih bimntang bisa neg chat,netral,positif
3,seru bangat main nya,netral,positif
3,game bikin update kadang guna neg nyebelin verifikasi umur chat,netral,negatif
1,serfer nya suka down sinyal sayal bagus kencang,negatif,positif
4,dikit neg update jelas neg tpi overall bagus aja main nya,positif,negatif
1,perskdbdh neg elek suka,negatif,positif
3,game nya bagus balikin classic face updatenya gin classic face dulunya dipake old roblox hapus age face gin plis balikin classic face udah ciri khas roblox hancur sumpah bugnya nyaman tolong perbaikin update normal aja cpek,netral,negatif
2,roblox bagus bisa neg chat teman seruh neg,negatif,positif
5,bosan neg,positif,negatif
2,hai developer game nya seru tolong avatar zepeto hapus unsur roblox nya kotak,negatif,positif
1,knpp hapussssssss donlod nyaaa,negatif,positif
3,games bagus,netral,positif
3,kasih bintang nyaman neg kayak kalo orang teman pas main towernya tuh kayak lompat ttiba mintag teman jatoh minimal minta pertemananya taroh biar orang kayak maen tower gitu tuh biar gampang,netral,positif
5,roblox udah ramah,positif,negatif
5,sumpah ampe trauma mainin game,positif,negatif
1,seru banget komunikasi orang verifikasi usia kembali chat roblox ,negatif,positif
3,roblox seru tdk seru karna ngobrol bosen deh tolong baik ngobrol lah,netral,positif
5,roblox alami macet kayak bisa neg masuk,positif,negatif
5,coba mainin game kikir mulu mancing bainrot coba game yng bagus game neg bikin rusak otak,positif,negatif
5,knp headless fake hrs dihps pls kalo gamau rugi minimal item jgn mahal bgt pikir mudah nabung beli headless asli gua gasuka game kyk gin item dikit dikit dihps,positif,negatif
5,lia sok asik huuuu,positif,negatif
5,roblox bisa neg masuk apl nya pas masuk virus nya,positif,negatif
3,game updatenya buruk chat bisa neg face ganti dynamic face jelek bgt kualitas rendah mending supersus drpd roblox,netral,negatif
4,patah patah,positif,negatif
3,main asik bisa neg komunikasi,netral,positif
2,bagus sih lag gameplay paused,negatif,positif
3,login salah game,netral,negatif
1,game game seru,negatif,positif
4,bisa neg main,positif,negatif
3,bgus sih ank umur main game tolong ketat hapus map brookhaven situ letak anak umur main kyk roleplay keluarga awas dampak anak umur tolong hapus aja map brookhaven,netral,positif
3,game nya udah asik chat batasin roblox game anak chat dibatasin verifikasi wajah akurat neg tolong bikin roblox tolong chat nya dikembaliin gua kangen roblox dulu,netral,negatif
5,bagus kasar,positif,negatif
1,for roblox please listen the players this game and wiser updating this game the future,negatif,positif
3,suka roblox jir,netral,positif
1,game bagus seri eror sinyalnyas wifinya kenceng,negatif,positif
3,game seru susah,netral,positif
3,anjing game nya ngeleg cok,netral,negatif
1,roblox hapus suka banget roblox lagi orang aneh kalo main brok haven pake bayar lagi main,negatif,positif
1,seru sih kuota cepat habis,negatif,positif
1,game nya seru makan,negatif,positif
3,seru knp sih upgrade,netral,positif
3,game nya bagus isi variasi mohon maaf sebal server jaring putus server internet guna lancar buka aplikasi beda pental sebab nyaman neg guna selviach,netral,positif
3,roblox tolong baik jaring jaring kencang masuk main error bug contoh nya map brookhaven bug map tolong fiks bug nya seru bug bisa neg masuk map error masuk map ngeselin tolong baik roblox kalo baik neg ada neg seru seru nya ngeselin,netral,positif
1,seru diskonec pdhl afk main jaring bagus lancar mohon baik david bazucki,negatif,positif
3,chat,netral,negatif
4,bagus benci banget kalo udah beli item hilang udah beli item den nya hilang bobux nya dibalikin neg ngk notice,positif,negatif
5,this game only prioritizes banning chat and verifying while scripters are allowed run rampant reported the scripter roblox didn ban but instead account was banned for week give stars that goes straight the top the comments don play before you regret,positif,negatif
5,tolong baik bug mouse klik kanan android suka ngebug ngestuk ngeselin bangettt,positif,negatif
3,game seru kurang map tau dewasa anak fitur aja sih bagus,netral,positif
1,seru sekibidi wing,negatif,positif
3,karna akun hilang nama azkagmr hilang,netral,negatif
1,milik roblox tolong kembali wajah tolong,negatif,positif
3,bgus sih ketemu heker mulu make mod,netral,negatif
1,map brookheaven senonoh neg pacar hubung badan,negatif,positif
1,sloppy,negatif,positif
5,ngga login,positif,negatif
5,udah bikin akun mamah tau neg sandi nya mainin bisa neg login karna kasih sandi dah mainin bagus bisa neg masuk mau neg mainin roblox karna sandi doang males,positif,negatif
4,game seru neg,positif,negatif
5,pas top robux eror baru negara play,positif,negatif
3,roblox game nya bagus kalo ada neg nama bucin alias pacar karakter sensitif alias senonoh neg bulian roblox plis ketat aman udah capek anomali sus alias senonoh neg main adik bikin kesal dah ajasih sisa bagus bagus aja,netral,negatif
1,gimana gitu,negatif,positif
2,sebenernya seru tolong jngn batesin chat nya,negatif,positif
4,ubah chatnya lihat orang main roleplay sulit,positif,negatif
4,tanggal anak udah bisa neg main roblox anak seru neg ubah gamenya sih bagus tanggal roblox verifikasi kasihan anak bawah kayak,positif,negatif
3,kasih age verivikasi nge chat,netral,negatif
1,game bagus neg anak anak,negatif,positif
1,ken aja,negatif,positif
5,top pernah neg gagal,positif,negatif
4,mohon verifikasi hilang karna bisa neg gaul orang,positif,negatif
5,di neg mati chatan karna usia biar anak anak komunikasi,positif,negatif
3,atur,netral,negatif
4,gabisa chat,positif,negatif
5,jelek,positif,negatif
3,suka game pas buka miring samping ngga ubah,netral,positif
1,asik sih sebenernya suka map nya,negatif,positif
5,akun hilang,positif,negatif
3,tolong hapus fitur age group bisa neg chat teman roblox,netral,negatif
4,tolong benerin bug masuk plis benerin,positif,negatif
4,bisa neg buka,positif,negatif
3,g m g s  g g m r k s m r   g k r g g m k m s m  k s g   s k m m  m k r  g m k s  k g s g m  g r g r  r k s,netral,positif
5,nih game kesini david bazuckci gajelas jirrr dah kasih bintang aja,positif,negatif
5,tolong kembali chat dll,positif,negatif
3,kasih bintang bisa neg shirt free shirt bayar robux tolong bikin free,netral,negatif
5,bilang verifikasi mending main game aja main tinggal main sewot,positif,negatif
3,karna bisa neg chet anak kecewa karna bisa neg ber komunikasi tunggu tahun ber komunikasi teman game bisa neg chet,netral,negatif
1,game kereta nya bagus neg,negatif,positif
1,kaga bagus,negatif,positif
5,roblox sekadar neg game platform kreatif gratis bug nya contoh pas masuk game nya ngefrezee suka patah patah memory suka lag jaring bagus stabil neg kadang game dukung neg game nya udah bagus seru enak mainin susah neg susah sih nya tolong baik game nya biar stabil lancar udah the beast nih game,positif,negatif
3,bagus nge lag nya,netral,positif
5,chat hapus pas chat beda umur chat gembok plss jagan gembok,positif,negatif
1,good game,negatif,positif
5,please check the chat ,positif,negatif
3,bisa neg chat ngelag jaring internet bagus game nya jelas neg kesal,netral,negatif
3,roblox tolong aktif biar orang ngetik roblox orang ken kalo roblox sepi kalo ada neg bocil resah,netral,positif
1,game nya seru ngebug and chat trs suka,negatif,positif
3,main roblok bikin goblog windaw brusahas,netral,negatif
1,game nya udah bagus kadang bug kayak atur nya ganti mode bisa neg ganti gatau males pilih kasih temen beli emot mah harga nya robux robux,negatif,positif
1,pas login main main nya seru bisa neg mainin pas buka roblox langsung geme pas coba tolong baik bug nya bisa neg buka tolong bantu baca admin roblox,negatif,positif
3,seru banget ngelag nya,netral,positif
3,tuju fitur chat nya kembaliin sihh,netral,negatif
1,bagus bagus aja ava beruang hilang ngga ganti pls notice ava ilang dibalikin neg,negatif,positif
2,geme nya lumayan seru lot dikit,negatif,positif
1,jadi neg game favorit lagi,negatif,positif
3,coba roblox beta ahah,netral,positif
3,game nya bagus sayang nya game nya suka ngeleg sinyal lancar,netral,positif
2,roblox seru main malam hutan ngelag kalo game lai engak memori cukup tolong baharu terimakasih,negatif,positif
1,roblox baik uninstal roblox makasih roblox update keren banget neg,negatif,positif
1,bagus macet,negatif,positif
4,tarik robux bayar ngak uang,positif,negatif
2,game nya bagus ngechat kasih batas umur bug nya bucin gemnya unsur orng dewasa,negatif,positif
2,game nya aja dev bikin neg game,negatif,positif
3,game nya lumayan,netral,positif
1,roblok,negatif,positif
5,erti neg maksud anak roblox di neg hapus akun kuu,positif,negatif
5,game kek khon thol jump boad robux ilang sia sia jump boat,positif,negatif
1,karna bisa neg main,negatif,positif
4,add orang bisa neg error,positif,negatif
1,cocok neg org tua pikir,negatif,positif
3,deh kalo ganti display name kudu nunggu kalo ganti username kudu bayar main game anak uang beli robux ntar maksa ortu parah nyuri uang ortu orang smart dev,netral,negatif
2,gem nya bagus tolong chat nya gapake blablabla kaya tanggal roblox per neg boleh anak cit robux infinity nama vdynfos nama ngasal tolong masuk gem pernah neg mainin kaya nigh indeforest kadang ngebag kaya nembusus tanah sampe obor tetbang batu batu,negatif,positif
1,bisa neg login roblox,negatif,positif
4,developer mintak tolong main roblox pakek setup mobilador pasmasuk map cobak pakek mode shif lock layar bisa neg geser mousenya ada neg tolong baik,positif,negatif
1,game seru fitur chat nya game enak tarik neg main,negatif,positif
4,pas langsung jatuh bikin tower kalo ngak langsung paksa henti,positif,negatif
4,bisa neg buka,positif,negatif
1,game seru neg batas chat rekomendasi neg suka main game,negatif,positif
5,roblox banyak game brainrot muak rusak otak anak anak seluruh bumi main game brainrot candu tolong developer roblox developer dalam gamenya tolong banget game enak main ada neg unsur brainrot dalam ada neg unsur plagiat bukti kreatif main roblox terimakasih btw buka chat publik dong,positif,negatif
5,game sih bagus nge lag kaya pas main jaring bagus koneksi cepat pas masuk game roblox langsung nge lag bikin kesel buat game roblox tolong baik,positif,negatif
3,buat roblox kaga pake akun robux nya kasih bintang ,netral,positif
5,akun roblox hilang njr,positif,negatif
1,gamenya bagus,negatif,positif
1,nya seru neg sumpah,negatif,positif
3,upgrade bagus jelek umur batas badan zepeto ilan,netral,negatif
1,update bagus suka,negatif,positif
1,gem nya tuh inituh udah bagus turunin nya min han,negatif,positif
3,masuk game gaada sinyal sinyal kenceng banget tolong fix,netral,negatif
4,bug,positif,negatif
4,game roblox game seru game nya map pantas neg game asik grow garden steal brainrot dead rails tower laser trol tower tsunami brainrot roblox ban neg game pantas neg bikin ratu aneh jelas neg,positif,negatif
1,game bagus kasih bintang,negatif,positif
5,bagus sepi,positif,negatif
5,knp masuk roblox langsung udh update sistem udh bersihin,positif,negatif
1,bagus,negatif,positif
1,tawuuu,negatif,positif
3,game bagus pas bikin shirt bayar bintang evade loadingnya,netral,positif
3,suka game curang delta cit,netral,positif
1,seru mabar bareng temen,negatif,positif
3,seru,netral,positif
3,geme asik tolong kecilin neg memori nya nyaman neg main hapus geme tinggal ngelek gara gara memori sinyal sinyal kuat disconnect gara gara sinyal bilang nya tolong perbaikin,netral,negatif
5,roblox gimana bisa neg masuk aplikasi roblox layar ,positif,negatif
5,tolong batas neg chat,positif,negatif
3,upd roblox bad,netral,negatif
5,kembali akun loh oppo rusak tuh trus download pls,positif,negatif
1,seka ngeleksekali nya,negatif,positif
3,dah memory penuh gara gara roblox ,netral,negatif
3,least the chat doesn need age verification idiot,netral,negatif
5,kikir,positif,negatif
3,keluar,netral,negatif
5,yah bagus tuh bagus kayak grow garden steal braintrot secret staycayion dandy wolrds bisa neg ngobrol udah larang obrol teman hindar omong kasar kotor anak bawah ikut neg kata jelek aja dibanned loh biar ngobrol pakai wajah manusia kalok kayak remaja anak dipakek neg ngobrol,positif,negatif
3,roblox ngecrash ngebug gimana bisa neg masuk roblox nya pas masuk aneh jaring ngelag engga anhe bet tolong baik sistem nya,netral,negatif
3,game bagus fitur chat ada neg wajah roblox ganti kedip bagus kedip neg,netral,positif
2,suka ngelag,negatif,positif
2,suka,negatif,positif
3,bagus seru banget,netral,positif
5,apik jelek,positif,negatif
5,talon tlong akun baik susah neg secret nya,positif,negatif
5,robux ejek mulu ya neg mohon banget,positif,negatif
4,maaf tolong timbang guna bahasa indonesia larang sistem roblox nya ganggu kreator cinta roblox umur main takut nya minat orang indonesia turun bijak,positif,negatif
1,game tuh bagus nyedot kuota kenceng,negatif,positif
5,fix the chat bro,positif,negatif
3,apa woy roblok main game scam mulu gimana gitu ngeblok orang sampe gabisa main ngescam malas kayak gin,netral,negatif
3,masuk roblox bisa neg tolong baik,netral,negatif
3,game escape tsunami for brainrot nyebelin adminnya nambahin event untung untung neg tolong adminnya update event neg susah kayak carnival carnival suruh ambil bola tdunaminnya lho susah lempar monster aja susah tsunami ngeleg kasih nilai bintang aja game escape tsunami for brainrot game nyebelin kali susah neg bagus sab maaf admin game roblox,netral,positif
2,game nya bagus cuman bug top robux nya masuk neg dalam akun dll,negatif,positif
3,seru sihh tapi kembaliikann roblox duluu pingin chat temann kuu,netral,positif
5,sengaja neg liat tulis brrti berita hoax neg,positif,negatif
4,verifikasi usia usia sesuai neg usia cantum,positif,negatif
5,tolong balikin fitur chat,positif,negatif
2,pliss roblox tau bocil plis main game favorit bisa neg verifikasi orang tua,negatif,positif
1,seru asik,negatif,positif
1,maaf harus yaaaaaa geme hapus pas tanggal maret,negatif,positif
2,seru main ngebug ceo roblox tolong baik bug nya plsssss kasih rate game ngebug ceo roblox plsss tolong baik bug bug dalem game roblox nya,negatif,positif
2,gamenya bagus sih bisa neg chat verifikasi muka ktp sim roblox bagus main bagus bngt roblox chat temen udah bisa neg verifikasi muka bug hacker entitas dah roblox sama neg dulu,negatif,positif
3,bisa neg chat kecewa seru main tau neg bilang orang baik,netral,negatif
5,kembali chat roblox,positif,negatif
1,game sih seru tpi ngeleg pdhl kuota perintah dbwh umr main roblox bikin error ngleg pokok game hapus moga baca david bazucky,negatif,positif
1,sering neg update min update nya,negatif,positif
3,seru hapus,netral,positif
1,main roblox,negatif,positif
5,bug kamera susah,positif,negatif
1,suka banget game,negatif,positif
4,game hacker akun aja hac benerin roblox kali hackernya benerin min roblox,positif,negatif
1,game fql,negatif,positif
1,suka banget ngelag gajelas bet,negatif,positif
4,gara gara roblox ade tagih bisa neg main game tiktok,positif,negatif
3,game nya bagus seru masuk layar nya putih tunggu masuk neg masuk,netral,positif
3,suka karna chat pliss banget bikin chat kasih rating bintang deh,netral,positif
3,game bagus ktika lupa sandi pulih akun terima neg kode verifikasi,netral,positif
1,bagus masuk roblox nya,negatif,positif
4,bsa komunikasi sesuai umur age group sayang kadang gbsa login rblx memori pdhl sudh hapus ttp gbsa login tolong baik bug nya trmksh,positif,negatif
3,suka roblox gara mukena pink main sabtu maret,netral,positif
3,tolong kakek david masuk roblox muncul connection error hate this internet kencang coba merestart wifi tolong baik baik kadih,netral,negatif
3,bug roblox bruhh,netral,negatif
3,seru jadi bisa neg buka aplikasi coba kali kali,netral,positif
5,robloxnya nge bug tolong baik,positif,negatif
4,chatnya ada neg classic face hapus,positif,negatif
5,bisa neg masuk padalan dahkuisi,positif,negatif
3,bagus rena roblox bug developer roblox baik bug,netral,positif
4,chat,positif,negatif
4,bug kalo main roblox tolong baik,positif,negatif
1,pls roblox turn the chat feature,negatif,positif
4,complain bisa neg masuk roblox gin jadi nya pas tanggal maret main roblox kaya pas pencet roblox bisa neg mental udah spam kali bisa neg server nya down kah bug tolong fix benerin resah banget sampe neg orang complain baik moga not developer roblox,positif,negatif
1,suka kali eror gabisa masuk robloxnya njeng,negatif,positif
3,bisa neg masuk aplikasi nya kemaren maren suka main roblox,netral,positif
1,roblox,negatif,positif
3,bug nya loading nya llama banget tolong baik,netral,negatif
3,seru banget bug,netral,positif
1,bisa neg main roblox kalo login bisa neg kalo login,negatif,positif
5,roblox bisa neg masuk bug kenapaa minn,positif,negatif
3,tolong baik bug bisa neg login sdah sya cba kali kali,netral,negatif
5,why can join roblox spent money robux but can enter please tell what going,positif,negatif
3,seru jir,netral,positif
4,roblox game udh rusak banyak game cuman plagiat gaada underated tolong baik gamemu orang script game roblox kau eban neg kau fokus uang,positif,negatif
4,kali bisa neg masuk roblox,positif,negatif
3,bisa neg masuk roblox gimana,netral,negatif
1,gaje bagnya,negatif,positif
2,suka bug bisa neg masuk roblox,negatif,positif
5,asik neg bisa neg fitur chat,positif,negatif
3,tolong baik bug pakai bolong animasi gerak,netral,negatif
3,main dds bisa neg beli motor,netral,negatif
5,kembali fitur chat roblox,positif,negatif
1,suka roblox,negatif,positif
3,udah gabisa ngechat kalo mabar jauh bisa neg ngechat nya plisss balikin roblox dong plissss bangett jarang mabar temen aku,netral,negatif
1,bentar hapus roblox,negatif,positif
2,seru bug nya larang nya,negatif,positif
3,seru susah top kasih neg robax gerat,netral,positif
3,roblox masuk roblox bisaa knp yaaaaaa,netral,negatif
4,orang pake data sadar data cepet bet abis nya,positif,negatif
3,can enter the folder seems like there error what,netral,negatif
3,game nya bagus update nya anying jeleg udahlah chat apus komunikasi susah bikin shirt bayar halang kekreatifisan harga naikin,netral,negatif
3,emang yan sih game seru tolong main panas lot kayak habis memori aja memori hapus aja plis masuk mikrofon anak anak umur yang neg dewasa aaja tolong baik sampai neg lot gimanakiti cuman segitu aja info terimakasih tolong baik,netral,positif
2,roblox bagus ngeleg parah,negatif,positif
3,tolong update neg terus cape nge update nya,netral,negatif
3,suka ngelag mulu bisa neg main brookhaven tolong benerin aku neg kasih bintang ,netral,positif
3,game nya seru but why bisa neg chat males main nya,netral,positif
5,game jelek ,positif,negatif
1,game game kocak banget,negatif,positif
5,kuat download download game,positif,negatif
3,bagus sih saran banyak neg kode error fitur chat nya kembali mohon,netral,positif
5,cheater deltax,positif,negatif
1,dak suka ana pas ambu main game,negatif,positif
3,good good but why are asked scan our face and card afraid that hackers will able see our faces please developers get rid those unclear scans that all thank you,netral,positif
1,seru bgt mic,negatif,positif
3,kesini bnyk bug lag nya yaa mohon baik,netral,positif
3,plis gue enak main trus tiba error gua pake data loh kali plis fixxxxxxxx,netral,negatif
3,map bagus org orgnya kadang kadang toxic map banyak brainrot udh segitu aja,netral,positif
1,gem seru gampang gelek kentang,negatif,positif
3,bagus sihh nyala data salah sambung pas ada neg,netral,positif
3,bisa neg log and bag nya,netral,negatif
4,tolong bug masuk roblox eror tolong benerin pls,positif,negatif
5,anying bisa neg download ,positif,negatif
5,hate this game,positif,negatif
1,suka roblox,negatif,positif
5,roblox ugly and not cool basuki roblox expensive items small children should not use basuki should healthy don forget stir can used for small children and teenagers the items should priced accordingly and,positif,negatif
5,adminnya kagak kikir kayak kikir,positif,negatif
4,jujur karna update chat batas sesuai usia sepi skrg on neg mic,positif,negatif
3,waw,netral,positif
1,di neg hilangin fitur chat nyaaaaa,negatif,positif
2,game nya bagus suka eror pas masuk roblox nya gitu bikin kesel,negatif,positif
2,bagus tolong roblox baik orang avatar nya keren ban,negatif,positif
3,ngelag bikin panas kasih rating,netral,negatif
1,bikin candu anak main,negatif,positif
4,tolong hilang verifikasi ,positif,negatif
3,kalo pls balikin roblox kek dlu chat puas harus neg introgasi gegara umur kalo umur cukup neg bisa neg main map ya neg usah neg kek gituu main kek gitu ada neg larang umur kalo hindar pedofil suruh player report akun nya usah neg atur kayak ginii bebas neg mainnyaaa main tenang atur ganggu lebihh neg kokkk o o,netral,negatif
4,tagih email hapus akun gimana lunas,positif,negatif
3,roblox bagus bug map map suka suka game nya tolong,netral,positif
1,hello roblox account can opened,negatif,positif
2,want open roblox exit the application,negatif,positif
5,bisa neg top kalo top tulis eror,positif,negatif
5,mohon rang guna data boros bgt data main jam paket langsung habis,positif,negatif
4,udah masuk udah coba kali kali bisa neg tau,positif,negatif
4,chat nya batas suka neg,positif,negatif
3,tolong fix bug paused game rese bgt,netral,negatif
3,gamenya bagus bagus cuman terkadang kalo ngechat kasar neg sensor kayak udh ngetik kasar neg sensor,netral,positif
1,iya game nya bagus bisa neg login udah tungguin bulan bisa neg login,negatif,positif
1,game taikkkk baik,negatif,positif
3,date nya tolong kondisi karna sya bisa neg chat teman cari teman map main main kadang canda niat jahat update update suka game karna seru bosan saya neg kasih bintang,netral,positif
5,message for roblox admin developer process internal issues and problems sending digit codes that are sent email due bug that causes the code not arrive email read help,positif,negatif
1,burukkkkkk,negatif,positif
2,yaudahlah bagus,negatif,positif
3,yey,netral,positif
5,bug kah main roblox aplikasi nya,positif,negatif
1,tdk suka,negatif,positif
1,game bagus bisa neg chat emang roblox tolol,negatif,positif
3,lag,netral,negatif
5,gem nya muncul tombol aneh sinyal bagus banget discord oke oke aja tolong hapusin bug nya bilang plees,positif,negatif
5,roblox update bisa neg main,positif,negatif
4,seri seru neg,positif,negatif
5,jelek banget,positif,negatif
1,game nya seru,negatif,positif
5,balikin vitur chat roblox plcc bisa neg chat samaa temen virtual,positif,negatif
1,seru sih chat roblox hapus game orang dewasa umur,negatif,positif
3,asli gamenya bagus pas masuk roblox nya tulis maaf eror hubung server udah minggu minggu kayak gitu sampe ganti akun roblox aja tetep bisa neg tolong roblox baik bisa neg mabar temen saudara edit udah ganti akun udah jarang kek gitu kalo masuk loding wifi lancar,netral,negatif
1,terimakasih game roblox gara pemerinta bintang bawah blok aku berterimakasi tani smp kelas terimakasih roblox tahun akun ada neg bisa neg main teman terimakasih ketemu pas sma roblox,negatif,positif
5,gelo dikit main roblox sini,positif,negatif
1,seruuuuuuuuu neg,negatif,positif
3,why can access roblox now even though just updated roblox why can access roblox now,netral,negatif
1,game bocill,negatif,positif
1,gamenya sih senang bug eror,negatif,positif
4,tarik chat nya usia atas,positif,negatif
5,game gaje mulu lancar doang,positif,negatif
1,roblox tolong kasih voice chat,negatif,positif
3,bug bisa neg login,netral,negatif
3,gamenya seru skrg ttp bgus,netral,positif
5,bisa neg main nin,positif,negatif
4,gamenya seru skrng pas maen jdinya error connection server nya rusak internet aku rusak,positif,negatif
4,ngebug trus main map brookhaven eror bug mohon baik aplikasi update biar eror neg eror yaelah gimana sih,positif,negatif
3,main nya bagus banget pas daftar akun main nya akun kena blokir main,netral,positif
1,min pas main roblox login bisa neg login,negatif,positif
3,gamenya imbang neg ngelag chat di neg batas baik ada neg kasar,netral,negatif
2,lumayan ,negatif,positif
1,karna,negatif,positif
5,udah main macet bisa neg bukak,positif,negatif
3,gamenya seru keren apdet ter,netral,positif
3,grafik nya patah neg patah,netral,negatif
3,roblox tolong baik bijak game main blox fruits nunggu verifikasi bot neg banget nunggunya,netral,positif
3,aplikasi nya bgs cmn sring ngak buka,netral,positif
5,jlek bug trus gabisa masuk roblox nya pls benerin bugnya,positif,negatif
1,upgrade roblox,negatif,positif
2,game nya seru kalo masuk map nya kayak antri gitu kalo masuk kalo beli robux liat harga nya mahal tolong kasi diskon turunin dikit ajaa kalo bug nya ngalamin kalo map masuk ribet banget kalo ulang tolong bug map wallhop tuh wallflick kalo ngegeser gitu kayak mencet jalan nya tuh aku neg geser malan geser trus loncat doang terimakasih,negatif,positif
5,game lego,positif,negatif
1,tida seru,negatif,positif
3,game sih bagus yaa ada neg iklan kalo menara troll pake robux dapetin karpet pelangi gpp main roblox avanya gratis bacon tau kalo pake robux ngabisin duit admin cipta roblox amerika sihh gpp baguss ,netral,positif
3,bagus sih bug kayak bisa neg masuk game gelag,netral,positif
5,jelek neg bagus gem nya,positif,negatif
3,the game good but roblox remove the age verification because players are unfair find friends throughout the roblox history roblox giving you opinion,netral,positif
5,gamenaya bagus cuman karakter gratis jelek kasih bintang,positif,negatif
1,gema bagus blokir admin anak anak bisa neg ber main,negatif,positif
3,nya gua ngasih bintang gua masuk game nya wifi nya kenceng pas gua buka aplikasi,netral,negatif
5,woi david basuki balikin fitur chat,positif,negatif
2,please return the chat feature pls,negatif,positif
3,game nya bagus batas usia dilakuin tanggal maret tuju bgt,netral,positif
3,main bagus nge lag map nya seru seru mabar main teman mohon band player player suka nge troll map slap tower,netral,positif
1,seru chat voice chat chat roblox fitur trust connection izin orang tua,negatif,positif
3,halo teman men deskripsi game gamenya lumayan bagus batas umur teman dapat neg komunikasi fitur roblox sedih bisa neg komunikasi teman terap fitur nya bosan dapat neg komunikasi bawah umur alas game bintang makasih teman byee,netral,positif
3,game butuh wifi lancar kuota utama,netral,negatif
3,selamat pagi game roblox bisa neg buka kemarin pagi bisa neg mohon baik aplikasi hapus kominfo diberitahu email bahasa mudah erti terimakasih,netral,positif
1,game bagus udh mabar,negatif,positif
3,why does roblox often bug,netral,negatif
3,game nya bagus mudah main update kerja bisa neg masuk dri game tolong fix,netral,positif
1,halo tolong baik bug tutup paksa redmi pakai hyperos android roblox langsung buka coba hapus data instal ulang gagal mohon update baik terima kasih,negatif,positif
4,woi napa kagak buka lol,positif,negatif
5,ava hilang kompensasi apa ava tungtung sahur bug,positif,negatif
1,wow game nya bagus banget loading yaa tolong cepat yaa jaring bagus,negatif,positif
3,map keras seru,netral,positif
1,offline neg offline enak banget main boros neg data terlalu neg suka roblox nya offline suka banget ,negatif,positif
5,apa kocak masuk steel brenrot langsung diambilin,positif,negatif
3,game seru main fish teman duduk kursi kapal lihat duduk air tolong baik bug,netral,positif
3,roblox kena ban game the ultra rebith situ gamepass the dark ultra harga robux coba kalo orang kena ban gamepass robux nya kembali,netral,negatif
5,bisa neg masuk roblox,positif,negatif
2,game seru game bisa neg kirim pesan game main pakai neg data wifi,negatif,positif
3,game nya seru sih chat game nya periksa usia tolong kembali chat nya,netral,positif
4,suka sih game banget atur nya hedless nya dihilangin kalo chat ngevervikasi wajah umur nya bocil bisa neg main umur thn sumpah sebel bgt,positif,negatif
3,sebenernya sih game nya bagus main tower kaya baca inggris gitu kena tolong donk baik udh apdete tolong milik roblox,netral,positif
4,mau neg game hapus,positif,negatif
5,game fish ngebug bisa neg nyelam radar hamzat,positif,negatif
3,ngebug keluar,netral,negatif
1,upgrade langsung bug sayang bangat gamenya bagus,negatif,positif
3,bagus main muncul gameplay pause mulu jaring bagus buka main game lancar banget ganggu banget main seru banget,netral,positif
5,gabisa chat gun bgt najis ngurangin interaksi sosial dunia maya gabisa bebas bgt verifikasi muka nya ngaco najis bgt saranin main game udh main sakura shool simulator aja bilang bohong hehe,positif,negatif
3,mohon maaf kasih bintang ngebug game nya tinggal sebentar tolong baik,netral,positif
2,game nya well,negatif,positif
3,bagus tolong sering neg nyuruh upgrade,netral,positif
3,jelek suka mati hpnya pas main game,netral,negatif
3,plis ubah offine bosros kuota,netral,negatif
3,bug gabisa masuk aplikasi gabisa masuk,netral,negatif
1,bener bener seru sanga hibur,negatif,positif
1,give back our chat roblox the best way make friends,negatif,positif
3,good,netral,positif
1,roblox,negatif,positif
5,kalo sih fitur chat kembali gara gara seru neg kalo bisa neg ngobrol orang teman,positif,negatif
3,seru aja,netral,positif
3,raka fadlan,netral,positif
3,work talk not only talk talk lumayan seru suka ngelag asw,netral,positif
1,bagus banget,negatif,positif
3,seru banget ganti avatar bagus skrg klo shirt bayar robux bisa neg gratis,netral,positif
3,sih roblok udahh bagus seru seru sihh map nyaa ngelag doang gitu kaalau gatau rangin lag nya,netral,positif
4,bug nyaaa msuk apk nya muter,positif,negatif
3,pas masuk map wifi nya lancar,netral,negatif
2,main map evade server privat loading nya jam aplikasi roblox,negatif,positif
1,yah bisa neg main roblox lagi,negatif,positif
1,game seru seru neg fitur chat batas umur beda,negatif,positif
3,bisa neg buka sih kesel,netral,negatif
1,game nya sih seru udah bisa neg chattan temen virtual,negatif,positif
3,chat nya di neg hilangin woyy,netral,negatif
2,mohon cepat kode digit verifikasi tinggal kode digit kasih mohon roblox perhati main,negatif,positif
3,kasih bintang boleh neg anak anak jorok ngomong kasar udah main sus rubah ya,netral,negatif
3,seru brok kurang tombol lompat jenis handphone yap roblox krg bagus gara gara batas umur fitur sampah guna ngejauhin pedo jir star,netral,negatif
1,yahahaa roblox bentar bawah umur thn nonaktif,negatif,positif
1,bagus,negatif,positif
1,sumpah game ada neg seru seru nya cuman main gitu gunung beli robux sih kaya gitu coba ,negatif,positif
3,bagus sih tolong knp login game jaring penuh lancar,netral,positif
1,karna roblox hapus bial umur,negatif,positif
3,bagus,netral,positif
3,gitu,netral,positif
1,game boring,negatif,positif
3,optimal seri entry lag,netral,negatif
1,game nya bagus,negatif,positif
2,seru sih pas main game nya,negatif,positif
3,bagus nya,netral,positif
5,karna ngelag banget main dds,positif,negatif
2,apdet nih apdet,negatif,positif
3,back normal but need process and loading load the legend era need year,netral,negatif
3,game nya bagus aneh aja boleh neg chat lumayan biar bocil bocil bawah kena neg tipu pdf dll,netral,positif
3,masuk game nya coo ,netral,negatif
1,suka game udah suka karna chat bisah pake kasih bintang maaf ya,negatif,positif
3,aja,netral,positif
3,roblox udah bagus neg chat di neg verifikasi,netral,positif
1,game bagus,negatif,positif
3,game dds server bom update kalo update,netral,negatif
3,lumayan suka game nya orang orang suka tipu kali tipu tipu player game roblox ini roblox tambah neg fitur trade game roblox,netral,positif
4,semenjak update fitur fitur chat salah tmn chat rblx nge chat ,positif,negatif
3,ngeleg,netral,negatif
1,tolong kalo hubung ulang di neg ulang main aja,negatif,positif
4,seru jijik,positif,negatif
4,anj game seru bgt,positif,negatif
5,tolong server nya beda android karna main game sulit mekanik layer sulit sesuai lawan layer,positif,negatif
3,game nya bagus game tipu game jembatan kaca menangin rambut gratis bosan pencet rambut biru hitam bawah pas kepencer tawar beli pake robux beli nya cuman robux mending langsung beli pas ngecek inventori ada neg kayak gin,netral,negatif
3,bagus seru sih main teman akun log out sendiri tau pasword,netral,positif
5,good game but why when want make classic clothes why does take long enter pls fix also have robux buy,positif,negatif
5,tolong bug nya benerin udah capek mancing siang malam sampe bulan dapet misi pas udah dapet nya masuk neg misi gajelas banget talon,positif,negatif
1,tambah nomor indonesia password roblox,negatif,positif
5,buka bug please uptade,positif,negatif
4,bagus jelek mayan,positif,negatif
3,gamenya bagus sih david ngajak ribut mlu chat hapus kon,netral,positif
3,roblox bisa neg didownload lihatin roblox bisa neg ken kayak main teman main game,netral,negatif
1,aplikasi roblox ada neg ngobrol,negatif,positif
3,roblox why does the game exit itself please help because account old please roblox please,netral,negatif
3,gamenya bagus bug disconnect jaring bagus ganggu main tolong benar,netral,positif
2,aja bug and tower nya seru aja nada lembut,negatif,positif
2,yah bagus main map layar nya kaya gitu karna gaada rotasi rating bintang,negatif,positif
3,suka ngeleg,netral,positif
1,suka neg fitur spesifikasi roblox,negatif,positif
5,roblox tolong masuk game roblox bisa neg masuk,positif,negatif
5,roblox jaring suka ngelek wifi full,positif,negatif
3,seru sih event tuh kasih peluang dapet robux satu dapet robux beli udh tau mahal,netral,positif
3,game nya seru suka ngelag and nge bug,netral,positif
1,grafik nda coco kentang,negatif,positif
2,moro moro,negatif,positif
3,lumayan,netral,positif
3,bagus ngeleg sekian assalamualaikum,netral,positif
3,seru sih bisa neg chat,netral,positif
4,bisa neg chat orang,positif,negatif
5,pel roblox dimainin anak umur,positif,negatif
5,bisa neg login,positif,negatif
5,this game bit shame but rated because there are many fun games that often play the server,positif,negatif
5,game sampah mainin server lag tod,positif,negatif
5,knp bisa neg login salah internal mohon baik,positif,negatif
4,tolong turun harga marketplace diroblox nya mahal harga nya mahal akun teman harga murah murah,positif,negatif
3,emang bagus bug pas main gabisa mulu bug anak kasi nungguin lma,netral,positif
5,roblox geme anak anak anak umur nya bisa neg chat roblox geme bocil,positif,negatif
4,main game semenjak verifikasi umur bisa neg chat orang teman kembali roblox plis,positif,negatif
1,main roblox yah,negatif,positif
1,roblox seru,negatif,positif
1,game seru bisa neg buka buka roblox pental roblox tolong baik bug ya,negatif,positif
1,ken roblox jadi neg blokir anak umur pokok nya blokir neg roblox kasih bintang,negatif,positif
3,nya game seru mabar,netral,positif
3,bisa neg masuk game,netral,negatif
3,senang gem nya bikin bosen ada neg rame nya braintrot tolong rangin gem braintrot nya,netral,positif
5,game ape malaysia saye tau neg main nye,positif,negatif
3,login roblox bisa neg login,netral,positif
4,aku susah ngeselin banget deh,positif,negatif
3,steal brainrot tolong gamenya hapus,netral,negatif
5,tolong roblok bisa neg masuk roblok hleep,positif,negatif
1,bagus,negatif,positif
1,main seru banget,negatif,positif
5,plis bunuh bos block fruit nga barang beli pake robek man mahal,positif,negatif
3,game nya bagus cuman gabisa ngembaliin item sudh beli pake robux jujur messege tpi di neg kembali robux mohon perhati roblox item hapus tiba,netral,positif
4,roblox bgt bug dahal push sumit mood neg,positif,negatif
5,tutor chat,positif,negatif
3,anti cheat nya sampah banyak false ban orang nge hack beneran udh mass report tetep aja ban seru,netral,negatif
2,gem nya bagus bug bisa neg masuk alam firtual,negatif,positif
3,lumayan bagus sih ngebug dikit maaf kasih bintang btw kembaliin chat roblox,netral,positif
4,bikin shirt bayar robux aja grati tolong baik rblox pulih chat roblox trimakasi sudh baca,positif,negatif
4,game bug bisa neg masuk aplikasi udah liat tutorial bisa neg,positif,negatif
3,seru cuman chat roblox batas anak umur bawah pake chat roblox susah ngobrol teman kasih rating bintang tolong balikin chat roblox biar seru,netral,positif
5,updatednya neg bulan aja njir,positif,negatif
4,ngebug mulu ihh,positif,negatif
5,bennnd neg akun,positif,negatif
5,roblox chat nya kembali ,positif,negatif
1,woi bikin akun bestie luh,negatif,positif
3,tolong roblox bisa neg main roblox wifi rumah mati neg tolong baik,netral,negatif
5,sedih karna dikin hapus bisa neg nge abng nge appelikasi suara huhuhu gimana guys kalo robelox nya dikit kehapuss gimana sedih huhuhu,positif,negatif
2,game nya seru gabisa login sih,negatif,positif
5,update neg mulu ledak,positif,negatif
1,main roblox kaya neg tolong baik kangkung kalo dah baik kasi bintang oke,negatif,positif
5,everyone lost their online friend because you roblox you deleted chat and faces your making everyone quit and one gon play your game,positif,negatif
5,orang pintar sikit napa bisa neg main game map salah neg roblox salah devnya elu lag ngecrash device support neg roblox platform game neg,positif,negatif
1,hallo alami kendala bisa neg masuk aplikasi,negatif,positif
3,roblox bug bisa neg pencet game suka mainin pencet roblox keluarin tolong baik,netral,negatif
5,roblox blokir ,positif,negatif
1,game pilih kasih main main tolong blokir roblox,negatif,positif
4,larang anak belas,positif,negatif
5,masuk roblok,positif,negatif
2,suka masuk langsung,negatif,positif
3,game yah bagus atur geselin parah gua bisa neg chat temen aja teman perintah indonesia larang anak usia main roblox kalo main roblox mending gua ngato akun akun gua koneksi youtuber,netral,negatif
4,main susah,positif,negatif
2,seru sih lagi neg bisa neg chat terlalu neg suka,negatif,positif
3,gamenya bagus akun hapus game sminngu bisa neg pakai akun,netral,positif
5,game burik,positif,negatif
5,bintang update terkadang bisa neg masuk roblox,positif,negatif
4,down server bisa neg login global server nya down gimana main apm ayo down neg global server nya udh tou iya habis duit down kalo refund refund tolong main game hilang stress pas hilang stress nya down,positif,negatif
3,ngawur atur nya atur nya game bagus loh sarana sosial banyak teman something like that player nya nyaman neg sistem nya benerin noh sistem verifikasi scan muka suka sesuai neg temen umur bisa neg ngobrol ama karna batas grup umur,netral,negatif
1,main roblox bisa neg main roblox force close atas ganggu man talisman reef roblox thereat detrcted tolong atas roblox main roblox teman,negatif,positif
5,ngeleg patah patah jaring lancar seru,positif,negatif
5,bug dapat neg ping bagus server error update bodoh sengaja bintang biar liat,positif,negatif
3,bisa neg main roblok pas pencet roblok langsung kaluar macet,netral,negatif
3,kangen roblox kalo ngechat temen gausah verifikasi seru kurang,netral,positif
5,sengaja biar orang liat woi roblox knp dah map roblox bosen kalo game viral aja copy gameny minmal atur orang map gaboleh copy cobalh game playerny uda juta juta game nge copy gmn asa udah susah gamenya ehh tau nya mala copy game sepi tulah orang rasakn gameny copy,positif,negatif
3,kasih robux gerat napa,netral,positif
3,bug kalo qris top benerin eror mulu top robux,netral,negatif
3,seru seram,netral,positif
4,bisa neg chat udah hubung akun orang tua,positif,negatif
5,gabisa top anyingg,positif,negatif
3,bisa neg chat,netral,negatif
3,ubah kasih bintang ajah hehe udah bsbuka chat kah,netral,positif
3,sih map nyq sih udh bagus ngecat suka lot tolong dibetulin yaaa robloxx,netral,positif
2,game nya seru pilih sayang cheater udah laporin ngaruh neg cape ketemu cheater mulu,negatif,positif
1,jujur suka lag jaring pingnya bagus main fps putar tembak kena neg main tembak situ suka main roblox maaf singgung,negatif,positif
1,milik akun roblox hapus aplikasi roblox login bisa neg kirim email roblox,negatif,positif
2,bagus tutup tiba bisa neg main,negatif,positif
3,roblox udah bgus pas cek out pas nyoba rambut pas baju item rambut ilang ken fitur coba menu main map grafik bnyak hias map nya nge bug nge lag parah ampun,netral,negatif
3,bikin neg says bisul,netral,negatif
2,update nya suka,negatif,positif
3,main seru,netral,positif
3,bag nya suka jelas neg,netral,positif
3,lumayan bagus masuk roblox nya robux nya bisa neg beli baju robux nya deh dah gitu aja,netral,positif
4,bisa neg chat ama tmn,positif,negatif
4,roblox udah bayar robux masuk neg,positif,negatif
3,bagus sihh roblox seru neg verivikasi umur chat moga depan roblox udah verivikasi neg umur chat,netral,positif
5,woi roblox mohon respons karna pas verifikasi wajah aneh umur tulis aja taii main roblox game salah baik lohh tolong baik sistem btw kalo beneran tanggap uns prawadan kia ngechat cebok,positif,negatif
1,sbenrnya bagus cumann masalah gtu mau neg masuk gamenya kyk login bru tekan aplikasi tiba kluar sndiri bngt cuma neg kali,negatif,positif
3,seru main map ngelek sinyal nya bagus,netral,positif
3,suka neg update verivikasi umur,netral,negatif
5,game nya bgus cmn skrng bnyk bgt update nya verif umur face bisa neg gerak bkl hapus dll jujur verif umur gabisa chat adek bnyk adek bilang mabar gabisa gara batas umur verif umur kya gin bkl aman jujur aja bnyk org uninstall roblox nya gara bnyk update nya aplgi pas suruh verif umur verif pake muka umur udh,positif,negatif
2,lumayan,negatif,positif
5,sering neg bug,positif,negatif
5,kasih bintang karna akun masuk masuk kode folder please tolong selamat akun sayaaku balik neg please balik,positif,negatif
1,game teman pindah game ini,negatif,positif
5,chatt,positif,negatif
1,game layak,negatif,positif
5,mau neg roblox blokir,positif,negatif
4,settingan variasi,positif,negatif
3,gamenya sih emang udah bagus cuman nguras baterai cepat item item mahal mahal banget dah cuman dapat kurang game moga game cepat respon aamiin,netral,positif
3,banyak update gajelas,netral,negatif
3,suka game roblox terima neg minta punya username nama asli tahu roblox sedia ganti username gratis terima neg harap roblox kerja,netral,positif
5,gara gara bijak verivikasi langkah akun ilang tolong benerin,positif,negatif
3,roblox game bisa neg chat tau aman ayo chat teman ku bikin kaus klasik bayar adil neg roblox orang chat maaf roblox rating tiga,netral,negatif
3,bagus kena bug,netral,positif
3,ramah neg kentang,netral,positif
3,roblox kikir main private server bisa neg mulu emang kikir tuh roblox kikir,netral,negatif
3,suka sayang nya bisa neg chat kembali vitur chat nyaaaa,netral,positif
3,riset beli akun ndk serah main roblox cinta,netral,negatif
1,game boring,negatif,positif
3,game bagus update nya,netral,positif
3,main bagus bisa neg chat roblox orang tua tau neg roblox plis buka chat roblox nya ,netral,positif
3,gane bagus sih cuman ngelag main temen aja susah update roblox kali suka,netral,positif
1,suka koneksi putus game dalam super super hecker udah riport di neg band penmanen paling detik udah roblox pilih kasih untung neg orang untung,negatif,positif
3,main seru suka,netral,positif
5,layan game handphone macet,positif,negatif
3,game cocok ken main game varian,netral,positif
5,seru chat,positif,negatif
3,bisa neg bukaa,netral,negatif
3,lumayan seru,netral,positif
1,kalo komentar asik,negatif,positif
4,roblox kode verifikasi lupa password muncul neg email cek spam ulang muncul neg saran coba update masuk goggle,positif,negatif
4,nge instal gabisa,positif,negatif
5,jujur udah main roblox gara gara pensi pas login gabisa sandi bener nama bener udah ganti akun skrg udah sedih banget,positif,negatif
4,platform nya bagus main game bikin game bikin baju avatar tolong updatenya bikin neg main kesel kalo update kelompok usia update bikin main kesel kaya pas bikin kaus kelasik bayar bikin baju beli premium itu bikin kesel main dapet robax hasil jual bikin malah neg nguras duit tau internet maap kalo salah,positif,negatif
3,corruptor developer,netral,negatif
2,mantap banget,negatif,positif
5,woi update boikot,positif,negatif
5,game babi,positif,negatif
3,game bagus adik main roblox sayang yan bisa neg chat,netral,positif
1,main karakter lihat neg item lihat neg,negatif,positif
3,seru sih bug suka neg,netral,positif
3,suka suka aja ngga suka aja suka aja gitu,netral,positif
1,banget support neg android roblox,negatif,positif
5,game haram,positif,negatif
3,game udah bagus nya butuh chat,netral,positif
3,gamenya sih seru seru update chatnya tuju aja yah aman update kayak hapus classic face gatau update karakter bloky hapus kayak aneh nih kasih saran kalo update sampe neg ciri khas roblox ilang kayak roblox neg kenal gitu,netral,negatif
1,suka lag dont like this,negatif,positif
5,please david don make any worst update,positif,negatif
3,maret roblox blokir,netral,positif
3,bug nya ege,netral,negatif
3,aja sih main pas bosen,netral,positif
4,bagus banget jelek baju hilang,positif,negatif
2,game nya bagus update nya burik game nya,negatif,positif
3,ketik nickname aja bisa neg login overall bagus,netral,positif
2,roblox,negatif,positif
1,game nya bagus nya jahat hahahaha,negatif,positif
1,arena,negatif,positif
4,tolong kembali fitur chat roblox,positif,negatif
3,bagus klo abis update ngelag bisa neg buka aneh uninstal aja,netral,positif
5,udh tolong neg fish brainrot bug nya map nya urus ama developer roblox neg,positif,negatif
3,bagus sih tpi pas bolak main nya gnti akun pindah gtu pas main suruh reset situ verifikasi neg email nya,netral,positif
3,game nya seru update nya jelas neg,netral,negatif
2,pdahal seru tpi cht nya diapus,negatif,positif
3,lag parah jaring udah bagus,netral,negatif
1,singnal bagus lot,negatif,positif
3,game nya udh bgus tpi berapa suka kadang kadang game nya negatif,netral,positif
3,roblox sedia fitur percaya nama nama teman orang keluh,netral,positif
5,game nya gabagus gabisa chat sih temen gue chat gabisa aneh banget sih game map nya bikin seru fish steal brainrot tycoon nya rating karna map nya yauda kasih tolong kembali chatt bringbackchat bringbackchat wewantchat,positif,negatif
5,sih game david basoka tuh banyak atur,positif,negatif
5,game ngga ketemu temen onlineku,positif,negatif
3,robux membuhtuhkan uang nya seru neg,netral,negatif
3,gamenya bgs sering update trs jdi males main,netral,positif
2,tolong kembali fitur jual beli pakai premium biar jual pakai,negatif,positif
5,batas umur hilangin biar asa rame,positif,negatif
3,pake neg data saja,netral,positif
4,kembali chat,positif,negatif
1,kalo bug cepetan fiks,negatif,positif
1,game nya bagus plis verivikasi neg wajah orang main bisa neg kasi anak nya,negatif,positif
4,gin maksud neg ngehina tolong main sebar karna sabar setip tisu sengaja neg ngerusakkin handpone tolong sabar tebal salah neg salah nya gemnya nya kayak kasi ngelek tiba pas buka youtube aplikasi tolong baik gue kasih retink gitu aja sekian terima kasih,positif,negatif
3,gamenya seru gamenya kuat neg plis apdet kecilin,netral,positif
3,bagus ngeleg boleh neg download roblox takut mati,netral,positif
4,lag bag nya,positif,negatif
3,game sampah wifi bagud dikit doang keluar,netral,negatif
3,without the chat our battle genre rpg feels like really missing,netral,negatif
3,jelas neg,netral,negatif
5,hewan gonggong login sinyal bagus game hewan berngokngok,positif,negatif
1,burik,negatif,positif
3,mohon adain pas akun pake akun google fecbook biar mudah masuk kaparat,netral,negatif
1,seru,negatif,positif
5,plis roblox kembali chat,positif,negatif
5,nggari login opo susahe,positif,negatif
1,harap roblox roblox sepi kurng suka kalo autentikasi rindu roblox yng ,negatif,positif
2,bagus apdetnya tuh kayak tarik neg gituh,negatif,positif
3,plissss banyak neg bag,netral,negatif
3,batas usia,netral,negatif
4,akun ambil udah beli robux tolong hapus adegan ambil akun plis,positif,negatif
3,chat batas,netral,negatif
3,seru sihh lopekkk,netral,positif
1,game suka tipu baik neg anak anak erti neg apa makan tipu daya roblox nya cocok neg anak anak roblox blokir anak anak bawah umur,negatif,positif
5,internet ganggu wifinya lancar internetnya tuh error,positif,negatif
1,suka ngelek,negatif,positif
1,seru banget,negatif,positif
5,lumayan jelek bisa neg chat ,positif,negatif
5,roblox has developed lot but now many people hate bacon hair,positif,negatif
1,bagus sih bikin emosi game fhis nya bikin stres,negatif,positif
5,game hilang stres,positif,negatif
5,mending,positif,negatif
1,aja,negatif,positif
2,seru bgt,negatif,positif
5,good but why was the vchat feature removed bring back,positif,negatif
2,bagus sih pakai usia ngga salah nya usia,negatif,positif
2,aja,negatif,positif
1,lumayan bagus sih punya update minggu kali,negatif,positif
5,banget bikin boros batre,positif,negatif
3,ngeleg males deh bgs,netral,negatif
5,the game really fun there are many more but many people use scripts not fun because they like play pranks hope they don exist anymore,positif,negatif
5,live chat kembali dasar,positif,negatif
3,like the game gave rating because can log pressed try again but failed instead the seconds were increased from from don like that even though have strong connection can log,netral,negatif
4,harap chat,positif,negatif
3,bagus game nya,netral,positif
3,map nya bikin bosen,netral,negatif
3,game nya sih bagus cuman kayak agk gimana gitu minus nya kayak enak main nge bug disconnect gitu,netral,positif
1,jdi pas main horror,negatif,positif
3,game nya bagus ngeleg yaa inti nya bagus aja jelek banget scripter nya kalo ada neg scripter nya game bagussss banget,netral,positif
3,bikin tagih roblox,netral,positif
3,tolong buat neg ngelag ngelag buat neg ngelag ngelag kasih bintang,netral,negatif
5,masuk suka ngelek,positif,negatif
3,bisa neg chat suka,netral,positif
3,bagus tolong game nya wifi rendah wifi ngelek karna wifi rendah,netral,positif
2,jujur heckernya karna akun udah heck beli robux,negatif,positif
3,game bagus bug kayak jalan lompat verifikasi chat umur mabar abang real life gitu sih robloxxx,netral,positif
2,main sih seru bikin kesel chattan nya loh tau ngelindungi sih ketik maaf dll aja gabisa tambah kalo muncak tower lag patah wifi sinyal paket aja suka blackscreen gjls gitu deh top pakai beli item aksesoris habis tinggal main tower pas nya sisa,negatif,positif
2,bagus,negatif,positif
1,pls kalo ngelaporin langsung ban dia,negatif,positif
3,plis terus neg update kesel plis main,netral,negatif
3,update neg,netral,negatif
2,bagus indah indah,negatif,positif
5,balikin bobux pindah plyarblxdat,positif,negatif
3,chat,netral,negatif
3,tinggal detik menit nonton sebentar map bazar ramadhan game bagus enak ada neg iklan data wifi sertifikat chat ujung ujung umur bisa neg main tanggal maret wow hadiah kah ulang tanggal bisa neg main roblox,netral,positif
1,roblox seru sih update males bet anj dikit dikit update cape tau,negatif,positif
3,game nya keren bagus ngelag ada neg fitur roblox,netral,positif
5,tolong kembali chat dulu,positif,negatif
3,bisa neg nonaktif upgrade simpan penuh,netral,negatif
3,used fun but now feels empty ,netral,negatif
1,cepat bangat apgreb,negatif,positif
3,tualang bareng temen asah strategi ajar kompak chat mati,netral,negatif
1,ngbag rilog game fish terimakasih alam main,negatif,positif
3,kasi bintang soalnnya chat verivikasi tanggal batas main tanggal umur main tolong benerin biar chat mudah batas neg ubah kayak kasi bintang tolong batas neg atas,netral,negatif
5,aplikasih jelek kali game berobux emis robux suka neg game roblox turun drastis tapi bong hayukkk,positif,negatif
2,good game unfair no chat admin stupid owner,negatif,positif
5,bisa neg hapus sya takut hack,positif,negatif
3,roblox kembaliin chatnya gak neg ngbrol ama orang,netral,negatif
3,gamenya seru main fis secrit,netral,positif
3,download roblox main gunung cuman pas masuk server nya yah kaya masuk masuk ranting,netral,negatif
3,suka banget roblox game nya cuman udah seru chat temen orang dewasa main roblox pake avatar,netral,positif
1,aja,negatif,positif
2,gamenya bagus menhabiskan uang topup robux,negatif,positif
3,ruins the game rent items one asked,netral,negatif
1,main ngelek,negatif,positif
2,suka roblox tolong chat nya kembali,negatif,positif
3,sih upragemengganggu main ajah,netral,positif
3,roblox seru ngelag ngelag,netral,positif
5,game udah bug nya udah kalo ngapain aja pake robux,positif,negatif
1,robuxku,negatif,positif
1,drama,negatif,positif
3,hacker ngehack akun org,netral,negatif
3,game bagus saranin hpnya kuota dibatasin sering neg dimainin kasih bintang karna boros kuota baterai terima kasih baca,netral,positif
3,game seru update nya bagus neg kasih seru,netral,positif
3,game bagus variasi game update nya sedih kayak updatenya hapus salah fitur roblox pokok updatenya bikin player sedih,netral,positif
1,seru sih map mainin mes barang jual marketplacenya mahal robux aja cukup pls tolong turunin harga barang marketplacenya org duit adain promo gitu kek,negatif,positif
4,gemenya jelek download gabisa geme bagus,positif,negatif
3,woy alami loding stuck ulang kasih bintang karna suka,netral,positif
3,oke mantap rekomendasi gua game gay,netral,positif
5,bisa neg donglot roblox,positif,negatif
3,gamenya bagus tanggal maret larang komdigi suka game larang perintah,netral,positif
5,tau kalok roblox larang chat orang orang sus roblox,positif,negatif
3,lumayan bagus kadang pas edit ngelek,netral,positif
2,suka main nya hacker apa sih gapapa muncul kembali chat roblox ngapain pake email privasi tau kalo neg niat neg kasih aja game hacker orng main tenang tau baru neg masuk udah terbang aja langit cape kalo hacker tunggu kalo hapus neg roblox btw map roblox nya ytta segitu aja makasih,negatif,positif
3,seru uras wifi data abdet kadaluarsa males,netral,positif
1,gamenya bagus suka gamenya tolong batas umur hapus bocil bocil udah bisa neg main,negatif,positif
3,suka ngelag eror main,netral,positif
3,please bring back the chat feature,netral,negatif
1,gemenya baguss leg,negatif,positif
5,cheater,positif,negatif
3,update bikin memori penuh,netral,negatif
2,gaenak update brookhaven bisa neg item map padahal neg udah selesain misi nya cape banget orang tapi neg kalo map nya seru aja,negatif,positif
3,hapus old game suka game name draw defend,netral,negatif
3,balikin chat,netral,negatif
3,covid seru sih ngeselin pliss sewa neg baju deteksi umur tolong tingkatin game game didik neg tolong hapus malah neg fokus fitur liat ava map sus fake headless hapus ava kek gitu gabisa pliss kembaliin roblox biar umur main tentram moga main sadar salah bener game umur egois neg kembali roblox,netral,positif
3,dibuli ava bacon plis aitem roblox gratisin,netral,negatif
3,game nya lag banget,netral,negatif
1,ngebak,negatif,positif
1,enough,negatif,positif
3,halo nama nijami game nya lumayan bagus tanggal maret info roblox gabisa main batas usia main roblox gabisa main usia hamil,netral,positif
5,chat roblox,positif,negatif
3,tolong kecewa neg player gratis,netral,negatif
5,balikin chatnya,positif,negatif
1,game bagus neg akun bisa neg login ganti password reset akun roblox nya,negatif,positif
3,kau parah ngechat,netral,negatif
3,update mulu kalo eventnya bagus gpp eventnya sampah ugcnya jelek ilang tolong neg,netral,negatif
4,robloxx tolong yaa chat nya kembaliin duluu bisa neg chat diroblox bestie jawa barat jawa tengahhh tolong yaa balikin chat roblox kalo ngga orang sus di neg blokir chat nya kasar saya neg tolong game game map map sus sus blokir biar ada neg orang main map sus kali roblox balikin chat kami,positif,negatif
3,game burik coba burik tampil ram hpku leg parah udh hapus game game lag prah tapi karna kasihan gua kasih bintang,netral,negatif
5,plis perintah blokir neg roblox udah nik matin game ber thun,positif,negatif
3,bagus,netral,positif
2,bagus isi susah deh,negatif,positif
2,suka main roblox benci fitur chat hilang bisa neg obrol teman teman,negatif,positif
3,game bagus kadang kadang ngebug udh gabisa chat game nya chat seru chat chat temen tolong chat roblox kembali kadang kadang disconet wifi jaring nya bagus,netral,positif
5,tolol,positif,negatif
1,game seru banget ajar bahasa inggris ajar tambahsn,negatif,positif
1,game nya bagus bisa neg gamenya bosen lagi,negatif,positif
1,terrible game,negatif,positif
3,roblox hilangin chat,netral,negatif
1,bagus game roblox banget game nya sayang banget handphone udah gara koneksi log layar hitam tolong baik terimakasih,negatif,positif
1,game nya bagus banget bom download nyesel suka main wacky wizard buru download guysss,negatif,positif
1,game keren,negatif,positif
3,fun but cant chat,netral,positif
3,pas main blok fruit loding nya banget,netral,negatif
1,gamenya bagus banget gng,negatif,positif
3,why just want play usual but the age limit feature very detrimental roblox used better update garbage thought roblox was game for all ages damn,netral,negatif
1,overrated,negatif,positif
5,seronok tinggal tido tau tau kuota sekarat emang game wifi bah,positif,negatif
1,game,negatif,positif
5,plssssss back chattt,positif,negatif
5,karna ngelag,positif,negatif
1,mid,negatif,positif
3,game sih bagus cuman update ingin neg contoh chat roblox moga kakek david baca ubah updatenya,netral,positif
1,game nya seruh bayak fitur sulit logo voice chat kadang bug eror alam virtual senang neg kecewa,negatif,positif
5,game but david reset face and shirt will rating star,positif,negatif
3,huek chuih jelek bgt versi delta jelek bgt klo masuk nunggu detik menit jam disaranin neg donwload versi delta sebel gabisa chat ayo darah anak umur udah nunggu kau pikir udah butuh aja udah,netral,negatif
3,chatnya hapus bicara,netral,negatif
3,sebenernya game bagus karna tanggal maret anak bawah usia akun blokir,netral,positif
2,game nya bagus kadang eror dikit,negatif,positif
5,buruk roblox bisa neg chat teman beda umur,positif,negatif
5,chat,positif,negatif
3,bagus semenjak update seru neg verifikasi wajah bisa neg mabar ,netral,positif
3,jujur bagus orang ras sih,netral,positif
5,bguss cmn ngelek,positif,negatif
1,gamenya bagus,negatif,positif
3,gamenya bagus updatenya kadang gajelas,netral,positif
3,aja,netral,positif
3,game bgus batas umurny aneh,netral,negatif
5,kalo dapat neg robux bisa neg roblox,positif,negatif
5,bug,positif,negatif
5,bus dimainin ngebosenin ganti ava,positif,negatif
2,game nya bagus atur roblox gila contoh gabisa chatan orang teman verivikasi umur game pake loading,negatif,positif
1,hey roblox please help roblox handphone out,negatif,positif
2,jarang main roblox karna fitur chat batas roblox benar anak anak umur kata neg kotor pliss main robloxx plis keluarin fitur chat nya dongg,negatif,positif
3,updatee main brokhavenn,netral,positif
3,sampai neg larang anak,netral,negatif
3,game roblox nya bagus fitur nya bug tolong baik roblox ancam blokir,netral,positif
1,yah kasi umur bawah,negatif,positif
1,seru banget game beli celana blush ilang knp heh beli pake robux,negatif,positif
3,game nya udh bagus masuk suruh upgrade pas upgrade nya unistal game nya udh seruu cuman login koneksi data bagus main saran tolong baik,netral,positif
5,knp komdigi ngeban roblox bgst emng kecuali ane usia segitu kasi bocil wkwkwk,positif,negatif
3,game roblox nya kada gaming bal bintang  gamenya,netral,positif
5,error top,positif,negatif
5,benci game,positif,negatif
4,bintang nya game jelek,positif,negatif
3,bisa neg komunikasi orang,netral,negatif
1,game nya bagus batas usia seru neg bisa neg tambah teman fitur verivikasi wajah nya ngaco tolong baik roblox,negatif,positif
3,fitur chat balikin,netral,negatif
5,pas unduh bisa neg ulang kesal deh,positif,negatif
3,game nya bagus sii uda gaa seru karana uda dibatasin bawah umur bawa karan bisa neg main kalou saran dibatasin aja bocil gabisa ngomen main orang dewasa hmm,netral,positif
3,kesini jelas neg game atur micnya jelas neg padahl ada neg kasar kena ingat moga jadi neg dead game atur,netral,negatif
5,game nya bagus main bug main kyk sinyal jelek ngelag dll,positif,negatif
3,rip roblox from indonesia,netral,positif
1,jyoomm,negatif,positif
1,game baik,negatif,positif
3,bagus sih iya gara gara update verifikasi usia bisa neg komunikasi,netral,positif
5,kadang bisa neg jalan,positif,negatif
3,update mulu cape banget update,netral,negatif
3,bagus milih baju kayak gitu,netral,positif
1,mohon perintah hapus aplikasi karna bagus neg bahaya anak anak,negatif,positif
3,bagus heker mecera roblox,netral,positif
1,suka sih fitur chat nya gbisa,negatif,positif
4,masuk ngelag,positif,negatif
3,main bagus map nya seru brookhaven nya lumayan bagus roblox lag roblox seru neg dulu,netral,positif
5,face clasic hilang chat hapus,positif,negatif
1,game nya bagus sih mai pake neg uang bayar neg,negatif,positif
3,saran adain fitur reset umur utk sengaja terverif umur karna akun hack ngehack bikin umur akun bisa neg ganti umur skrg batas bicara chat umur serba batasin,netral,negatif
1,gem sih seru robux dapatin cuma neg beli dapetin seru baget misalya setal berairot gitu robux pel,negatif,positif
3,roblox ngeleg bosen,netral,negatif
5,senag karna orang nya ramah ketemu youtuber tinggal pencet server cari avatar nya ngeselin roblox game plestor aja anggap roblox pahlawan robax,positif,negatif
3,seru sih suka eror plis suka neg eror gemnya seru eror makasih,netral,positif
3,masuk teks,netral,negatif
5,can learn from this game too try look the good side don look the bad side because there are many good sides,positif,negatif
3,ngomong kasar chat ngomong kasar ganti chat nya,netral,negatif
3,bgus cmn,netral,positif
3,please nantimah game nya update neg ngawur ngawur biar bagus kayak game nya,netral,positif
5,game nya dengan neg scam,positif,negatif
1,updet neg teman updet,negatif,positif
3,verifikasi pake email ngotak coba,netral,negatif
3,seru eror masuk udah pake wifi salah sambung coba tolong baik bug eror ini,netral,positif
3,suka banget mainin seru banget main puas game mainin seru banget pokok,netral,positif
1,game bagus udah bisa neg main sosmed,negatif,positif
5,game roblox jelek bocil main reting,positif,negatif
3,lumaya,netral,positif
5,nooo tanggal maret bisa neg main udah veteran,positif,negatif
5,vitur chet,positif,negatif
3,bagus map map unik terkadang suka pencet loncat banget saranin simpan gede roblox game kadang suka nge hank ngelag edit plssss ribet bangett verif usiaaa roblox skrg kek gabisa pake kamera karna blm updt gaada tulis updt gasuka pokok,netral,positif
1,bagus kasih bintang ratus juta,negatif,positif
3,kak kembaliin chat nya kak ,netral,positif
5,update sangaat jelek bagus neg chat,positif,negatif
2,tau aja,negatif,positif
3,maaf kasih rating bisa neg chat verifikasi muka tolong kembali chat david bazucki,netral,negatif
5,bug grow garden jalan nge zoom kadang suka ngeleg tolong baik yaa developer,positif,negatif
3,kembali chat,netral,negatif
4,roblox kembali chat,positif,negatif
5,susah dapet aci jangler gampangin min,positif,negatif
5,please fix the email message section not getting any messages from roblox all and can log with account,positif,negatif
5,males bgt bisa neg ngirim pesan temen nya klo main ngeselin,positif,negatif
3,tolong nya gede bgt kentang tolong kecilin kalo uda kasih bintang,netral,positif
2,game nya bagus main nya kesal eror wifi nya masalah kalo upgrade susah,negatif,positif
3,apresiasi game gamenya obrol virtual bosan batas umur adik bisa neg obrol game batas bosan,netral,negatif
2,senang,negatif,positif
5,bro fix your game man,positif,negatif
1,bodohhhhhhhhhh,negatif,positif
1,bagus bagus ajah sih minus suruh upgrade mulu males,negatif,positif
5,game ngeleg banget kasih baru,positif,negatif
5,banar roblox hapus kalo tolong karna neg untung kembang akibat bocil main,positif,negatif
3,bagus banget atur,netral,positif
1,game nya aja,negatif,positif
3,gem bagus bug nya kaya,netral,positif
5,tolong hilang game game ngk manfaat,positif,negatif
3,gamenya seru neg semenjak roblox boleh neg chat beda umur tolong jgn verifikasi muka roblox,netral,negatif
5,ngelag,positif,negatif
3,login suruh update upgrade udah ganti versi,netral,negatif
5,game tolol,positif,negatif
5,halo roblox masuk update baru shirt bisa neg pakai gratis bayar sulit main shirt kreativitas ekspresi main harap roblox timbang shirt gratis pilih gratis terima kasih perhati,positif,negatif
5,game nya ngelah parah kalo maiin map map muncul layar hitam harga robux semaknn mahal,positif,negatif
3,main sih seru bisa neg nulis komentar gimana plissssssss,netral,positif
3,cepet panas banget,netral,negatif
3,game usak otak,netral,negatif
3,pulih chat woyyyyyyy ngobrol susah main susah susah cape tolong chatnya kembali,netral,negatif
3,game nya seruuu tpi bug nya map map game nya aneh bintang,netral,positif
1,anak suka bermainjam,negatif,positif
3,suka karna bisa neg bicara kasih rating,netral,positif
1,asik pilih chatnya blok,negatif,positif
3,bring back the chat feature,netral,negatif
3,game seru pas main game kadang bug tolong baik gamenya,netral,positif
1,roblox tolong roblox kunci tolong roblox,negatif,positif
2,akhir player roblox cheating platform youtube terang an cheat rata scrip cheat tolong developer game roblox perhati sungguh adil neg player main jujur biar player malas main game roblox adil neg moga bantu terimakasih,negatif,positif
5,bisa neg log tulis roblox deteksi ancam aman mohon bantu hapus program ubah data instal ulang roblox aplikasi resmi pakek roblox resmi langgar neg tentu apa udah hapus download kali bisa neg udah hapus cache tetep bisa neg tolong bantu developer,positif,negatif
2,bagus gamenya upgrade muluu jirr minggu di neg maininnya,negatif,positif
5,please anyone dont put star not david bazucki made update worst behind update matt kaufman they maming everyone hate david bazucki all you making david bazucki cry,positif,negatif
1,wow bagus ke neg instal,negatif,positif
3,lumayan klo bsa diclose neg chtan brookhaven boring bgt sumpah seumurn dlu bru chatn kaya nolep njir pdhal gua pling enjoy bgt klo main brookhaven bsa yapping sna sni huhu one day kembali chtan brookhaven sperti please,netral,positif
5,ngelag,positif,negatif
3,gem offline aja gbl,netral,positif
3,cheater orang scam curang ambil akun,netral,negatif
5,muncul item gratis nya kangen banget avatar jelek bagus roblox,positif,negatif
3,seru roblox ngelag parah dikit dikit pas nya loh bisa neg chat plis kembali roblox,netral,positif
3,banyak update di neg kembali komen guna main main cari teman game bkp di neg hapus aja,netral,negatif
5,feel weird for those who dont like the age verif help protect child still can chat hello,positif,negatif
3,suka ngelag,netral,positif
1,update bagus loh game kecewa roblox update tuh bagus gitu loh emang gausah main,negatif,positif
1,suka blokir malas maen roblox,negatif,positif
3,main lag nya gak neg main nge bug,netral,negatif
1,cocok,negatif,positif
3,sih game roblox banned mulu ranting bug kalo main suka kode kode gitu pls tolong baik game ranting baik tolong balik chat teman chat pls kangen temen,netral,negatif
3,bagus nya,netral,positif
4,kemaren main roblox udah nyalain wifi buka tuh roblox tulis hubung jaring data gitu bingung udh nyalain,positif,negatif
3,pretty fun game please fix the age restriction feature really annoying can chat with friend who quite bit older than old friend mine,netral,positif
3,game bagus jadi game seru mabar teman suka iya iyain aja main main game balas komentar balas neg apa neg tulis usn oke segitu aja mabar lupa neg balas komentar bye bye semua,netral,positif
5,hey roblox where voice chat bro,positif,negatif
1,knp roblox skrng mkin ada daftar dlu nggk prnh verif usia cmn chtan doang knp skrng verif chtan open mic jga skrng hrus verif jga ktp anjirr oke sgini lumayan,negatif,positif
3,seru bgt,netral,positif
2,suka game roblox mes nya join roblox map aplikasi tampa alas jelas kek gitu kali join,negatif,positif
3,woi david baszuki niat sih neg bikin game dah vitur chat nujukin wajah roblox ramah anak anak muka privasi,netral,negatif
4,ngelag,positif,negatif
1,seruuu,negatif,positif
2,gamenya bagus sayang fiturnya buat neg verifikasi buka chat anak bawah umur umur segitu anak sosial terkadang takut orang tua alas verifikasi player roblox kurang gari komunitas roblox tuju update unlock chat moga update,negatif,positif
3,bgss bgt cokkk,netral,positif
3,karna akses batas usia bisa neg obrol teman teman umur,netral,negatif
4,main neg suruh upgrade,positif,negatif
5,mah game neg aplikasi bebas iklan,positif,negatif
5,perbaikin komunikasi nya,positif,negatif
4,atur rada seru gamenya atur sebel,positif,negatif
5,game game dalam maaf jelas neg,positif,negatif
3,cepat uabdet uapdet boros paket,netral,negatif
3,terlalu neg bagus apdetnya,netral,positif
3,sapa min hehe,netral,positif
4,ngerti neg roblox dikit dikit chatnya normal,positif,negatif
3,game bagus aja pas fitur chat nonaktif main aja main game single player game multiplayer mabar,netral,positif
5,woi udah upgrade burik,positif,negatif
3,tolong micnya suka ngebug seringkali muncul neg hapus data,netral,negatif
3,komenn non aktifkann sih,netral,positif
2,suka fitur chat batesin gabisa liat chat bocil seru roblox bocil beda suasana,negatif,positif
1,gamenya bagus orang orang ras,negatif,positif
1,gem favorit,negatif,positif
5,game haram gara gara developer bikin game game roblox perintah bened roblox anak umur nya tolong sistem kalo kalo game gamenya atas pantas neg anak game game nya banned lahhhh kakek dafid,positif,negatif
2,tolong bug nya hapus masuk nge bug singal nya bagus,negatif,positif
3,karna neg oppo roblox abisin simpan apdate,netral,negatif
3, k g m rk g m k s r gg  m s r k,netral,positif
5,akun bisa neg pake mengunakan neg cheat mode resmi neg pas login tulis roblox khusus android pas pakai akun login,positif,negatif
5,apa roblox babi batas chat kasih bintang kliatan,positif,negatif
2,bagus minimal ada neg aktifitas kunci gabung bagus nya ada neg nama nya robax,negatif,positif
3,gatau dipikirin roblox pliss balikin chat dlu chat adek aja bisa neg trs lucu nyelesain urus ttg dll urusin chat plisssssssss roblox klo players ngomong kasih saran didengerin,netral,negatif
1,game seru chat,negatif,positif
3,s k g  g m s k  r k   g m g g,netral,positif
3,akun hilang akun robax,netral,negatif
4,pulih vitur chat,positif,negatif
2,seru main roblox cither script,negatif,positif
3,bagus tolong kembali fitur chat nya,netral,positif
2,seru banyak iklan,negatif,positif
3,nilai mah nilai aja yaping,netral,positif
3,game nya seru sih seru tpi ngga chat,netral,positif
5,mau neg game keluar play store nya orang roblox,positif,negatif
3,mainin teryata gaa yaa berita bisa neg main roblox yaah deh main roblox,netral,positif
5,game jelek bangetttttttttttttt boong game bagus bangeettttt,positif,negatif
2,orang orang pake karacter bagus asik neg bagus forest suka gua mueehehehe,negatif,positif
3,seru main,netral,positif
3,hell atur gabisabkirim pesan game item hilang robux kembali lag akun ribet atur selera ngebosenin gitu roblox,netral,negatif
3,bagus sih tolong kembali chat bahaya tinggal kuat sistem aman gampang,netral,positif
3,udah bagus hilang neg fitur chat nyaa,netral,positif
5,ada neg teman seru,positif,negatif
5,tipu akun gampang ban bug game,positif,negatif
3,roblox batasin perintah indonesia kalo umur tahun,netral,negatif
3,comment bagus nya nya,netral,positif
2,game nya bagus vitur muka nya tolong hapus teman karna vitur,negatif,positif
1,gamenya lumayan seru,negatif,positif
5,games mainin yapi bosen karna bisa neg chat mah main brookhaven chat kepala tolong kalo bisa neg gamenya bagus sih developer semangat games that often play but now bored because can chat anymore used play brookhaven could chat but now have chat above head please you can just make the game better that all for the developers enth,positif,negatif
3,bisa neg ngechat,netral,negatif
4,kembali chat roblox,positif,negatif
5,game kotak kotak,positif,negatif
1,kalo chat balikin kasih bintang,negatif,positif
5,menga update bisa neg,positif,negatif
3,bagus jahil,netral,positif
3,main roblox seru banget suka,netral,positif
5,bintang karna cocok neg anak anak sayu udah pasuk tahap birah kasih bintang tobrut bolak kamar mandi terus,positif,negatif
3,roblox pel ngasih saran chat nya kalo udah teman di neg batas chat nya batas aja teman neg aja saran moga baca deh,netral,negatif
3,orang body bagus ,netral,positif
5,kann fitur chat enak komunikasi,positif,negatif
3,kasih bintang kabisa chat,netral,negatif
3,roblox bisa neg login tulis sinyal jelek pakai wifi tulis nya ganti ganti warna kek gitu kaya jadah jedug tolong baik main roblox kaya,netral,negatif
1,nice,negatif,positif
3,sensitif bngett nyanyi doang kena ban pdhal ngomong neg aneh,netral,negatif
5,bug baik,positif,negatif
3,gamenya bagus kasih bintang karna gamenya verifikasi umur chat gamenya susah komunikasi,netral,positif
4,game kontol,positif,negatif
3,robux nya,netral,positif
3,gamenya bagus fitur chat gamenya aneh aneh dah aja,netral,negatif
5,tombol loncat ok neg,positif,negatif
1,ngeleg jarinangan bagus bug main bug tolong baik,negatif,positif
4,gamenya atur banget,positif,negatif
1,game seru banget plis,negatif,positif
5,isi luang maret hilang roblox,positif,negatif
3,gem nya bagus tolong plis jaring nya bagus dapet kode kesel banget,netral,positif
3,roblox asal ban main neg tiba ban moga depan nya baik tingkat,netral,negatif
1,bgus gwe pensi roblox emg bner bagus,negatif,positif
5,login blox fruit stak loading mulu ngntd,positif,negatif
3,seru sih cuman orang gangguin,netral,positif
5,luv roblok but balikin robax guwa aqu beli emot emot ilank,positif,negatif
3,gamenya seru seru karna perintah hapus roblox bawah fitur roblox bisa neg chat tolong balikin roblox sekali neg klo nambah atur kasih bintang kasi bocil dewasa pisah verifikasi ken roblox kaya,netral,positif
5,aplikasi nya bosan main map,positif,negatif
2,ngeselin sih bug gitu tolong baik moga malam udh selesain capek nya dapet robux diamond neg,negatif,positif
1,bagus ,negatif,positif
5,knp chat imel orang tua,positif,negatif
3,roblox klo update aneh bikin tshirt pas upload bayar robux bikin ken kaya kah mikir robux bikin roblox akun trs dpt robux gpp enak,netral,negatif
3,since updating the age limit via face cam feels boring chat usually full chatter now feels quiet and the excitement roblox has disappeared,netral,negatif
5,kembali fitur chat ,positif,negatif
3,karna fitur chat teman bisa neg pake chat,netral,negatif
5,server tolong baik kadang kadang suka overload,positif,negatif
5,buruk udah bisa neg chat,positif,negatif
3,bagus banget pakek konfirmasi umur chat,netral,positif
3,bisa neg bisa neg top,netral,negatif
3,suka game seru bangus seru ,netral,positif
1,ugly,negatif,positif
3,game nya bagus orang curang delta main steal brainrot hacker tolong hacker delta ban blokir akun,netral,positif
3,suka bug bisa neg ganti akun step verifikasi nya jujur asli bagus maklum cheater masalah neg main lupa neg chatnya tolong dibenerin cepat biar bentuk gembok utk org verifikasi neg jgn game mati sekian ulas,netral,positif
5,roblox blokir ama perintah umur emg,positif,negatif
3,kalo bikin shirt bayar woy gratis bayar neg,netral,negatif
1,nge lag,negatif,positif
5,hapus geme efek samping anak barah stop main roblox,positif,negatif
3,game nya bagus sih masuk servernya evade ngelag tanggap neg fitur chatnya periksa usia kesel gpp maju roblox,netral,positif
3,geme nya bagus mainin suka bag,netral,positif
3,gamenya bug tolong bang baik gamenya kasih bintang pllis bang baik janji ngak bug kasih bintang janji,netral,negatif
3,suka neg roblox karna org menbenci kembali chat roblox biar main chat kali lihat neg maret plis kembali chat roblox kali aja sedih dengar roblox sosmed plis plis plis pliss kembali kembali kembali chatt robloxx dah muat plis plis plis kembali chat roblox kali pli,netral,negatif
5,game nya bagus game kayak mancing kendara lai update jelek,positif,negatif
1,game nya bagus cuman verifikasi data udah mau neg benerin ngapa paok kali,negatif,positif
3,ngeleg game bayar map bikin anak anak pacar,netral,negatif
4,optimasi jaring fitur chat nya ituloh di neg batas batas nya toxic tingkat tuh sistem batas skin game roblox nya yakan kandung unsur seksual kemarin viral gagalin karna kandung seksual dll di neg ingat dev gamenya ganti tuh sistem game nya,positif,negatif
3,udah bagus gara gara fitur chat batas usia verifikasi chat meneurut menggangu verifikasi neg umur ngak chat pertanyan player pertayaan susah umur atas umur chat ngak bisa neg chat umur bawah tolong ubah fiturnya secepetnya,netral,negatif
3,kalok main brookhaven kah salah suka neg pencet nya lambat neg pencet cepat,netral,negatif
5,main fish talon kikir,positif,negatif
1,asik,negatif,positif
4,lag mulu,positif,negatif
5,roblox seru chat,positif,negatif
1,gamenya bagus bug tolong baik biar ada neg bug gimana akun roblox bisa neg login,negatif,positif
5,kalo bug ngeleg gantung internet kerja developer game roblox nya dah gitu,positif,negatif
5,batas neg kalo ganti rugi top,positif,negatif
4,roblox bisa neg chat terlalu neg buruk,positif,negatif
5,versih chat baru min kemabilkan akun gua nama kona suka main sim hewan gua udah levelasli nya mah udah andai gua bego gua tau nama nya upload vidio min kembaliin akun roblox burik gua ken nontatagila sim hewan level gua nurun bunuh neg gua gua bilang santai cil gua pake akun txr zor turun level nya udah capek udah dapatin hewan nya legen sombong,positif,negatif
3,ava server newsmit kek orang orang,netral,negatif
1,fitur cat nya kaha aja,negatif,positif
3,ulas aneh aja gitu mainin nya suka ngeleg ngeleg pdhl sinyal bagus kalo login suka layar hitam error gegara roblox game nya unik banget benerin developer bgt bug nya bikin nyaman neg main tau,netral,negatif
5,buka chat,positif,negatif
3,main game fish afk hari masak ikan nya mau neg,netral,positif
3,chat nya balikin wok kalo chat pake isyarat gitu sungguh malas sisa nya oke,netral,positif
1,game nya bagus banget izin orang tua gimana kalo orang orang tua mikir kalo game,negatif,positif
4,ada neg update party tubggu dri jan sampw jam,positif,negatif
4,bayak atur,positif,negatif
3,tolong jngan dikit banned dikit banned voice woi ngapain neg loh cuman nyanyi aja sih sensi banget,netral,negatif
1,coba robux langsung,negatif,positif
3,bagus kadang ngeleg pas asik main disconnect main internet udh aktifin wifi data,netral,positif
4,ting umur beda umur contoh umur game tolong nya,positif,negatif
3,game seru bug nya kaya anj,netral,positif
4,bisa neg bebas akses fitur saran bikin neg atur aneh roblox,positif,negatif
4,chat nya kunci,positif,negatif
1,game kajunk,negatif,positif
4,updatenya tablet burik lancar main game,positif,negatif
2,bagus cuman bisa neg ganti lokasi akun ken lokasi akun amerika indonesia,negatif,positif
3,davit please read this can you change roblox will call back some players who are bored including chat some players your game have moved politoria players,netral,negatif
2,bagus sih tpi memori dahsyat deh dowlot,negatif,positif
3,udh cht mlh kena bts usia apsi,netral,negatif
1,game emb nya,negatif,positif
1,tutup,negatif,positif
3,update ,netral,negatif
1,gaseru afk pake,negatif,positif
1,suka ngebug ngelag kadang pencet suka gitu,negatif,positif
3,roblox sih bikin classic shirt aja bayar pdhl dlu gratis benerin tuh gamenya upload foto bikin classic shirt aja aneh bgt roblox,netral,negatif
3,game eror masukin code outfit gabisa map catalog avatar,netral,negatif
5,woi roblok ngga ngomong kasar chatku sensor tolong turun harga robak,positif,negatif
3,sebel update mulu,netral,negatif
1,game nya bagus cowok nya manis doang suka nge gosthing,negatif,positif
2,bagus sih geme nya bug updeet,negatif,positif
5,game bagus dah perfect cuman atur gw neg tuju basuki,positif,negatif
1,main game contoh the forest tulis gameplay has banned pause coba sih,negatif,positif
3,halo buat roblox maaf ganggu udah bagus roblox pas main pilih pilih orang viral bisa neg kasih bintang maaf tolong benar please ken roblox roblox tanggal ada neg,netral,positif
3,bagus bisa neg chat teman seru neg burik tolong dovlover baik kasi bintang orang chat keruan neg keluar ajala akun nya hapus salah nya susanya devloper orang dewasa main nya bisa neg hibur anak anak sepi,netral,positif
5,roblox game kasih chat untuk neg tem sepat neg teman hilang teman nama chat chat lupa teman orang kasih chat,positif,negatif
5,beh roblox bagus game semenjak akun ada neg pake akun buat hilang udah bisa neg dapat tau neg lihat roblox mohon kasih tau kembali akun tau akun tolong add friend rafliytpetsx nama akun nama akun hilang rafliloseu pakai hitam pake kacamata belakang aksesoris okk terimakasih udah lapor keroblox,positif,negatif
5,jelek,positif,negatif
3,bagus sih log out akun login ulang update nya bgt jdi mls,netral,positif
3,seru sih cuman seru neg karna gabisa chat pake ktp orang tua,netral,positif
3,bagus lucu bebas batas usia main,netral,positif
3,until meet again,netral,negatif
3,game nya bagus sii pilihanya main sebentar udah panas lot kasih bintang maaf yas,netral,positif
3,jujur sih game seru tolong baik chat roblox tolong diperbarbaiki,netral,positif
1,game nya bgs bgt chat hapus ngobrol temen habis roblox kedaluarsa plis hapus fitur kedeluarsa plis biar main roblox aman,negatif,positif
5,bisa neg main,positif,negatif
3,tau neg seru neg aja,netral,positif
3,tolong kembali chat jgan kadaluarsa ,netral,negatif
1,bagus tpi usil suka kalo jatoh tower kanyak batas,negatif,positif
3,bagus sih nge lag pas main jaring nya masalah wifi bagus,netral,positif
5,tolong chat ganti mic di neg non aktif karna chat digunain seru neg kalo bikin shirt gratis ada neg bayar robux karna kasi punya neg robux tolong kembali roblox lagi,positif,negatif
1,roblox seru neg kayak tempek,negatif,positif
3,hate when you add the chat permission but still like playing,netral,negatif
1,bagus boleh neg anak anak saran yah download game pengaruh otak manusia game pokok game download yaa teman teman maksa suka hati kalo download saran biar otak rusak neg download game umur bawah yaa umur yaa man teman bye bye,negatif,positif
1,seru,negatif,positif
4,sebenernya game nya udh bagus knp acara chat nya pake muka gimana komunikasi temen coba ngapain verifikasi umur dikit eror pas buka roblox nya dikit dikit upgrade nya sedikitit donlowd aja susah tolong erti,positif,negatif
3,balikin fitur chat orang,netral,negatif
4,fitur chat kembaliin kaya,positif,negatif
2,ada neg sih kasih nilai bintang tpi roblox kesel nya maret main roblox,negatif,positif
2,happy akan neg mikirin cuman update plus ngebug,negatif,positif
3,roblox bagus kadang suka chat bentar chat bentar hah tolong baik tolong biasa chat jagan chat mlu orng orng seru mai tolong harga robax jagan mahal kasi orng blm puya robax aku tolong blm puya robax kasiya robax puluh tolong klo udh blox tolong kembali jagan oky gitu tolong terimakash,netral,positif
1,min tolong chat nya di neg gembokk diperbaikin kasih bintang,negatif,positif
1,this game rigged,negatif,positif
1,game,negatif,positif
1,bagus,negatif,positif
3,jengkel,netral,negatif
5,batas neg umur,positif,negatif
5,terlalu neg parno chat,positif,negatif
3,sih fitur chatnya lohh mohon kembalikannn bug shirt butuh robux bisa neg robux berkuranggg okay but please return the chat feature and there are also lots bugs when want make clothes need robux but still can but robux decreases,netral,positif
5,sab jelek kaya ketek,positif,negatif
3,aja sih,netral,positif
4,kuat neg update,positif,negatif
3,gabisa update,netral,negatif
3,tolong roblox verifikasi chat di neg susah ganti akun buka update gampang susah jujur mending roblox sih di neg usaha emang sih fitur biar banyak neg pdf gampang udah mah roblox ngawur umur gimana coba mah aja,netral,negatif
1,tdk mnyenangkan,negatif,positif
3,chat nya batas neg roblox,netral,negatif
3,update jelas neg bikin males main,netral,negatif
3,bagus sih turut bagus skarang sampah beut sorry,netral,positif
1,seru,negatif,positif
5,balikin chat,positif,negatif
5,bgus sih bring back chat roblox,positif,negatif
5,karna culi anak pas main roblox,positif,negatif
3,seru chat nya ilang,netral,positif
5,tolong chat bisa neg komunikasi komunikasi batas tolong balikin chat roblox ,positif,negatif
3,buset uras data,netral,negatif
1,gaiso bintag siji cok,negatif,positif
2,main roblox loding,negatif,positif
5,roblox donglot ngelek pas main tolong benerin yaa aja donglot roblox aja udah jam looo masak kasi neg tolong lahh,positif,negatif
3,game lumayan bagus,netral,positif
5,roblox mqkin kesini update nya aneh aja kayak chat batasin,positif,negatif
1,game nya bagus seru map nya mabar gabisa mic game nya keren bagus banget kasi bintang ,negatif,positif
3,bantak iklan nta tolong baik,netral,negatif
5,balikin fitur cht,positif,negatif
5,seru chat,positif,negatif
5,bug loampat jalan karakter suka masuk tanah bagus gamenya,positif,negatif
3,voice chat batas umur update map bagus,netral,positif
3,klo bikin game main badan hilang aneh bet klo udah update makim aneh kasih bintang,netral,negatif
5,udah main kecewa vitur chatnya kalo main chat adekku main bisa neg,positif,negatif
3,okay,netral,positif
3,bagus update suka neg memori penuj,netral,positif
3,gamenya udah bagus update mulu udah diupdate update tolong beritahu emang update nya minggu gimana,netral,positif
1,gem seru dikit dikit geret,negatif,positif
5,roblox jahat neg ngeleg roblox suka baik dapat neg hasil robux pakai duit rumah kecuali ceo emang udah boleh neg ledek ceo iseng iseng balas dendam orang adab neg boleh neg paksa perintah blokir roblox roblox teman ,positif,negatif
1,bye roblox bentar ben perintah indonesia bye bywkwkwk,negatif,positif
3,bisa neg chat verifikasi umur,netral,negatif
3,akun dipake orang bocil aneh,netral,negatif
2,gameny bagus map bnyk seru sayang game ngeleg parah wifinya baik main game aja ngeleg game ngeleg contoh jalan trs karakter henti gerak knp roblox ngelunjak contoh kayak chatan dll tolong ubah baik klo chat gpp suka tuh game roblox bikin hpku ngeleg eror tolong baik,negatif,positif
5,ngelag banget,positif,negatif
3,ringan game nya,netral,positif
2,roblox mohon kembali cat plis komunikasi,negatif,positif
3,hmm gimana dlu mainin karna normal aja kalo banyak ngga liat anak batasin komentar maaf buat roblox,netral,positif
3,seru,netral,positif
3,gamenya bagus jujur semenjak update chat seru neg map serasa mati,netral,positif
5,min ava masuk map liat orang badan nya ilang pala aja,positif,negatif
5,bosok jelek ngeleg offline neg,positif,negatif
4,asik main macet aplikasi pas main karakter suka gerak tolong baik,positif,negatif
1, i  i,negatif,positif
4,karna bisa neg chat mls banget pliss balikin chat,positif,negatif
3,tarik,netral,positif
1,bagus neg update game makan ruang memori hapus game nya,negatif,positif
2,seru sih seru neg kalo curi akun lag lumayan bug nya dikit,negatif,positif
4,plis deh roblox chatnya buka verifikasi neg muka emang game umur knp sih nya muda bisa neg,positif,negatif
2,roblox bagus tapi tolong kembali fitur chat nya tambah teman,negatif,positif
2,gem neg nya pake neg internet kak nya kolo kurang internet nya,negatif,positif
3,ngelag suka akun nya ilang kembali fitur chat nya kalo batas usia tinggal sensor aja,netral,negatif
3,karana aplikasi habis engkau nya rangin item bagu bagus usa neg robux naya robax jelek jelk robux sekian terima gaji,netral,negatif
3,bagus minus toxic,netral,positif
5,can you ask skylar,positif,negatif
3,mohon ada neg tiru game contoh tiru game free fire mobile legends,netral,positif
3,game nya bgs update nya rada jls,netral,positif
3,lumayan bagus bug tolong hilang ,netral,positif
3,game nya burik kotak game gamenya bagus fans roblox,netral,negatif
4,ajar pakai sandi pola marah gara gara pas nyalain sandi pola pepek,positif,negatif
3,update mlu tpi legnya lawak benner,netral,negatif
1,roblox cha,negatif,positif
5,tuju batas usia ada neg bocil troll bocil caper suka batas chat bocil kepo neg ikut neg campur suka neg bocil game,positif,negatif
3,kadang suka ngelag upgrade mls bgt lh,netral,positif
3,game seru kembaliin chat teman teman quit gara gara ada neg virtual chat nya kalo virtur chat cari teman baru salam kenal nama gwen btw mohon relasi agama nya kristen hujat neg parah banget hujat udah segitu aja bye bye,netral,positif
5,lag,positif,negatif
5,fiturnya bagus mekanik bagus grafik oke game nya batas neg gamenya bener bebas niat main game aja bebas hias karakter roblox avatar cuy konflik game asli bug nya parah banget jir pas masuk server game sulit klaim koneksi internet bagus bagus aja jir game rusak parah nguras kuota banget cache nya byk abis game mudah bgt bikin mobile panas jir jujurly rugiii,positif,negatif
3,roblox hapus game game game brainrot bukti bikin game brainrot developer negeri bikin,netral,negatif
3,benci sinyal udah bagus banget lag kasih rating bintang aja,netral,positif
3,banyak batas umur susah komunikasi geme,netral,negatif
4,maaf spam mohon developer pakai chat tolong pakai neg usia mohon tolong update maaf kasih bintang,positif,negatif
4,chat batas,positif,negatif
2,apk nya udh bagus batas usia update terkadang main tiba nge bug,negatif,positif
5,luma henti apdep cukup neg nya roblox sekian indonesia,positif,negatif
3,roblox udah ngomong mic chat seru,netral,negatif
3,roblox error teruss,netral,negatif
5,balik,positif,negatif
3,game enak game paksa ugrabe habis memori tolong ugrabenya paksa neg,netral,negatif
3,bagi kaya minggu apdet garagara abdet akun roblox hilang uda akun nya jaga ehh mala hilang,netral,negatif
3,knp update memori full nih ken,netral,positif
3,tolong fitur chat pls dapet fitur roblox bug ganti avatar langsung virtual turut bagus roblox dapet fitur chat tolong kasih bintang sekian terima kasih,netral,positif
2,game nya sih bagus beli robax hasil neg alfa nya hasil bisa neg banned,negatif,positif
3,seru balikin roblox plissss seru,netral,positif
2,updet,negatif,positif
4,please roblox play break luky block for frosaken block sceret mala can get rare sceret loky block,positif,negatif
4,sumpah tuh capek banget download kayak apa cat mending usah neg nonaktifin anak usah neg verifikasi kayak gitu usah neg kayak ribet ribet aja developer yaa,positif,negatif
3,assalammualaikum tanggap seru gaseru semenjak januari gabisa chat ama temen susah bgt kalo komunikasi tggl maret roblox dihapuss pdhl game fav bagtt sih neg hapus neg chatnya klo komunikasi brookhaven oke segitu wassalammualaikum,netral,negatif
3,lumayan ganggu,netral,positif
3,kasih bintang karna chat,netral,positif
4,maaf rating bintang lot pakek data ganti akun capek tolong ganti akun bisa neg komentar,positif,negatif
3,tolong kembali fitur chat tolong karna ada neg chat bisa neg ber komubikasi teman tolong kem balik fitur chat,netral,negatif
5,males banget bug kalo update banget nungguin nya,positif,negatif
4,balikin chat roblox blokir,positif,negatif
3,plisss roblox jan suru upgrade napaa,netral,positif
3,                           ,netral,positif
4,kangen roblox bebas fitur chat,positif,negatif
4,singkat ribet,positif,negatif
3,roblox seru,netral,positif
2,main robolox ngecet bosan sepikali,negatif,positif
4,ngelag,positif,negatif
5,gampang ngelek sih jugak adeku rusak gara gara game,positif,negatif
3,kalo main gelem,netral,positif
1,gmyasibagus bagetsih,negatif,positif
5,roblox knp chat gabisa,positif,negatif
3,seru rada ngelek upgrade nya aneh,netral,positif
5,please roblox don unable play roblox the year old limit roblox promise not various things and also are longer sus and dating detective brookhaven there someone who having sex and dating will scold him please return this chat please and don delete roblox and don roblox can played march sure you can say sure you can tell the indonesian government please roblox ,positif,negatif
3,roblox knp halaman utama nya internet lancar klo dah dibenerin kasih bintang,netral,positif
1,seru verivikasi umur blokir perintah,negatif,positif
3,update buang kuota,netral,negatif
1,gamenya bagus sistem komunikasi dibatesin bosen,negatif,positif
3,akun hilang bisa neg bagus gameplay nya semangat buat roblox,netral,negatif
3,mayan,netral,positif
2,hmm seru neg sorry,negatif,positif
4,gamenya bagus knp items free jelek mohon item bagus free,positif,negatif
5,bisa neg login akun,positif,negatif
3,suka suruh update,netral,positif
3,roblox tolong mudah login nya kalao sulit roblox tinggal main pindah geme,netral,positif
2,plis roblox,negatif,positif
5,roblox seru curi brainrot nya jelek jelek update ulang robux nya love roblox,positif,negatif
3,pale mouse keybord krusornya suka stuck,netral,negatif
2,seru pas main kayak gregetan pas main maap nya,negatif,positif
2,game nya sih seru kadang ngeleg wifi nya aja udah pasang pasang tolong baik game nya,negatif,positif
3,keren,netral,positif
2,bintang,negatif,positif
5,kembali chat,positif,negatif
3,update,netral,negatif
3,gamenya sih bagus tpi tolong benar servernya bar wifi udh full mlh join,netral,positif
1,kalo neg main map parkur tombol loncat nya ngelek neg pas main map tower tombol loncat nya ngelek,negatif,positif
1,game nya bagus bagus bisa neg ngobrol,negatif,positif
3,beda banget roblox skrng normal aja game simulator brookhaven normal komunitas normal beda semenjak masuk,netral,negatif
3,bagus sih kalo akun tuh otomatis akun hilang woy,netral,positif
3,bagus sii tapi bisa neg chet kalo chet ribettt bangettt,netral,positif
3,bngst gara di neg kait gmail ilang akun,netral,negatif
3,udah bagus game nya kadang ngelag pas main map evade bgt masuk map nya nunggu bgt deh wifi jalan lancar loh,netral,positif
3,jujur mau seru seru minus chat shirt gratis pake robux plis ngertiin player gapunya robux,netral,positif
5,grafik nya jelek bgt,positif,negatif
4,tambah chat,positif,negatif
5,tolong kembali chat mudah komunikasi teman beda usia,positif,negatif
3,roblox bagus bilang brookhaven update nya mah pencet benda apa batas kaya lambat guna susah main nya update nya bagus mohon ada neg,netral,positif
2,bagus game nya seru map nya suka update memori penuh gara gara game roblox update hilang foto kenang aplikasi hapus gara gara game roblox kalo baik muak,negatif,positif
3,bagus lah neg umur bisa neg main anak main pls roblox,netral,positif
3,udh bagus game dewasa di neg banyak boleh neg chat tolong hilang,netral,positif
3,gemenya seru mabar temen bikin nyaman neg mainin game bisa neg chat verifikasi neg usia alas adik umur and punya neg ktp main game bingung bisa neg ngechat mabar jarak temennya pajak game alas serius bikin baju klasik langgan untung buat pakai buntung dikit dikit updt alas bikin ram hpnya susah,netral,negatif
1,robloxnya kalo top kasih mail,negatif,positif
3,gamenya sih bagus hilangin bug nya terkadang ngelag mai oke oke game nya ngelag,netral,positif
4,update ruang penuh,positif,negatif
3,tolong banget loading pas masuk aplikasi nya banget sinyal udh bagus loadingnya tolong baik yaa,netral,negatif
4,update trus,positif,negatif
2,game nya bagus update nya sampah,negatif,positif
5,update mulu emang update sih,positif,negatif
1,roblox nya bilang nge lag,negatif,positif
5,jelek,positif,negatif
4,game platform unik unik login platform jaring internet lancar kuat notifikasi error occurred please check your network again tolong baik salah,positif,negatif
4,game atur nya anak umur chat bisa neg main game umur pokok bayak downlot roblox mending kasih umur atas thn deh sekian terigaji,positif,negatif
3,game nya bagus bisa neg update roblox pas update suruh update ulang,netral,positif
2,balikin chatnyaa,negatif,positif
3,gimna ronlox gua update pas download bisal neg,netral,negatif
1,pls balikin chat,negatif,positif
3,this game good but the chat longer available,netral,positif
3,bisa neg chat,netral,negatif
1,gabut,negatif,positif
3,roblox nih udah bagus bangettt semenjak fitur chatnya hapus player menuninstal roblox pulih developer nyaa makasih,netral,positif
5,kesal mutasiin god gagal fishing brainrot,positif,negatif
3,bagus kalok ke neg suspend item ilang robux balik neg,netral,positif
3,lumayan seru pas mainin koneksi eror lancar lancar aja chat nya hapus badmood tolong chat nya kayak,netral,positif
5,roblox blokir tanggal maret,positif,negatif
5,please return voice chat how was before beg you because prefer voice chat like before not the current one,positif,negatif
4,karna chat roblox akn banner play store,positif,negatif
3,bagus bug,netral,positif
3,dowload game pas bikin akun akun ilang kembali pada bestie mabar susah payah koneksi bingung game,netral,negatif
3,berat,netral,negatif
1,every time play game like pirate can get because doesn work your phone says please fix okay,negatif,positif
3,mic ngebug ijo ijo nya naik neg plengerrrrr,netral,negatif
5,scamer benci orang tipu scammer,positif,negatif
3,roblox tarik perhati gara gara update chat hapus malas main roblox kena pertama,netral,negatif
3,udh habis robux brg masuk nila mahal loh pake uang udh beli rambut kacamata poko mala masuk dikit game nya seru plis roblox kalo kembali uang,netral,negatif
5,sulit masuk aplikasi roblox nya pake wifi coba,positif,negatif
2,seru batas usia boring update sepi bgt temen random ngobrol,negatif,positif
4,puas map ada neg chat sepi,positif,negatif
2,roblox pls fix bug lag roblox bro,negatif,positif
4,nge chat kasih binta,positif,negatif
3,bagus,netral,positif
3,game nya seru banget game patah patah,netral,positif
1,gem roblox seru sayang roblox hapus,negatif,positif
3,mayan asik game minus ngelek,netral,positif
2,seru ngeleg,negatif,positif
3,gamenya bagus seru mohon hilang verifikasi langkah nya cegah orang retas begitu neg akun bisa neg stuck verifikasi langkah karna kode autentikasi nya kirim neg mohon hapus fitur,netral,positif
2,bagus banget gilakk nya mabar pake chat umur bisa neg main adik susah,negatif,positif
1,please make delete chat feature roblox,negatif,positif
5,inti du neg hapu dah,positif,negatif
1,game bagus neg ngelag main,negatif,positif
1,main seru banget,negatif,positif
1,kadang ngelac sih sampe marah,negatif,positif
1,game bagus main game nya masuk kode error kesal kode error tau ada neg,negatif,positif
1,game sengat bagus,negatif,positif
3,sih gem suka ngelek grafik nya udah bagus sih gitulah iya gemnya bisa neg nge chatan ,netral,positif
5,tolong roblox beli robux pas bayar eror lebih batas beli beli tolong baik,positif,negatif
1,tanggal maret roblox blokir,negatif,positif
1,geme,negatif,positif
5,geme nya bikin neg bosen,positif,negatif
3,tolong tambah fitur chat,netral,positif
3,bring back roblox chat feature,netral,negatif
3,roblox benci oppo gabisa mainin,netral,negatif
3,bagus sih paket udah tetep aja klik cepat barang sedia neg aneh gobl,netral,positif
5,roblox know poor and don have money buy robux but pls return the old roblox that make shirt don use robux,positif,negatif
5,woi sawit ngapain chat nya dibatesinnnn,positif,negatif
5,ingin neg pensi bisa neg chat,positif,negatif
4,karna kadeluarsa bintang kesel marah karna kadeluarsa,positif,negatif
4,bisa neg ngechat,positif,negatif
1,roblox gambar ada neg gambar nya kompeln,negatif,positif
5,bikin ngelek,positif,negatif
1,seru brokeven badan bagus kayak klo abdet tingkatin bintang nya ddi brokeven ,negatif,positif
3,anak suka,netral,positif
1,uras simpan,negatif,positif
1,bintang,negatif,positif
5,jelek kembali chat,positif,negatif
1,ksh bntng bnyk krna bnykny bug updte jls dll cman ngsh,negatif,positif
2,gamenya seru gua update minggu,negatif,positif
1,suka kadang tuh sebel bgt gara gara ngebug tiba jdi tolong baik,negatif,positif
3,game bagus kembali chat nya,netral,positif
1,didownload memori mas ruang,negatif,positif
2,ulas roblox bagus sih banget atur ngebak brokheven orang gimana nih roblox offline oke terimakasih keluh baca david terimakasih,negatif,positif
3,benar nya suka game skrg udah bisa neg nge chat game aktivitas larang,netral,negatif
1,cari benda nya,negatif,positif
3,udah bagus kecuali bug pas main jaring bagus aja bisa neg chat verivikasi wajah nya bisa neg main,netral,positif
1,game nya bagus game pay win,negatif,positif
1,banget pedofil gamenya,negatif,positif
3,bintang karna karna bug ngelag jugaa jaring bagus aja koneksi bagus aja wifi bagus aja tuhh,netral,negatif
5,gabisa akun login coba emang sampah nih platfrom,positif,negatif
2,bagus,negatif,positif
3,return the chat,netral,negatif
5,bisa neg main roblox brokheven karna avatar nya tubuh bisa neg pakai jelek pliss jagan pakaiyan nya celana nya  pliss baik pliss ,positif,negatif
5,akuh masuk roblox tiba bikin akun siya karna koneksi kuh bayak teman and besti kuh akuh harap mempuya koneksi bayak harap kabul akuh senag tiba hilang bikin akun kuh akuh sagat marah akuh mohon baik akun item akuh mohon,positif,negatif
3,ngealgg teruss,netral,negatif
1,suka neg roblox gob gakmau nya tanggal maret perintah bolehin neg main roblox,negatif,positif
1,aja batas,negatif,positif
1,not best game ever,negatif,positif
3,the game good but why can log another account,netral,positif
3,game nya bagus suka semenjak batas umur bebas udah verifikasi izin orang tua pas verifikasi wajah detack nya asli nunggu,netral,negatif
1,gem nya bagus pas main bisa neg kelik padan jaring bagus,negatif,positif
5,roblox chat verifikasi pas main tower chat ngeganggu pas,positif,negatif
3,suja ngecrash kadang,netral,positif
3,seruuu,netral,positif
1,pls kasih chat gaul,negatif,positif
3,ngeleg,netral,negatif
5,game baik hidup gjd update bosok,positif,negatif
3,aga aga ngeleg,netral,positif
1,game nya bagus bagus neg game berat,negatif,positif
2,adek marah marah gpp deh,negatif,positif
5,tinggal jejak roblox maret umur asli lahir,positif,negatif
1,suka ngelag davit bazuckkkkkkkkkkkkkkkki,negatif,positif
3,suka neg bisa neg ngomong enak game temen situ,netral,negatif
5,chat roblox nya kasi,positif,negatif
1,sebenernya game tuh seruu bgttt tpi knp akhir tuh bgt ngebug jdi klo main puasa gni tuh jdi kyk banting gtu mencet baju tulis salah,negatif,positif
4,terlalu neg bosan tapi bug game terkadang akun hilang saja padahal verifikasi hasil,positif,negatif
3,ngelek itu kalo main fisit kalo lainnga nggak,netral,positif
1,seru plis deh kembaliin chat,negatif,positif
3,singkat padat bug nya,netral,negatif
4,roblox bisa neg buka,positif,negatif
3,atas cokkkkkkkkkk gua main game,netral,negatif
4,login roblox eror sinyal bagus pas pake wifi ttap bisa neg males main roblox,positif,negatif
3,bug tolong blokir akun predator,netral,negatif
3,game fantastic,netral,positif
5,pasang bintang soalya biyar liat asli kasih bintang kasih bintang karna fitur chat ilang secript,positif,negatif
3,game nya bagus copyright game seru neg get out ,netral,positif
2,bagus ndak karna update guna neg,negatif,positif
2,gamenya seru playernya engskem tipu tolong hapus tipu roblox roblox rame kayak,negatif,positif
2,game nya bagus aneh main anomali nama tuhan game nya sopan game ngleg bagus game nya turunin nya biar leg dikit aja,negatif,positif
5,gamenya patah patah buath,positif,negatif
3,game nya bagus map nya bagus kena disconnect internet wifi aman nya kasih bintang,netral,positif
3,main bagus asik buat neg aupdet terus ,netral,positif
5,bisa neg chat seru,positif,negatif
3,game bagus pulih chatnya oka makasih,netral,positif
5,hello roblox why everything paid want make shirt because before the update shirt free but why are they paid now please really need help remove the rbx prepaid its like this all get bored everything paid hope you read,positif,negatif
3,roblox bagus sayang nya bisa neg chat,netral,positif
3,bingung ngembaliin akun kumainin akses akun kuuu tolong roblox kasih akun kembali,netral,negatif
3,game nya bagus suka neg karakter jatuh mati main serba iklan promosi robuks player gratis jengkel iklan promosi robuks henti trima kasih,netral,positif
3,game nya bagus chat nya harua balikin,netral,positif
5,game yatim orang orang nya padah rusuh udh bikin bangun capek ngeleg mohon blokir orang orang rusuh,positif,negatif
5,pas download gabisa udah download nya gaada tolong komunikasi gabisa,positif,negatif
3,punta main,netral,positif
3,bagus di neg baru minggu bulan karna foto unduh bisa neg upgrade tolong kecepetan neg,netral,positif
5,chat batas verifikasi umur cocok neg kentang scripter kasih bintang komen atas,positif,negatif
4,semenjak game chat seru nyalain senter the forest game play pause mati game play pause sengaja neg nyalain senter aja game play pause pas mabar temen nya habisin perban bikin kalah btw temenku main the forest suka banget main the forest pas korup shotgun langsung teriak temenku untung untung game,positif,negatif
3,bang tolong roblox main buka fitur chat pulih barang lupa neg daily hari ramai rating bawa ejek maudihapus hebat erri cassel buat roblox pernah neg pelit ampas chat ada neg minimal orang ngomong kotor banned aja nama roblox ubah goblox,netral,negatif
3,izinin normalisasiin executor roblox roblox minat main,netral,positif
5,bikin depresi sumpaahhhh depresiiiiiii tau arti depresi,positif,negatif
5,banyak brainrot,positif,negatif
5,did the age chat,positif,negatif
3,good game thankyou tani,netral,positif
3,jelas neg aja kadnang sesnsor bilang tidur aja sono sensor,netral,negatif
2,error jaring bagus,negatif,positif
5,old tahan new keluar,positif,negatif
5,update nya konyol,positif,negatif
1,tolong roblox game roblox tolong masuk game roblox betulin masuk tolong bantuanya trimakasih tolong betulin kadang susah masuk game roblox tolong bantuanya trimakasih,negatif,positif
1,update nya seru neg dah aja,negatif,positif
3,tolong balik robux item hilang emot tolong kembali,netral,negatif
1,main obby joystick nya banget,negatif,positif
3,seru suka main roblox hepibanget,netral,positif
3,bagus yanto,netral,positif
3,game kenang alam game game nya game guna neg,netral,positif
3,bagus,netral,positif
3,klo main roblox map suka henti henti jalan nya btw samsung android,netral,positif
3,item item robux uda beli suka ilang game nyaa seru,netral,positif
4,game nya kotak kotak tpi ngelag kocak,positif,negatif
3,bisa neg chat lagi,netral,negatif
1,game nya sih bagus tpi suka chat,negatif,positif
3,lumayan,netral,positif
5,capek main roblox rusuh download karna negara di neg temu dah capek byyy roblox dah capek main roblox byy  usn dapa adek,positif,negatif
2,brookhaven nya ganti avatar,negatif,positif
1,game nya bagus neg cuih,negatif,positif
3,mambar bisa neg udah main usia gara gara mukena pink bisa neg aplikasi,netral,negatif
3,the game good but don like the update little bit,netral,positif
4,masuk game tdk hilang data akun,positif,negatif
3,mohon bantu roblox kena neg baik bisa neg mohon bantu,netral,positif
3,jelek sial,netral,negatif
4,tolong baik pas verifikasi umur pake ktp kamera ngelag,positif,negatif
3,anu kalo mainin slalu ngebuggggg jelek banget dah,netral,negatif
3,woe hah udah bersihin trs maen brookhaven pas pen edit avatar loading nya bet woe kaga pake udh pencet sampe jari saket,netral,negatif
2,jaring bagus,negatif,positif
3,karna chat,netral,negatif
3,bisa neg chat bebas,netral,negatif
2,suka kluar sndiri lag prh pdhl gitu,negatif,positif
5,gampang neg bosan,positif,negatif
5,gams roblox bgus bug gitu wifi lancar kode gitu min baik min top mahal google cari belirbx situ murah riah jamin betah beli situ kalo mau neg maksa neg jdi top situ aja saranin mah kalo tuju like ya maksa neg segit,positif,negatif
3,roblox udah asik neg,netral,negatif
3,geme nya bagus sebentar anak bawah blok aku,netral,positif
2,gamenya sih bagus tolong fitur chatnya jgn batas umur biar anak anak biar interaksi org,negatif,positif
4,aplikasi roblox bisa neg buka server eror tolong baik,positif,negatif
4,game nya bguss cocok tpi knp hrus batas usia jelas knp batas usia ngelag karna bnyak org ngelag mohon maaf klo ganggu nya,positif,negatif
5,seru patah patah,positif,negatif
3,roblox macet udah nyalain wifi tetep aja macet aneh,netral,negatif
1,ihhhhhhhhh game najissssssss,negatif,positif
3,lumayan bagus bisa neg chat,netral,positif
5,bagus jelek dikit,positif,negatif
1,gkk dapet secret main fish,negatif,positif
1,expect neg,negatif,positif
3,tgl game roblox blokir,netral,positif
3,roblox game seruh roblox kin fitur chat nya biar neg game nya rame,netral,positif
3,mohon maaf roblox pas masuk eror aja sinyal wifi kuota bagus tolong baik,netral,negatif
1,kaga download roblox samsung tolong developer,negatif,positif
3,bagus,netral,positif
1,mas bintang karna gatau aja,negatif,positif
5,fomo,positif,negatif
3,tolong devlover nya nya dikecilin kuat neg,netral,positif
1,lumayan bisa neg dapet robux gratis,negatif,positif
4,kadang lag,positif,negatif
3,tebak bintang seru neg,netral,positif
3,dapat neg masuk umur,netral,negatif
5,game aneh main roblox,positif,negatif
1,kasih bintang heker nya,negatif,positif
3,ben udah aja,netral,negatif
2,bagus bgt suka kalo gabut langsung main roblox seru banget pokok ganti map mabar temen seru pokok sampe nyadar neg saking seru batre tinggal karna seru bgt temen download roblox mabar deh seruuuu bgtttt sayang udh bisa neg chat tolong kembaliin roblox kaya donnnggg seru cuman kaya gitu chat makasih yahh roblox brokheven pas ganti baju hilang,negatif,positif
2,wow keren tangal maret ngak main,negatif,positif
3,fun but bring back chat and plis don blokir kids,netral,positif
3,bagus ,netral,positif
1,kasih bintang karna dapet kode hilang dunia bumi buang nya pake,negatif,positif
3,apa sensor ngechat aja kena sensor,netral,negatif
3,game nya bagus bagus kalo memo penuh neg main game ini,netral,positif
3,seru,netral,positif
3,gamenya bagus main kembali chat roblox semua neg orang ktp chat mudah komunikasi orang ada neg voice not ribet foto aja siee tolong kembali chat roblox nya,netral,positif
3, ,netral,positif
3,jalan loncat nya lot,netral,negatif
3,suka banget samaa game bisa neg chat ken main bareng temen,netral,positif
3,bisa neg main roblox bawah,netral,negatif
4,lag masuk server,positif,negatif
3,suka update maless,netral,positif
3,always play the game sonaria,netral,negatif
1,realoadnya,negatif,positif
5,badan hilang,positif,negatif
2,sorry roblox please let play offline mode please return the chat,negatif,positif
1,game nya bagus,negatif,positif
3,game aneh chat batas predator pdf di neg peduliin tanggal nonaktifin hadeh umur main game game rating bintang,netral,negatif
4,loading mulu suka error kesel akutuh,positif,negatif
3,asik banget tpi chat,netral,positif
3,bikin memory habis dah ngelag,netral,negatif
4,ada neg chat bisa neg obrol teman,positif,negatif
1,bug grafik bagus kasi dukung tolong graf rangin cheater,negatif,positif
3,the game good but not can chat with friend,netral,positif
3,tolong baik bug bug game masuk map tulis failed connect the server error jaring lancar,netral,negatif
5,aplikasi nya ada neg aplikasi jelek,positif,negatif
2,bikin seru karna orang orang nya matiin chat nya udah deh pindah apk belah aja,negatif,positif
4,chat roblox,positif,negatif
5,game udah bagus kadang ngeleg sinyal main ngeleg kadang masuk,positif,negatif
2,apk bagus pake internet sih kasih bintang,negatif,positif
3,bagus blokir perintah,netral,positif
2,main nya sih bagus kadang malam engak bida login tolong benerkan lagiya trima kasih,negatif,positif
5,tolong kembali chat roblox bakal neg toxic,positif,negatif
3,game nya bagus roblox support neg ram tolong bagus roblox support ram,netral,positif
1,sayang roblox blokir tanggal maret,negatif,positif
1,game banget verivikasi usia,negatif,positif
2,tolong baik,negatif,positif
5,roblox atur dikit player rblx plis kembaliin rblx kyak duluu kangen,positif,negatif
3,game seru mabar teman fitur chat batas,netral,positif
3,dikit dikit disconnect dikit dikit disconnect,netral,negatif
1,kasih chat bang,negatif,positif
2,tulis coba koneksi nya bagus,negatif,positif
3,bagus bisa neg chat weehhhhh,netral,positif
3,quit roblox march because roblox will blocked that day,netral,negatif
1,moga umur bisa neg main roblok amin,negatif,positif
1,seru suka ngeleg,negatif,positif
5,bosan neg,positif,negatif
4,roblox fitur chat batas kesal sedih teman roblox alas kasih bintang,positif,negatif
4,update kasi simpan ruang nya dikit ngga download tolong sedikit update apk bisa neg download harap download mabar temen tolong update nya kasih dikit harap aja,positif,negatif
5,game nya seru komplen sih update mlu roblox kesel klo update mlu ubah tuh tetep aja kek nya ubah chat kgk tuh,positif,negatif
4,not fun anymore because want the chat feature back like before,positif,negatif
3,tolong optimal,netral,negatif
2,aga ngeleg,negatif,positif
1,dangerous for kids,negatif,positif
5,chat roblox,positif,negatif
1,geme udah bagus pas main night udah tolong baik,negatif,positif
5,great platform should always support its users mobility hope see roblox studio for android the future fully optimized for touchscreens with the increasing power mobile hardware today lightweight scripting and building should possible mobile devices this would massive leap forward for the future roblox,positif,negatif
2,bagus males akun ambil pasword ubah paskey bisa neg login pake passkey,negatif,positif
1,game nya bagus banget kokk suka updatenya ngawur bikin cepet ngeleg panas wifi jaring nya bagus aja ada neg ganggu suka kentang neg loh suka neg nya karna anak umur asli sekian dapat player old udah muak terimakasih moga gamenya baik yaa,negatif,positif
3,akun bawah hilang,netral,negatif
1,suka neg aja gitu,negatif,positif
3,bagus sihh roblox mabar banyak update ada neg mls nya gitu error lahhh gimana gitu kasi bintang,netral,positif
3,ayo dukung nya nih roblox peringkat,netral,positif
5,lambat download nya,positif,negatif
2,mendownload nya suka,negatif,positif
5,kasih bitang plis ban developer bikin geme negatif indonesia blokir roblox negatif,positif,negatif
5,hahaha citer,positif,negatif
3,ciba chat seru sih karna roblox nonaktif sesal qku mendonloud roblox,netral,positif
1,orang candu min gem sodara candu tanggung roblox,negatif,positif
3,seng bisa neg chat,netral,negatif
1,kalo main escape sunam mati kanapa,negatif,positif
4,dulunya enjoy banget main semenjak gaada chat kinda gasuka lohh ,positif,negatif
5,org org bacanin komen rating nyavpada terima neg pdhl chat tinggal verif wajah jir susah,positif,negatif
4,hilang batas usia batas neg usia sensor neg bikin batas usia kasar kirim neg game tidak neg ngomong,positif,negatif
2,suka main game bug batas usia bisa neg interaksi teman virtual senang neg,negatif,positif
1,assalamualaikum izin menggangu aplikasi roblox mohon maaf cepat nya perbaikin,negatif,positif
1,main,negatif,positif
3,game nya iklan ganggu hama iklan tambah pas udah selesai mencet tombol buang buang pas iklan game selesai ada neg tombol nya stuck situ,netral,negatif
3,game nya fitur chet tolong kembaliin kayak gue rindu temen gue pas main emergency hambrug pas mas pakai fitur chet tampa verifikasi,netral,negatif
4,game sampe main gara gara saudara main bocil gabisa chatting pensi,positif,negatif
3,roblox nya seru suka neg roblox temen saran download roblox ayo download roblox seru tau mabar bareng main tower pokok seru deh ayo download roblox yaudah download roblox awal bingung mai minggu suka roblox untuk roblox,netral,positif
3,gamenya bagus semuah bagus verivikasi pake email perivasi muka email aja org hack,netral,positif
1,roblox,negatif,positif
5,roblox nya gabisa buka wifi lancar,positif,negatif
5,game anomali gajelas,positif,negatif
3,chat moderasi jir gua ngechat pribadi aja sampe bisa neg,netral,negatif
2,bagus udah ban mulu lag internet bagus bisa neg chat pake muka cape bisa neg ngobrol temen,negatif,positif
3,apik,netral,positif
3,dia pas main map kepala avaku badan ilang,netral,negatif
3,apas orang sinyal bagus disconnection trs gjls,netral,negatif
1,gem,negatif,positif
5,tuju roblox baru anak umur nya akan neg main curang langgar atur hacker tipu harap aman roblox luas update nya,positif,negatif
3,seru sih batas umur udah seru neg game bisa neg kenal verif chat egois banget sih,netral,positif
1,bagus perfoma main buruk,negatif,positif
2,geme seru neg akan neg main tolong orang main neg geme ada neg manfaat,negatif,positif
3,game nya bagus tpi updatenya burik bet,netral,positif
4,balikin chatnya,positif,negatif
3,gamenya bagus seru pas main patah sering neg tulis game paused coba kalo pas main enak neg ganggu harap roblok baik lagi,netral,positif
3,lag mulu gamenya sinyal bagus,netral,negatif
1,akudibelokeri,negatif,positif
3,kasih bintang karna ngabisa donlong roblox penuh,netral,negatif
4,sorry only gave score because friend was blocked the government,positif,negatif
5,mpruy fix the lag,positif,negatif
3,mabar kasih bntg galak ngelak,netral,negatif
4,ngeleg nya,positif,negatif
4,roblox shirts bayar robux pas bikin shirts classic bayar premium tular neg tolong join game sesuai region mau neg susah susah server hop ngelag ngelag udah gitu aja,positif,negatif
4,jelek bagus,positif,negatif
3,aplikasi bnyk bug suka kali lag tolong adminnya betulin,netral,positif
5,why the report button now useless,positif,negatif
1,udah bagus bagus fitur chat diilangin,negatif,positif
1,keren banget update verify umur biar chatan bug bikin shirt gratis neg keren,negatif,positif
3,suka game nya suruh update bulan sih nya aplikasi hapus main roblox lagi,netral,positif
5,fitur chat kembali,positif,negatif
3,roblox cepat bikin habis kuota,netral,negatif
3,game seru,netral,positif
1, ,negatif,positif
3,seru harap tower situ,netral,positif
3,kasih bintang verifikasi umur,netral,positif
5,gaje,positif,negatif
5,bisa neg main tagal,positif,negatif
3,ken cuman roblox dulu,netral,positif
4,tolong baik server nya dikit dikit eror mulu,positif,negatif
2,game nya variasi bagus tolong robux murah aman beli tolong update robux murah,negatif,positif
1,gampang banget main seru kejar kejar seruu ih,negatif,positif
5,atas bug robux top robux masuk neg masuk udah log out revise ada neg top nya game nya langsung ganti rugi duit kasih robux top robux ada neg tolong plllssss,positif,negatif
3,udah bagus map server temen chat nya ada neg udah loh main roblox baik chatnya mengechat orang,netral,positif
3,enak sih enak robux nya mahal jirr,netral,positif
1,sih bgt chatnya hapus biar bocil ngechat ama predator  blokir pokok unsital roblox,negatif,positif
1,game seru bagus cocok main anak anak gimana update bisa neg,negatif,positif
1,geme nya seru bisa neg main ama adik gua roblox plis kembaliin roblox,negatif,positif
1,chat nya tolong benerin cok,negatif,positif
1,game nya bagus main terus ngetik open mic bug tolong benerin roblox,negatif,positif
1,roblox game seru,negatif,positif
3,fitur chat nya nunjukin usia plus wajah seru teman pakai bahasa isyarat janji main seko nya bikin pusing tentu jam main roblox,netral,negatif
5,game enak murah panah gara gara enak,positif,negatif
3,ad neg bdn sih bdn ilang lohh kek ini,netral,negatif
3,seru seru neg nya roblox maret hapus verivikasi wajah bisa neg chat gua males verivikasi nya bisa neg chat andai david bazuki kasi neg larang gua suka neg rundung ngomong kasar mending roblox hapus zepeto zepeto jelek bagus ava alim kalo gua sih pingen nya ava zepeto pake peci sarung gua suka oiya maaf baca kalo nulis nya salah ngetik sekian terima kasih,netral,negatif
1,buriq buriq,negatif,positif
3,drama kalo indonesia perintah platfrom rolnux tutup berat usia neg lumayan berat temen gua woy game bagus meh game brainrot kaya tsunami brainrot gimana player online nya sampe game capycat kek fish frame sinyal sih gantung device yah dah batas jir,netral,negatif
3,diroblox offline wifi si neg,netral,negatif
3,bagus cuman fitur chatnya kembali kasihan temennya virtual bisa neg chat chatan seru update seru neg kembali vitur chat roblox,netral,positif
5,jelek kasih bintang game mabar,positif,negatif
5,alas banyak neg updateeeeeeeeee,positif,negatif
5,bintang acount roblok login bikin akun login sore mohon baik,positif,negatif
1,gamenya seru mainin cocok orang gabut,negatif,positif
4,lag pas masuk map,positif,negatif
3,seru semenjak update chat sunyi chatnya gembok indo tanggal larang guna umur,netral,negatif
3,chat,netral,negatif
5,login pakai verifikasi bot neg,positif,negatif
2,game nya bagus banget seru kasih bintang karna udh update trus minggu besok nya update jdi cape,negatif,positif
3,tolong chat senang,netral,positif
4,suka game nya dah jelas neg updatenya,positif,negatif
2,bagus balikin chat nya woi roblox neg goblox david mabok neg lah admin pernah neg nyebar informasi pribadi woe,negatif,positif
5,balikin fitur chat,positif,negatif
4,chat hapus,positif,negatif
3,lumayan,netral,positif
3,roblox seru banget karna roblox bentar blokir sedih,netral,positif
2,game nya seru neg,negatif,positif
3,sebenernya bagus kadang roblox nya nge lag nge lag gabisa jaring bagus bagus udah gitu kadang nunggu nge lag nge bug,netral,positif
5,tbes plis the chat,positif,negatif
3,tolong balik chat obrol orang reting,netral,negatif
3,can chat with loved one anymore chat roblox,netral,negatif
5,tolong kembali fitur ngomong liat aja main roblox pindah polytoria,positif,negatif
1,bagussss bgtt sukaaa,negatif,positif
1,game nya suka lag jaring,negatif,positif
2,bagus aja,negatif,positif
4,atur roblox bug tetep suka roblox,positif,negatif
3,bagus sih kalo chat sesuai usia mitra bayar sih kalo ava nya bagus pakai robux emang sih robux bagus gitu tolong gratis yaaa boleh neg top ngerasain gimana gitu,netral,positif
5,geme nya jelek,positif,negatif
4,seru anj developer,positif,negatif
1,jelekkkkk,negatif,positif
3,bagus orang bohong pas lapor jadi neg tolong hukum pas server masuk mohon masuk neg tolong game roblox mudah tolong hapus neg item bayar dukung neg lgbt nya orang orang indonesia contoh agama islam islam lgbt haram,netral,positif
1,tenang aja roblox hapus,negatif,positif
5,game seru sih chatnya private chat bawah org kesel gara gara update update bikin kesel sumpah bisa neg chat ama temen ,positif,negatif
1,evil roblox,negatif,positif
5,balikin fitur chat,positif,negatif
1,geme blokir aja besok,negatif,positif
3,roblox sangan keren tanggal maret blokir,netral,positif
3,seru tarik,netral,positif
3,login banget,netral,negatif
5,game asu,positif,negatif
2,gamenya bagus pas main grow garden bisa neg pas masuk langsung erorr baik game nya develover main grow garden,negatif,positif
4,bisa bugnya bikin jengkel,positif,negatif
5,bisa neg masuk game hati sombong neg kasi bintang limaaa,positif,negatif
5,jelek,positif,negatif
3,rada lag oke,netral,positif
1,roblox bagus efek loading nya banget fps full wifi full buka chat roblox bisa neg lengkap email,negatif,positif
2,bagus sih bisa neg gobrol temen,negatif,positif
1,sayang blokir,negatif,positif
1,gem nya bagus karna hacker brairot ambil,negatif,positif
3,bagus banget roblox mai menit doang ngeleg mohon baik,netral,positif
3,balikin chat,netral,negatif
5,manusia mah berisik mending,positif,negatif
5,kembali fitur chat,positif,negatif
5,game nya dewasa neg anak main umur,positif,negatif
5,game kontol,positif,negatif
3,balikin fitur chat,netral,negatif
3,brookhaven ngelag parah,netral,negatif
5,game kontol,positif,negatif
3,keren kurang bisa neg,netral,positif
3,enak neg main bikin rising orang aja,netral,positif
3,gemnya bagus bicara vertivikasi usia bintang,netral,positif
2,geme nya udah bagus gemenya suka lag ngobrol nya bisa neg batas usia foto foto muka bgt sih,negatif,positif
3,pliss cepat buat roblox litenya pliss,netral,positif
1,geme nya seru neg,negatif,positif
3,lambat ada neg gambar brookhaven suruh klik pelan pelan bilang cepat,netral,negatif
5,masuk selver,positif,negatif
4,kembali vitur chet,positif,negatif
3,suka ngelag alas bikin emosi,netral,negatif
5,plis hilang verifikasi wajah chat teman,positif,negatif
5,tolong chat roblox kembali pliss,positif,negatif
1,kali bayar andai roblox gratis yad payah neg bayar bayar,negatif,positif
5,david kikir boleh neg download roblox studio beriin bintang  experience alam virtual nama studio lite studio ringan ringan batas izin neg plugin batas publish animasi,positif,negatif
5,tipu jual akun suda kali korban hack akun,positif,negatif
3,hapus verifikasi umur bagus gamenya,netral,positif
3,assalamu alaikum kaka megang akun ilang gimana,netral,positif
3,aplikasi nya bagus banget cuman negara indonesia batas usia mana anak bawah bisa neg main game harap jadi neg,netral,positif
1,bagus sih tolong kembali chat update ada neg tulis update gimana,negatif,positif
5,karna bisa neg chatan,positif,negatif
5,baik bug nya roblox,positif,negatif
3,bisa neg chatan roblox seru neg hilang chat nya tolong kembali chat roblox tolong kembali chat roblox,netral,negatif
2,geme nya seru tanggal maret batas umur,negatif,positif
5,bisa neg main kalo main baca nya server di neg respon,positif,negatif
3,roblox free fire raja miliar miliar kasih,netral,positif
1,sekolah boleh neg maik roblox,negatif,positif
3,talon nya kikir anj,netral,negatif
5,parah,positif,negatif
1,udh bisa neg main roblox perintah,negatif,positif
3,bang bang tambahin chet roblox offlain,netral,positif
4,roblox kaya seru neg banget what orang mau neg main tau main maybe bosan chat verifikasi muka nya neg privasi orang,positif,negatif
1,good game,negatif,positif
3,lumayan game nya,netral,positif
3,pedofil game anak anak aman alhasil dibatasin perintah,netral,negatif
1,bug suka game seru seru main,negatif,positif
4,tolong main bntr aja dah disconnect main disconnect disconnect wifi lancar lancar aja tolong baik blox,positif,negatif
3,tolong roblox tolong benerin papan komentar nya main roblox kena buk kiybort eror,netral,negatif
5,kurennn banget gabisa chat kaya dulu,positif,negatif
3,kenapabbrokhaven kek gitu,netral,negatif
4,ngelag,positif,negatif
3,boros paket data gem nya seru ngga teman mabar,netral,positif
1,sayang map mortal immortal hilang,negatif,positif
3,chat roblox orang main roblox main mohon chat roblox,netral,positif
5,jelas neg min gua ngemusik udah ngikutin atur ngomong neg kasar ban mulu dah males mending ken kayak gitu ngomong kasar langsung ban inimah ngomong neg kasar gua ngemusik doang ban tolong pinter kayak gin tuh atas udah gitu aja makasih,positif,negatif
1,like,negatif,positif
1,updatenya bagus,negatif,positif
4,please don limit the chat and don stingy there another bug remove then you want change your age don show your card please and one more thing make sure you follow the correct rules okay can all opinions make you move,positif,negatif
2,bagus banget game nyaa seru map map nyaa,negatif,positif
5,akun gua ilang emang ajar,positif,negatif
3,roblox please add rejoin last server feature please roblox please please please please please please please please please please please,netral,positif
3,hibur,netral,positif
3,seru,netral,positif
3,kagak bsa update,netral,negatif
3,seru bikin kesel muluh ken hapus rugi udah top hapus roblox mama marah duit sia sia,netral,negatif
2,tambah indonesia pilih akun,negatif,positif
2,terlalu neg suka game karna bisa neg chat roblox game nya tetep bagus kok,negatif,positif
3,suka banget roblox batas umur gabisa chat temen gabisa chat bocil video gabisa chat bocil temenku pls roblox kalo lebih neg pensi harap roblox maju update usia nya hilang gamau kyk org bisu gitu ngomong jawab neg gaada tau asli nya suka update nya cmn update nya jelek tau kalo susah harap tingkat,netral,negatif
1,bagus neg update nya buruk,negatif,positif
5,balik chat,positif,negatif
1,game,negatif,positif
4,nya chat,positif,negatif
2,game nya bagus bug jump bisa neg pencet erorr main game polisi penjara tahap udah main tolong baik suka game nya updated bug nya jump nya erorr kesal tolong plis baik hapus game karna game gitu oke bye tolong baik nilai rating cuman,negatif,positif
3,batas usia wajah hapus roblox enak neg roblox online situ orang komunikasi bayak orang main roblox komunikasi teman,netral,negatif
5,roblox deleted chat and need face verifacation,positif,negatif
5,tolong baik roblox gua masuk akun gua pesan harap coba,positif,negatif
5,gua main keluar,positif,negatif
3,patah,netral,negatif
3,gamenya bagus game dalam game fitur chat nya baik,netral,positif
3,di neg kasih tutorial chet,netral,negatif
5,jelek boong gamenya bagus,positif,negatif
3,mic suspend mulu nyanyi doang anehh pms yaa,netral,negatif
5,tolong baik susah login saya neg alami nya,positif,negatif
5,nikmat game nya filter cht auto koreksi gitu aneh bilang monyet keliling keliling keliling fak gweh teh,positif,negatif
2,greedy,negatif,positif
1,atur game nya bagus neg bagus banget,negatif,positif
1,main map roblox seru roblox,negatif,positif
1,bagus banget tualang teman mabar pokok seru download,negatif,positif
5,kembaliin chat,positif,negatif
5,plis kembalika fitur chat nya goose chat tolong usah neg email beritahu orang tua,positif,negatif
5,gabisa dibukak,positif,negatif
1,bagus neg akun trus banned,negatif,positif
5,roblox chat tolong ,positif,negatif
2,iya sih bagus dimainin tarik,negatif,positif
3,lumayan bagiin robux gratis,netral,positif
4,balikin chat,positif,negatif
3,sih jelek ryuhan,netral,negatif
1,kangen roblox,negatif,positif
4,ringan game berat,positif,negatif
3,main roblox seru banget kasih bintang udah system bikin koneksi player rusak,netral,positif
3,tuju game seru ngeselin,netral,positif
2,robloxx adalaah game seruu wajibb download tapiiiiii ngeselin knp update sih gajelas bangettt,negatif,positif
3,chat audio nya fungsi neg,netral,negatif
4,game nya sih bagus bikin kecewa roblox kalo shirt gratis loh kalo classic shirt roblox update nya apa bayar suka shirt classic shirt classic pakai robux tolong hilang jadi gratis shirt tolong hilang robux nya kasih bintang tolong,positif,negatif
5,game tarik bisa neg ngechat harap rinting baik,positif,negatif
3,benar nya bagus udah bisa neg chat,netral,positif
2,bagus sih tolong chat nya pulik,negatif,positif
1,loh sih ,negatif,positif
1,game,negatif,positif
5,please bring back the chat feature roblox can lively again  want roblox like before again,positif,negatif
1,game bagus bug atur klasifikasi nya seru neg bisa neg main temen,negatif,positif
3,game nya bagus map seru bloody madness combat enak banget exploiter tolong banned roblox,netral,positif
2,bagus bisa neg chat erik pental game ngelag bug citer tolong developer baik bug nya asi neg ganti ava,negatif,positif
1,suka fitur chatnya knp scan wjh,negatif,positif
1,gamenya seru udah gara gara perintah bilang bawah yah kasi banget adek keponakan,negatif,positif
3,game bagus tablet gua bisa neg main game berat kuota mbps tolong baik,netral,negatif
1,oke,negatif,positif
3,gamenya bagus face scan chat game,netral,positif
3,fitur chat kaya duluu,netral,negatif
3,bagus kayak,netral,positif
5,baru roblox susah login masuk kuota sinyal bar penuh roblox berat guna handphone kecewa,positif,negatif
5,plss hapusss atur jelekkk ituu coiii,positif,negatif
3,menyenagkan roblox nya bilang ada neg internet internet,netral,positif
5,tolong rugi beli barang pake robux tolong vitur jual item beli,positif,negatif
3,yessir bring back voice chat,netral,negatif
5,bisa neg main denang tenag,positif,negatif
1,game nya seru suka ngelag,negatif,positif
3,seruuuu bangettttt gamesss nyahh mabar temen bkin tower bikin avatar bikin konten tapi maaff yaaa kasih bintang update teruss aplikasi hpus gra nge update apk ini jadiii tolongg game roblox baik lagiiii tolong games nya update nya minimal tahun kali ajaa yaaa bulan neg kali update yaaa cmn ksi sran si tolong kalo update tuh nya minimal,netral,positif
3,seru neg karna bisa neg chat tanggal maret batas umur,netral,negatif
5,game nya ngelag sih,positif,negatif
3,suka tolong,netral,positif
3,dalam platform roblox game platform roblox judul brookhaven nya update dapat neg update game bagus,netral,positif
3,susah bug map game nya langsung,netral,negatif
1,suka fitur komentar mati,negatif,positif
3,bagus tpi suka ngelag,netral,positif
3,gemenya seru salah robux abis beli robuxnya masuk neg masuk,netral,positif
5,pas update butuh sih logis neg kasih bintang biar baca deploper,positif,negatif
3,seru pernainannya,netral,positif
4,yahaha tanggal maret bocil bisa neg bikin akun wkwk,positif,negatif
5,developer roblox tolong gamenya terlalu neg berat orang install roblox abis akun abis main contoh night the forest pas main ngelag karna pake kentang burik,positif,negatif
2,sih oke aja cari tombol level susah nekennya trus ngelag,negatif,positif
5,kembali fitur chat batas usia,positif,negatif
4,org freak hina ava beacon,positif,negatif
3,alah knp ngga chet chet hapus bawa umur,netral,negatif
1,ngeselin bgtttt,negatif,positif
1,bagus banget,negatif,positif
5,yeah game ngotak neg kalo apdet roblox ngotak,positif,negatif
1,karna apdet nya,negatif,positif
3,gamenya bagus seru dimainin mabar bareng temen chatnya hapus maret gabisa main roblox,netral,positif
4,hago game nya bikin cpt panas,positif,negatif
2,bagus sih ngeleg,negatif,positif
5,ngapain verivikasi muka gua mahh,positif,negatif
3,why can play the game when can enter everything black please fix this unclear bug bored even though the network smooth please remove the chat feature and bit annoying when playing also have one question why has updated continuously but really impressed roblox good but annoyed,netral,negatif
3,suruh apgrate seru sih,netral,positif
1,usah neg andai udah,negatif,positif
3,tolong baik nya kena error error minimal update yaaa biar kasih bintang ,netral,positif
5,tanggal maret orang umur bawah bisa neg main roblox percaya neg coba google,positif,negatif
1,seru neg update nya,negatif,positif
1,aja,negatif,positif
1,game bagus,negatif,positif
3,bintang suka bag patah gera nya,netral,positif
3,napa bisa neg login mbud bosen download hapus mulu roblox login,netral,negatif
1,roblox bagus batas chat,negatif,positif
4,bug ngechat gabisa bug nya baik roblox seru banget gamenya,positif,negatif
1,nyesal main,negatif,positif
3,ngelag mulu,netral,negatif
1,gamenya serusih bisa neg chat bareng teman,negatif,positif
1,kembali roblox plis seru neg,negatif,positif
3,karna tower nya bayar robyx gratis pake email nomor lahhh,netral,positif
1,the game good but please return the chat feature many people are lazy play roblox please david,negatif,positif
5,game mabar enak game detik muncul game,positif,negatif
3,bagus seru kalok eror ngeselin,netral,positif
3,gamenya jelek login,netral,negatif
5,kecewa karna roblox bisa neg instal,positif,negatif
3,suka bgt game nya tolong sering neg update thn kali susah update nya hps game nya trs download item akun ilang hrs akun tolong sering neg update tolong rangin nya makasih,netral,positif
5,says tipu orang asing,positif,negatif
1,return roblox era,negatif,positif
5,game iningame kotak kotak,positif,negatif
5,bnyak hayper sus,positif,negatif
5,jadi eror mulu gemenya rame jadi eror mulo,positif,negatif
3,mayan tolong update biar chat okey,netral,positif
5,kalo roblox kalo pilih kasih mau neg langsung marah marah,positif,negatif
5,chat,positif,negatif
1,sengaja asih bintang karna roblox tanggal maret blokir org ungkap akun anak sekian cerita saya,negatif,positif
1,game sih bagus bisa neg main bisa neg main game,negatif,positif
5,bisa neg chat kembali chatnya,positif,negatif
5,susah sinyal,positif,negatif
3,seru gamenya ngelek pebaikkilah roblox nya,netral,positif
3,pls hilang age verification,netral,negatif
3,kena bug,netral,positif
1,game,negatif,positif
4,asli game wajib diinstal gamenya variatif bugnya bikin sebel contoh pas masuk gamenya kalo bugnya dah dibenerin kasih bintang parah udah bisa neg chat pokok benerin game,positif,negatif
1,updat ken ban,negatif,positif
5,karna sisa roblox blokir perintah indonesia anak umur,positif,negatif
1,game nya bagus,negatif,positif
2,seru bisa neg verivikasi wajah keluar tiba main,negatif,positif
3,bgs ush verif npa mna pke email,netral,positif
5,can chat yeah,positif,negatif
3,ngelek dikit sih,netral,positif
4,gininih map brookhven kann update bisa neg sih dqh hapus download loh knp seru sih developer jan males males inget katany game rame aja bisa neg urusin player nya huuh,positif,negatif
3,game bagus tolong sering neg update ya game seru,netral,positif
5,roblox chat nya roblox,positif,negatif
3,tolong game beri neg anak anak umur tagih main orang tua kaget anak hari libur main roblox kasih pinjam ngamuk marah marah tolong min,netral,negatif
2,hai hai buat game roblox sumpah game seru banget sih neg aja sampe tagih lho main nya game main tower game seru pokok seru lah hihi,negatif,positif
1,game nya bagus update chat dibatasin orang hpnya udah suruh update nunggu main kesel banget,negatif,positif
3,bagus ngeleg hape kentang,netral,positif
5,gabisa chat roblox salah apa plis roblox chat,positif,negatif
1,aplikasi bagus game fitur chat hilang game dpt main batas,negatif,positif
3,ngebosenin main ngelag fitur chat nya hapus pokok banget roblox ganti main,netral,negatif
3,download roblox ngelag suka bgtu ttp ska,netral,positif
1,bayak diskonek lancar apdet nya elek geme nya bagus,negatif,positif
3,gsuka roblox plss bug chat nya,netral,positif
2,suka mainin kasih bintang pas leave disconnect bisa neg masuk crash kalo main uninstall instal,negatif,positif
3,grafik nya bagus chat nya,netral,positif
3,bagus komentar chat,netral,positif
5,roblox chat bisa neg ngobrol beda umur,positif,negatif
5,tolong chatnya kembali,positif,negatif
3,player roblok sumpah game ujung nya game buang habis paket aja,netral,negatif
3,hii smua mabar ama yukk nama akun akuu azara plenger ituu yapp,netral,positif
5,asking for compensation because was scammed with useless game items and roblox made difficult roblox doesn care about players only wants money players are not cared about hadirege roblox evil problem not resolved roblox only asks useless questions roblox does not solve problem roblox allows game owners commit fraud against players roblox supports cheating games under the guise rng roblox really waiting for your action and not waiting for excuse,positif,negatif
1,roblox bagus neg,negatif,positif
4,mic mute ngelanggar atur aja mute mic isok,positif,negatif
1,kurang game tema brainrot,negatif,positif
4,ngeselin koneksi putus pdhl wifie lancar lancar aja game terslebeww yng mainin,positif,negatif
3,bisa neg chtan adekku,netral,negatif
3,bug versi mobile,netral,negatif
5,there are lots games and they don make you bored,positif,negatif
4,pls pakem face revel biar chat pls roblox pensiun,positif,negatif
3,good,netral,positif
1,chat nya mohon baik,negatif,positif
1,seru nya main roblox,negatif,positif
1,suka sih memori nya turun nin main roblox gara gara memori penuh  sih roblok nya blum update roblox update melulu sih hapus ya,negatif,positif
5,kembali chat roblox,positif,negatif
3,pdahal wifi bagus ngeleg bgt aplg msih geleng sma fitur chat balikinnnn gakxxxxx,netral,negatif
2,gem bagus sih bagus bisa neg chat tan orang,negatif,positif
3,sih gabisa chat,netral,negatif
5,akun ilang abis daftar eror,positif,negatif
1,gagak mean anjirrr,negatif,positif
3,ininih nya belok gimana masukin umur blum pake face tiktok gppa mic,netral,positif
5,bisa neg mendownload game,positif,negatif
3,klo main evade bintang kalo vitur chat kasih bintang udh batas,netral,positif
3,map gameplay paused nya udah maksimal aja gameplay paused main game lihat gameplay paused hah,netral,negatif
3,seru sayang bisa neg chating teman,netral,positif
5,tolong fitur chat nya kembali bsa ngobrol temen pake papan logo roblox nya ganti plsss kembali chat logo nya baru ,positif,negatif
1,gamenya bagus,negatif,positif
3,main roblox sih seru cuman jgn trs update simpan penuh,netral,positif
1, dowload udah kali dowload kaga akj bin kalo bintang dowload roblox salah,negatif,positif
5,gimana dah tanggal maret roblox batas aplikasi tiktok instagram facebook youtube jadi neg negara indonesia batas neg youtube roblox free fire mobile legends batas game layak neg anak anak roblox aja game cocok anak anak moga aja tanggal maret di neg hapus berita hoax,positif,negatif
3,tolong blokir neg bawah usia plsss,netral,negatif
5,ngetik roblox bisa neg,positif,negatif
3,gamenya bagus plissss gua ken shirt bayar neg gua pengennn banget plisss gratis david,netral,positif
3,update,netral,negatif
1,maret roblox blokir,negatif,positif
1,karna kamera tebaliki,negatif,positif
5,game main ank ank,positif,negatif
3,bguss sihh,netral,positif
3,assalamualaikum warahmatullahi wabarakatuh hnya nilai tolong harga oke semua game platfrom roblox bagus game plagiat buka main game milik unsur hina tuhan afatar milik unsur dibiyarin san disalahin fitur bebas gamenya chat david bazuci tolong update roblox terimah kasih wassalamu alaikum warahmatullahi wabarakatuh,netral,positif
5,game nya sih bgs sesuai cuman ketat aneh bgt sih atur nya kek chat verivikasi usia wajah,positif,negatif
3,game nya bagus beli paket data idk biso buka bikin kesal moga dibaikin,netral,positif
3,kasih bintang roblox udah jelek gara gara fitur age check chat doang,netral,negatif
4,normalisasi ada neg pacar,positif,negatif
2,suka,negatif,positif
5,pls hilang atur chat sesuai umur,positif,negatif
1,bgus cmn main brokhaven antri,negatif,positif
3,roblox nya error instal roblox gamenya ilang pls udah kali kali instal ulang nya pls bug error sih gameplay suka error neg pls,netral,negatif
3,player nya paywin bagus kok,netral,positif
3,team roblox map map hilang,netral,negatif
3,sih game ngechat ayo ceo nonton youtube udh demo ngechat,netral,negatif
5,masuk map nya,positif,negatif
5,tuju neg game roblox blokir kenang dalam game roblox,positif,negatif
1,chat seru,negatif,positif
4,kayak neg chat nya batasin umur,positif,negatif
4,tanggal maret anak usia bawah udh bisa neg main roblox,positif,negatif
3,game nya bagus chat nya kembaliin              ,netral,positif
5,jelek,positif,negatif
2,bnyk bug tpi lmyan bgus map,negatif,positif
3,game nya bagus grafik nya bagus tolong baik main main terkadang ngecrash update tolong baik david basucki,netral,positif
4,buka chatcdi roblox kasi bintang,positif,negatif
1,bagus banget ,negatif,positif
2,game nya sih bagus bug umur gimana neg hmm banget jujur,negatif,positif
4,kembali chat,positif,negatif
5,lahir sih benerin jujur bayang neg gitu,positif,negatif
3,kalo install usaha cepetin nunggu,netral,negatif
3,update roblox nyebelin,netral,negatif
5,chat brokeven,positif,negatif
1,roblox coba kasih roblox mbak,negatif,positif
3,game bagus suka tanggal udh bisa neg main,netral,positif
2,udah bagus pas main banget ngelag mulu memory aman aman aja tolong baik nge lag nya,negatif,positif
2,gem nya bagus gem gem tarik reting bintang karna sistem busuk guna neg layer curang gem nya gampang gampang adil neg mohon sistem tingkat perhati layer suka kasar suka mebully orang,negatif,positif
3,game dibatasin aja ziehh,netral,negatif
1,aja sih nih game,negatif,positif
3,karna roblox keren,netral,positif
2,bagus sih gamenya bisa neg chat aman umur bawah masuk bingung gitu tambah neg moderator biar ada neg predator telat sih ngomongnya,negatif,positif
1,kada pintar k,negatif,positif
3,roblox nya hapus tanggal maret kasih bintang baik bug nya,netral,positif
4,why age verification not need that just need our nostalgic game back and one more face hate david pls make your game better erik cassel,positif,negatif
3,roblox bagus sayang terkadang eror,netral,positif
3,baguusss,netral,positif
3,bagus bgt skrg batas usia gni sih bawah umur aman main kmi rugi psti dichat bgni ,netral,positif
1,gamenya bagus neg jaring stabil,negatif,positif
1,kasih bintang game mat dat tolong dhlangkan,negatif,positif
4,umur tanggal lahir nya umur nya naik neg tunggu naik neg,positif,negatif
3,bisa neg chatan knp bisa neg,netral,negatif
5,loh out pakai akun bisa neg salah coba,positif,negatif
1,apk bagus banget ajg,negatif,positif
3,kurang nya tuh chat david nya budeg eventnya seru kadang bosen nyari game nya kebanyakn brainrot main game seru seru kayak toilet tower defense lumberjack simulator game kalo chat udah bolehin penuhin bintang kurang karna brainrot btw,netral,positif
1,geme bagus cet lama neg tangal maret roblox hapus perintah,negatif,positif
3,tolong jngan agama jdi main kecuali yng,netral,positif
1,game bosokbkoyo telek,negatif,positif
3,seru,netral,positif
4,can print anymore,positif,negatif
1,seru,negatif,positif
1,geme roblox suka nya gelek pake kentang kali main forseken emang roblox tolong jagan gelek terus kalo geme roblox nya gelek pake kentang teteb bintang loh,negatif,positif
3,pls aman log nya jgn pake verifikasi pake mail mail hilang nya susah log udh top robux banyak akun ilang aman kayak map dimainin kali klo bot neg akun hilang gara gara gabisa log inget nya mailnya loh plssss bgt dev nya aman jgn kayak gitu tau aman aman bgt gmn lupa mailnya sekian,netral,negatif
1,aja,negatif,positif
3,seruuu,netral,positif
3,game nasi bagus tolong lihat sandi akun lupa lupa password akun roblox update kisah harus verifikasi wajah nge chat verifikasi wajah butuh password roblox bisa neg bintang,netral,negatif
5,bagus neg,positif,negatif
5,ngelag,positif,negatif
4,engak chat,positif,negatif
5,kembali chat,positif,negatif
2,game bagus di neg benden kalo ben reting,negatif,positif
3,roblox indonesia blokir,netral,positif
3,roblox lumayan bug bisa neg chat bisa neg chat bagus verivikasi bisa neg chat tolong baik yaa mohon maaf kesalaha,netral,positif
4,tolong update sampe neg ngelek crash males klo gtu,positif,negatif
4,pas download bug,positif,negatif
5,maaf ganggu main dead balt game nya bola henti mati game nya kesal poin tambah neg  mohon maaf sopan,positif,negatif
5,chat kunci,positif,negatif
1,main nya seru ada neg badan gratis nya,negatif,positif
2,aja,negatif,positif
2,game nya seru varian ceo roblox nya bikin kecewa,negatif,positif
1,game nya roblox,negatif,positif
5,asu,positif,negatif
3,roblox bagus cuman jelek nya chat chat umur cuman muka nya beda,netral,positif
2,suka dikit aja nya kouta update,negatif,positif
3,game nya bagus keliling map mohon baik moga optimal alami ngeframe fps down main map sinyal mohon baik makasih,netral,positif
1,game nya bagus blokirr,negatif,positif
3,cht,netral,positif
4,main nya egois maling mulu duluan dapet tinggal maling,positif,negatif
3,game nya keren,netral,positif
3,sih roblox seru bangettt pas update seru neg gabisa chat gabisa mabar orang beda usia wajah klasik hapus banget roblox seru neg plis developer nya balikin chat roblox bisa neg main teman moga aja fitur chat nya,netral,negatif
1,tolong benar game roblox ngecrast masuk game nya di neg baik teman teman untung kasih roblox bintang,negatif,positif
3,kalo udah main roblox tolong akun kembali nya teman chat nya tolong kembali,netral,positif
2,pls balein chat,negatif,positif
4,verifikasi wajah masalah langsung suruh pake ktp,positif,negatif
3,game nya bagus ketemu teman pakai wifi bingung hehehe,netral,positif
2,kasih karna roblox bisa neg chat asik bake imail karna akun lupa chat karna udah verifikasi umur chat seru ngomong orang orang sekian terima,negatif,positif
5,give star but pls give back the chat and other feature,positif,negatif
5,adminn hapus sistem verifikasi pake ai,positif,negatif
3,mayan byk ank ank nya mikirin pcr prc ran roblox,netral,positif
3,bagus kalo beli gitu hrs pakek robux knp gratis kalo bagus harga mahal,netral,positif
3,game nya presivik bingtang aja,netral,positif
1,ken banget robux cuman boleh neg top ap,negatif,positif
3,seru neg pgn blok,netral,negatif
5,lelet bet dah,positif,negatif
4,di neg apdet malas main,positif,negatif
5,pls roblox kembali chat,positif,negatif
1,thank you david baszucki for the normal age check,negatif,positif
4,developer roblox deteksi ancam virus menguinstal instal playstore ada neg barubah deteksi ancam virus,positif,negatif
4,roblox please add chat are having trouble can make friends how can play together don care about age restrictions care about friends and also want play download map pls edit balikin lu neg akun hilang,positif,negatif
5,roblox buka chat seru neg,positif,negatif
3,bagus tanggal kasih main fis akun ilang,netral,positif
5,genya gelek,positif,negatif
3,chat nya batasin anj,netral,negatif
1,seru banget game,negatif,positif
3,bagus geme nya nanya nya roblox bisa neg chat,netral,positif
3,kali main memo ngga penuh muncul notifikasi roblox detect bla bla bla pls reinstall roblox roblox tolong baik,netral,negatif
5,chat hapus,positif,negatif
5,woy balikin chat,positif,negatif
5,bisa neg chat,positif,negatif
3,game milik developer kikir,netral,negatif
1,game nya gampang gameplay paused tolong baik,negatif,positif
5,udah remobow frind,positif,negatif
3,bisa neg chat,netral,negatif
3,apa roblox dikit dkit update jelek bagus sih game nya,netral,negatif
5,positif neg banget indo roblox,positif,negatif
3,knp download mlh roblox nya robux mls beli duit ken ava bagus,netral,positif
3,roblox terlalu neg seru main umur,netral,positif
5,imut imut neg udah nulis panjang,positif,negatif
1,game nya bagus nyedot paket aja org pake data rekomendasi neg pake wifi,negatif,positif
5,maret bisa neg main roblox lagi,positif,negatif
5,roblox ban roblox salah neg apa,positif,negatif
3,bagus banget sih mabar sodaraku teman pas main kaya ngelag gitu,netral,positif
5,loading nya banget,positif,negatif
5,high end results without pretentious service,positif,negatif
1,bagus,negatif,positif
4,curang orang udah apgreid ava bagus aku neg pakai ava bagus capek kalo pakek ava tau nya orang orang cepetan neg apgreid roblox pleeees kayak orang orang avanya bagus avanya jelek,positif,negatif
3,kalo saran sistem chat pesa kembaliin,netral,negatif
3,bagus jelek batas umur komunikasi verifikasi wajah ktp data privasi orang tuju neg batas umur game bagus tolong hapus item gantung divastar oke udh ty,netral,negatif
3,bagus banget main nya,netral,positif
4,emosi seru kayak bisa neg emosi gitu loh,positif,negatif
1,game bet batas kalo batas game main bagus main freefire mobile legends super sus genshin impact minecraft dlu enak enak aja main game developer kasih atur bintang karna,negatif,positif
3,lumayan sih kalo lngsng ngelag,netral,positif
4,download eror nya baru,positif,negatif
3,assalamualaikum gamenny bagus mohon bantu akun login gara percaya neg nama robloxnya opwbul sekian terima kasih assalamualaikum,netral,positif
3,voice party bug terkadang suara hilang tolong baik,netral,negatif
3,emoji missing return,netral,negatif
3,iya suka kayak udah blokir ya kecewa bgt plis kecewa bkn main udah neng banget ama game blokir terima,netral,positif
5,bujug canggih bet,positif,negatif
3,don like roblox updates lately where old roblox,netral,negatif
3,jaring bagus aja tolong plis mau neg teruss tolong plis yaa pliss,netral,positif
3,game berat cepat rusak,netral,negatif
1,seru banget,negatif,positif
3,game nya bagus batas usia bisa neg ngechat orang,netral,positif
3,bagus roblox,netral,positif
3,bagus banget game nya bagus bagus nya branrot kalo bagus avatar nya harga nya ngotak neg sus sampe katain orang avatar nya noob,netral,positif
3,anak main neg ya,netral,positif
1,game nya bagus ngelek suka seconek orang jalan,negatif,positif
5,lindung bocil pedofil,positif,negatif
3,mayan rada ngelag dikit,netral,positif
5,kasih bintang tolong dongg di neg batasin umur setujuu top soal,positif,negatif
3,roblox gimana sih main cheat curang ava nya senonoh neg bullying pls roblox butuh tenang masak akun cute biarin sih turun bintang,netral,negatif
3,maret roblox resmi blokir,netral,positif
1,game seru mabar bisa neg ngomong verifikasi wajah update gakjelas,negatif,positif
3,game nya rusak rusak nge lagg parah minimal kasih robax player main orang punya neg robax,netral,negatif
4,kurang jaring bagus tpi masuk aneh,positif,negatif
1,dri tdi download gamau,negatif,positif
3,iya gamenya bagus pas ken main brookhaven itutu englek pas main gag sab pvb ngelek,netral,positif
3,oke aja sih banyak orang orang nya sus jing,netral,positif
3,seru,netral,positif
3,suka neg roblox kalo bocil bisa neg komentar,netral,negatif
5,fitur chat minimal balikin kasi bawah umur gua gabisa ngobrol,positif,negatif
3,pake batas usia photo bagus keren game senang hilang sedih mohon maaf,netral,positif
2,game nya seru sih ketemu teman salah main maju wifi internet nya udah bagus lancar maaf mohon baik ,negatif,positif
3,roblox tolong baik bugnya pas alih akun kadang suka ilang tbtb ilang pas download tolong baik,netral,negatif
3,game download seru bisa neg chat wajah klasik hapus ,netral,negatif
5,jujur ngomong minim pliss balikin chat ngobrol tmn karna blm verivikasi usia,positif,negatif
1,roblox hapus  hapus,negatif,positif
5,roblox why can repeat verified card,positif,negatif
5,bug tolong teliti,positif,negatif
2,gamenya bagus tolong baik deteksi kasar jarang banget pakai fitur suara sekali pakai kena ingat ayok main gunung salak akibat bisa neg onmic dengar suara player,negatif,positif
5,akun ilang karna lupa simpan password seru fish nya,positif,negatif
3,game nya bagus teman knp akun banned,netral,positif
3,bagus sih bisa neg chat jir,netral,positif
3,kembaliin fitur chat server aja,netral,negatif
3,sorry min gua kasih bintang ngebug trus tolong baik,netral,positif
1,geme nya bagus kalo gahca bagus koneksi eror keneksi bagus,negatif,positif
1,kalo main,negatif,positif
2,seru banget tpi kadang nge lag di neg baik,negatif,positif
5,bilang neg roblox jelek chatnya bisa neg buka gara gara chat hapus salah salah bocil bocil udah pacar brokhaven tuh pakai voice chat ngomong kasar sadar tolol gara gara bocil bocil kakek david chat nya buka ktp wajah neg nih bocil bocil udah sus brokhaven sadar bodoh,positif,negatif
5,mabar chat,positif,negatif
5,anak ngeluh verif age bagus cegah anak umur jadi neg sasar predator karna dunia penuh kotor anak neg tau ngeluh roblox renggut bahagia main ngga roblox menghawatirkan main roblox tau gamenya game anak anak culik predator game roblox mksi roblox,positif,negatif
5,koyok asu,positif,negatif
5,tolong kembali chat player blok fruit susah cari buah karna bisa neg chat tolong roblox moga chat pslyer blok fruit gampang cari buah,positif,negatif
5,gamenya bagus map lengkap chat tutup anak anak brookhaven bikin gabisa ngapa ngapain chat putus henti main brookhaven pindah murder minigames sana happy bgt ketemu temen nya alias chatnya tutup kenal loncat loncat doang perintah bilang roblox jelek manfaat neg orang tua strict parent larang tutup neg chat,positif,negatif
1,lumayan,negatif,positif
5,aplikasi pas amu pencet langsung aplikasi,positif,negatif
3,please don make policies that can not accept let play peace without any policies that burden the ayok guys bantu biar bebas main,netral,negatif
3,game nya keren,netral,positif
3,gamenya seru main variatif mic dekat neg mic suara neg suara mendem jelas neg main game mic ada neg problem tolong roblox baik terimakasih,netral,positif
3,gamenya biasa neg chat,netral,negatif
3,upgrade neg roblox main roblox tahu neg roblox upgrade,netral,positif
1,kalo chat bintang,negatif,positif
4,asli roblox seru roblox aman mendownloadnya cepat cepat roblox jangan neg main main udah aku neg mainin rusak install boleh neg mendownload bal coba mendownload bisa neg sayang main download cepatin mendownloadnya main malam mumpung paket,positif,negatif
3,game nya gampang ngelag,netral,negatif
3,suka game seru senang mohon ngelag neg ngelag pake aplikasi lancar tpi roblox ngelag mohon chat nya buka seru roblox klo chat,netral,positif
1,kalo bintang kasih bug nya,negatif,positif
5,game populer bisa neg chat komentar verifikasi usia,positif,negatif
5,jujur brokhaven ngebug trs kdng pakai muncul neg yng pasang muncul pas make baju ingat salah perfoma nge game bagus map gaada brokhaven bug jelek bgt skrng bnyk update tpi tolong baik bug nya yng make citer benci bgt,positif,negatif
5,roblok henti,positif,negatif
3,game nya bagus       ,netral,positif
5,roblox batas umur,positif,negatif
1,roblok burik,negatif,positif
3,bagus remot,netral,positif
3,game nya seru banget game aja lag nya kaya kamera nya gerak avatar nya gerak tuh cepet bikin emosi gitu loh kaya bug nya mislnya gerak males gitu udah mah chat klo chat verivikasi nunjukin wajah chat apus nya susah komunikasi orang pake gerakin avatar komunikasi orang kya gorila komunikasi nya tolong baik moga chat dibalikin,netral,negatif
1,kasih bintang suka lag suka loading nya bisa neg nge chat,negatif,positif
1,adek candu main game,negatif,positif
4,dav the game fun but can delete the one who made the shirt anything else because when want make shirt can instead have pay another player can make shirt okay that all for now sorry words offended dav but still fun keep the good work okay,positif,negatif
3,kembailkan chat nya pls,netral,positif
3,yahahahaha blokir perintah,netral,negatif
1,roblox tolong verifikasi wajah kirim email orang tua coba udah tunggu kaya gitu pls roblox,negatif,positif
1,game sihh udah bagus chet ilangin seru pas chat,negatif,positif
3,tolong yaa roblox bisa neg login udah bener tolong sistem nya benerin lagi,netral,negatif
3,bagus sih balikin neg chat roblox nya,netral,positif
3,ngelag,netral,negatif
3,seru sih game nya update nya ngotak update hapus aplikasi ,netral,positif
3,suka aplikasi tolong kembali chat,netral,positif
3,kadang suka error gitu map aplikasi nya,netral,positif
3,jujur gamenya bagus kokk seru update masuk neg akal chat dibatasin wajah klasik dynemic gerak maaf klo salah knp sih tau sebenernya chat dibatasin aman anak roblox turun sih neg kualitas nya wajah dynemic update roblox maju kualitas turun oke maaf kasar roblox bagus harap update hilang,netral,negatif
5,turut udh bagus yng protes ngelag bisa neg login game kya gin denger ngelag karna roblox neg game bilang game ke neg roblox kalo ngelag gabisa login karna yng masalah okey bagus tingkatin aja,positif,negatif
5,bapak bisa neg gimana robot bantu download,positif,negatif
3,game nya seru teman orang sayang nya bisa neg ber ngobrol lagi,netral,positif
5,jelek burik,positif,negatif
5,nevermind give our chat back miss how chat friend last year,positif,negatif
4,main blok fruit bug lengket bisa neg masuk masuk tunggu hri bakal neg tolong baik bug nya,positif,negatif
1,game mandang sih kalo hpnya ram rendah ngelag game saranin gamenya mandang mandang wor main jng download,negatif,positif
5,kembali roblox david bacuki,positif,negatif
3,suka game map bagus temu teman edit bisa neg chat susah kerjasama chat tunjuk wajah karna dapat neg izin orang tua di neg boleh susah,netral,positif
3,bagus login langsung keluar,netral,positif
3,update neg game nya bagus seru main bareng temen update neg kalo chat digame suka sensor,netral,positif
2,bagus bug bikin ngeselin tombol jalan nya jalan ihh aneh banget tolong bug nya baik game nya bagus bug,negatif,positif
5,apdet knpa alat renang fis bisa neg,positif,negatif
3,batas umur,netral,negatif
1,bagus bagus sih game bug pas kalo udah tower bug gitu kek gimana gitu tolong bug neg,negatif,positif
2,bagus pakai robux,negatif,positif
3,apan dah gua bisa neg login akun gua,netral,negatif
1,pls back,negatif,positif
1,masak main game ngleg kasih bintang aja,negatif,positif
1,suka,negatif,positif
3,game nya bagus sih update nya tolong rangin game nya nge lag nge lag game horror lag banget,netral,positif
3,overall gamenya bagus yah seru seru tarik plis roblox kesini aneh rakus sih neg verifikasi wajah utk batas umur buat shirt sempet gratis dijadiin berobux semua neg org beli robux loh plis moga baik,netral,positif
5,baguzz sepi game grafik nya real bangett indonesia dikitt hapuss saran ada neg atur nge chat kasi orang gabisa,positif,negatif
1,suka game nya bikin kesel udah pakek bagus aja gamenya tetep henti tau neg tetep bagus bug tetep bagus gamenya cuman neg gamenya bagus bagus game neg bagus dikit main game roblox peringkat block blast bagus roblox game bagus dunia tias fauziah jelas neg gamenya udah bagus bilang aja bagus woi tias fauziah bagus,negatif,positif
1,game forno,negatif,positif
2,roblox bagus tolong kembali chat roblox kasi bintang,negatif,positif
3,atur nya aneh,netral,negatif
2,game nya bagus sistem akun nya gampang tembus gampang hack masukin email,negatif,positif
1,gamenya bagus banget ngelag neg mabar bicara saran collab wowo aja,negatif,positif
3,patah patah jalan game malam tolong admin,netral,negatif
3,suka sih main roblox pas main mount ngelag,netral,positif
2,seru,negatif,positif
5,hay roblox tolong hacker map sprunki main tolong banned hacker muak,positif,negatif
3,updatenya berat udah gitu bug,netral,negatif
3,lag banget dah update baru,netral,negatif
2,seru,negatif,positif
3,ill give star because game full brainrot,netral,negatif
3,mohon fitur transfer robux main tambah opsi mudah lapor curang main adil neg topup robux,netral,positif
5,game isi banyak bocil dongo,positif,negatif
2,gamenya emang bagus udah bisa neg chat,negatif,positif
1,bagus,negatif,positif
4,game nya seru verifikasi umur suka verifikasi umur mending ganti mute chat orang ganggu alam main anggap ada neg,positif,negatif
5,mohon baik pas login masuk,positif,negatif
5,udh main lancar lancar pls hapus ban avatar gooner emot aneh aneh rakus neg rakus banget,positif,negatif
1,game nya bagus,negatif,positif
5, bocil terima neg dibatasin gesss vintage aksi,positif,negatif
1,nothing just star bye,negatif,positif
5,halah nyocot inti kadang bagus kadang jelek,positif,negatif
1,bagus suka map koleksi bnyak teman soak jahat kadang suka hina ava berobux neg sekian terimakasih,negatif,positif
2,roblox terkadang map nya ngelek bgt trs batas umr gsk,negatif,positif
3,bagus udah beli robux eror mulu,netral,positif
4,gabisa chat,positif,negatif
3,gamenya bagus update jelek chat boleh neg itu neg tanggal maret main bawah boleh neg tau neg tolong chatnya kasih pliss bugnya diilangin main wifi data lancar ngelag ruang simpan tolong pliss kasih kasih bintang,netral,negatif
1,gamenya udh bagus cuman yaa screennya suka ngefreeze klo main predator anak roblox beda,negatif,positif
2,kasih aja update,negatif,positif
5,main map malam ngelek dikit langsung cape klo kaya gitu tolong baik klo engga suruh temen temen gua kasih bintang klo engga,positif,negatif
1,kembali fitur chat roblox seru,negatif,positif
1,seru banget game nya kotak,negatif,positif
3,update mulu update tuwirr,netral,negatif
3,bagus sih tolong kembali chat pls game nya emang udh bagus kurang bisa neg chat bener bisa neg main roblox,netral,positif
5,really like roblox begging you fix the private server bug,positif,negatif
5,gara gara upgrade nya digangguin neg bocil lagi,positif,negatif
3,bagus banget game nya kadang ngelag jalan boleh neg chat coba seru neg knn tpi lumayan lhh game nya,netral,positif
1, ,negatif,positif
3,enakk lama kalo main nosann,netral,positif
3,game nya bagus pas log akun ada neg nomor indonesia lupa kah sayang banget akun nya gabisa buka gara gara gada nomor tolong tambahin nomor indonesia,netral,positif
3,kasih ranting karna nya roblox hapus indo tgl maret nnti jdi ganti tpi blum pensi main maksih roblox udh nan kalo galau adel,netral,positif
3,suka game nya bosen gara gara bisa neg nge chat suruh update mulu kesel nya kalo aktifin chat nya pake ktp game main main suruh udah mah pas sabtu tanggal maret dibolehin nya atas roblox licik,netral,negatif
3,game nya bagus kontroversi,netral,positif
2,game nya seru tetapih update mulu ,negatif,positif
3,game kontol,netral,negatif
1,karna main salah brookhaven,negatif,positif
1,game bagus vehicle legends ilang game pergi neg,negatif,positif
5,ulang update nya,positif,negatif
3,bug wifi normal aneh admin,netral,negatif
3,bagusss bangettt tapi update roblox ygg seruu neg bgttt dann masuk topp duluu topp dann tangallll maret roblox blokirrr maaff jadi kasihh bintang ,netral,positif
4,gamenya lagg bugg,positif,negatif
3,bagus kembali chat nyaaaa robloooxxx,netral,positif
3,roblox imut lucu,netral,positif
4,pake cit,positif,negatif
3,suka banget gamenya tolong bugnya mabar suruh login login,netral,positif
5,gara gem mabar gemnya,positif,negatif
5,nya bisa neg komen,positif,negatif
3,bagus banget suka ngelag sinyal bagus,netral,positif
1,maaf game bagus seruh neg karna pinda game,negatif,positif
5,bad apple,positif,negatif
2,suka karna tanggal udh hapus,negatif,positif
1,lot main nye,negatif,positif
1,kdang bagus kadang jelek aja yaa,negatif,positif
1,game cerewet,negatif,positif
5,hhmm abis update berat aja,positif,negatif
4,udh bagus atur grafik main game jaring bagus pas main ngelag udh combo kouta wifi aneh,positif,negatif
3,gimana roblox dikit apdet,netral,negatif
5,wifi udah stabil tetep aja bisa neg masuk roblox,positif,negatif
2,suka banget game minus nya minus nya chat roblox hapus roblox ngga hapus chat roblox nya verifikasi muka map brookhaven sepi ngga seru komunikasi online cuma neg offline tanggal maret anak yang bawah ngga pakai aplikasi roblox youtube facebook bigo live dll kalo bener duit top robux minimal dibalikin jujur kecewa moga dinotice,negatif,positif
5,update susah banget and chat lah,positif,negatif
3,verifikasi wajah akurat neg orang orang masuk kategori umur tua masuk kategori umur muda bisa neg main umur,netral,negatif
3,bagus banget sayang nya panyak delta,netral,positif
2,game seru milik map tarik keren update buruk batas umur,negatif,positif
3,gem seru senang ngetik orang orang brokheven songong,netral,positif
1,kagak chat seru pas main malam hut misi ditower ngasih tau klo udah sampe main dead reil klo jatuh ngasih tau,negatif,positif
3,gasuka bgt fitur verifikasi umur hilang temen game tim acak acak miskomunikasi banget tolong diringanin,netral,negatif
1,return features like david add back good features,negatif,positif
4,update mulu kaga ubah,positif,negatif
2,upgrade,negatif,positif
4,update mulu penting neg updatenya mending hapus hapusin aja map guna neg,positif,negatif
5,dasar game guna neg lancar robux beli,positif,negatif
3,bagus sii mas standar minecraft,netral,positif
5,game anti gabut mes bisa neg ngobrol,positif,negatif
5,akun evelin,positif,negatif
1,game bagus orang nya jahil,negatif,positif
5,game burik canda banget game nya kasih robax canda,positif,negatif
5,tolong aktifin chat oyy gabisa chat,positif,negatif
2,bintang aja kasih masalah neg,negatif,positif
3,aneh bet masuk ngebug kah betulin noh,netral,negatif
1,bagus gamenya verifikasi tinggal report aja culik gitu,negatif,positif
1,main bisa neg jalan,negatif,positif
3,game nya bagus,netral,positif
3,seru komunikasi coba aja kayak komunikasi tolong komunikasi ganti bintang nya bintang,netral,positif
3,suka sih seru brainrot seru neg penuh brainrot,netral,positif
2,bagus sih udh chat sma temen klo nya nge bug mulu rating,negatif,positif
1,suka komentar nya sus atas,negatif,positif
2,gamenya ngecrash aneh trus nge freeze bagus,negatif,positif
3,nya chat verifikasi umur guna neg,netral,negatif
1,suka nya lag,negatif,positif
1,ngga suka,negatif,positif
1,kalo roblox ciptain anak anak gaboleh main roblox,negatif,positif
3,main kesini gara pas main suruh main,netral,negatif
1,seru ajar bahasa asing mempunyain teman,negatif,positif
2,jujur sebenernya suka main roblox kalo chitter biarin aja udh report alam ngereport chitter kasih langgar kali kalo bikin game ngatur nya,negatif,positif
3,bagus sih udah bisa neg chat asik neg map chat suasana tuh beda bgt udah ngarep habis tarawih chat bareng temen main brookhaven bareng canda bareng udah bisa neg,netral,positif
3,bisa neg interaksi teman bisa neg komunikasi,netral,negatif
4,tolong roblox update cek update bug update bug kena bug nya notifikasi aplikasi roblox bilang suruh hapus roblox tiga download aplikasi resmi playstore aplikasi resmi roblox tolong fix bug nya jadi neg main,positif,negatif
3,game nya udh bagus pliss kek kembaliin perangkat komentator gabisa komentar tau utk aman pliss kekk,netral,positif
3,lumayan seru chat teman nya ngeleg ngeleg,netral,positif
1,game nya bagus chat nya ilang tolong kembali,negatif,positif
3,beyaran,netral,positif
5,jelekkkk banget ngebuk pas beli robux dapat neg,positif,negatif
3,balikin chat nya aja,netral,positif
1,plis roblox akun ku,negatif,positif
3,batas umur nya chat nya verifikasi,netral,negatif
3,chat nya balikin pliss admin roblox,netral,positif
5,roblox bisa neg chat,positif,negatif
3,maaf kasih bintang putus roblox turut untung guna,netral,positif
5,fitur chat mati cheat bug,positif,negatif
1,main roblok jirr,negatif,positif
4,hope this game will quickly reduce the number players playing the update very bad and disappointing when uploading classic shirts shirts requires premium account and paying robux and roblox never saw complaint why,positif,negatif
5,bintang plis ilangin fitur baru chat,positif,negatif
3,roblox buka mau neg ngasih bintang pls chat roblox bisa neg aktifin haa,netral,negatif
3,return the chat update someone wants communicate welli miss chatting with him,netral,negatif
5,ngelek neg,positif,negatif
1,karna apgret,negatif,positif
1,karna map nama ngabuburit ajarr pkoknya roblox dihapuss duniaa,negatif,positif
5,mending,positif,negatif
3,chat nya usia,netral,negatif
3,saran klo udah verifikasi chat orang umur nya beda,netral,positif
2,game bagus lagg disconnect pdhl wifi nya udh aktif,negatif,positif
1,game nya baguuus banget ada neg kuota,negatif,positif
5,tilang kalao udah main jangang diresat,positif,negatif
3,geme nya bagus tolong fitut chat nya karna komunikasi player terimakasih,netral,positif
3,klo main tuh susah kalo disconcet udh pencet hubung ngulangin,netral,negatif
4,ngelag but,positif,negatif
3,game batas khusus anak bawah usia boleh neg akun roblox game seru seru hilang akan neg main game tanggal maret,netral,negatif
3,game seru suka neg karna batas chat,netral,positif
4,game cari teman online cari muka online sedih update kali harap depan nya roblox bijak game sukses,positif,negatif
2,keren seru mabar dapet robux pesan turunin harga robux nya bagi puasa sangan top robux dongg,negatif,positif
3,bikin classic tshirt bayar,netral,negatif
2,bagus gimana,negatif,positif
3,game nya bagus bgt mabar bikin rumah munculin mobil motor suka roblox karna roblox bisa neg chat kecewa roblox game chat sgt bagus tau brokhaven fitur chat cepat sesuai neg ucap sgt suka main roblox skrg main roblox tuh nama menit menit aja udah muak,netral,positif
2,game nya bagus cuman suka neg aja player nya banyak scammer,negatif,positif
3,seru neg jdi gabisa chat temen,netral,negatif
5,tolong kembali vitur chet,positif,negatif
4,seru seru neg fiturnya jelek bisa neg ngechat ,positif,negatif
4,gua maaf gua kasih rating gamenya udah sikap updatenya jelas neg jelas neg fitur chatnya hapus dll jujur gua main neg gua pensiun gua maaf gua kasih rating game seru seru aja sih,positif,negatif
5,roblox tolong nih bisa neg ngecet gara gara tau neg aktifin cetnya males banget,positif,negatif
3,suka game sih ituin wajah bisa neg ngobrol saudara beda umur,netral,positif
3,sya suka peda gem mohon buat chet kaya chet bisah neg komunikasi kya kunyah,netral,positif
3,gamenya bagus sih tolong baik bug bug main wifi bagus lancar tetep ngelag disconnect gitu aja iya tolong balikin fitur chat ngechat temen aja udah gitu aja,netral,positif
3,balikin fitur chat ngobrol kawan loh,netral,negatif
3,roblox asli bagus main ngelag neg sebel kasih bintang gitu ngelag barang duit pas main the forest,netral,negatif
4,don update too much because many people complain about not updating because seems useless,positif,negatif
3,apas upgrade cape tau memo habis kocak,netral,negatif
4,gimana neg gimana upgrapt aplikasi roblox suruh hapus game tuh udah hapus bisa neg suruh hapus mohon maaf kasih bintang,positif,negatif
3,apa chat batas,netral,negatif
3,bagus sih kalo ken komen verifikasi wajah,netral,positif
4,ngak chat ngak seru,positif,negatif
4,muas maret roblox nonaktif gara gara mukena pink,positif,negatif
1,seru game nya merespon neg anggap neg main map game nya geleg jaring bagus bug nya di neg kasih tolong baik bug nya update bagus neg,negatif,positif
5,bisa neg chat roblox bisa neg chat mabar orang,positif,negatif
3,lumayan,netral,positif
5,game manyenangkan bug,positif,negatif
5,jelek sih,positif,negatif
4,karan baju nya ngak gratisz,positif,negatif
3,gabisa update,netral,negatif
5,kembali chat robloxxxxxx bicara teman roblox ,positif,negatif
3,kekuragan gem vantasik kekuragan game survifal bagus zombi mamcing beybelet,netral,negatif
5,bisa neg ber,positif,negatif
1,roblox etik whatsapp instagram dimoderasi kesal banget,negatif,positif
3,gjlas pdhl hpus memori ama game mai gbisa download huuu,netral,negatif
1,gamenya udah bagus seru update,negatif,positif
3,roblox senang harap game tahan,netral,positif
5,terima kasih developer bantu review bintang muncul baru diplaystore langsung baru masuk roblox coba logout ulang akun masuk situ masuk mode fish coba beli roda geser rod bintang naik developer,positif,negatif
2,nonaktif,negatif,positif
5,mybe being crazy without this game,positif,negatif
3,game baik,netral,positif
2,gamenya udah seru neg,negatif,positif
3,maap nih kalo liat tiktok kek youtub kalo main roblox nya ken ngikut main roblox gitu bisa neg download roblox nya,netral,positif
5,roblox banyak update,positif,negatif
5,asisten buat roblox chat pulih suka neg kaya tolong asisten buat roblox  pulih untung item pamer sedih,positif,negatif
4,tolong bgt fitur chat nya kembali orang roblox sedih kecewa susah interaksi tlong kembali,positif,negatif
3,ahak benci player nya,netral,negatif
1,pakai kuota,negatif,positif
3,game nya seru bagus kurang game roblox suka nge bug gabisa chat teman sebelummenunjukan muka ktp dll,netral,positif
5,game terap sistem batas usia foto mana sistem sistem orang dewasa buru anak bisa neg komunikasi anak kecuali sistem identifikasi umur di neg umur terkadang sistem salah identifikasi,positif,negatif
3,gara gara escep sunam,netral,negatif
3,seru coba anak umur chat roblox,netral,positif
4,bisa neg update,positif,negatif
3,ganggu chat sensor bicara tampa langgar sensor kalimat batas kalimat kalimat neg bahaya singgung buruk,netral,negatif
3,suka ngelag,netral,positif
4,seru neg fitur chat nya,positif,negatif
3,karna main favorit chiter,netral,positif
3,suggest that roblox activate the chat feature since the update everything has become silent and one more thing don create accounts too often you have update the game fun but after the update quiet,netral,negatif
3,bagus game nya robux mahal karakter nya geleg jalan tolong bikin bug nya,netral,positif
3,face tracking bug gabisa voice tuh tolong baik,netral,negatif
4,roblox bikin shirt bayar robux,positif,negatif
3,nya berat susah udhmah update beratin malas kadaluarsa akun nya males kerurangin nya kadang suka bully tau neg napa coba aja offline,netral,negatif
3,game nya bagus maaf ngasih tau main fitur chat nya kasih bintang karna chat nya,netral,positif
2,game bagus sayang nya kalo pakai nya bayar pokok seru banget roblox tower nya tarik,negatif,positif
3,game bagus,netral,positif
3,wakil main roblox tolong kembang hilang fitur reconnect fitur load ulang langsung game nya kali main obby menang ulang level reconnect tolong capek ulang serius bug camera tolong fix woi menang player mobile,netral,negatif
1,game unik,negatif,positif
3,suka game game batas perintah indo,netral,positif
2,sring update dada seru,negatif,positif
4,kalo syarat nya rang sulit main kya klo mic gtu,positif,negatif
5,hello name baim actually the game really good but what lazy about that there are many bugs think should quickly get rid the bugs,positif,negatif
5,gua gabisa depeloper akun yanzivivino hapus,positif,negatif
5,papa neg cuy cheat habus docil ada neg beri,positif,negatif
5,kembali chat roblox plss return roblox chat plss,positif,negatif
5,seri kikir,positif,negatif
5,update jelas neg game buruk map brainrot main game harap game bagus map bagus henti main roblox indonesia tanggal maret roblox bisa neg blokir indonesia terimakasih tani thx,positif,negatif
3,game nya seru kadang suka ngebug,netral,positif
3,standar lahh seru,netral,positif
4,ada neg update klo update sering neg tolong rang update update nya kasi orang orang memori penuh,positif,negatif
1,nya kuat jirr,negatif,positif
1,game kampang,negatif,positif
4,good game just that can chat with different ages even though verified why,positif,negatif
2,gamenya bagus map suka benci terus update tambah ruang aja penuh huhhhhh,negatif,positif
3,netral update upgrade penuh perangkat simpan main roblox please kurang update upgrade update notifikasi salur komunitas grup nya main update selenggara,netral,negatif
3,game nya bagus enak maininnya kadang ngepause,netral,positif
5,game burik gajelas,positif,negatif
5,krnn banget taoi upgred bisa neg,positif,negatif
3,maaf roblox gua kaga tarik elu gara game buat elu fish,netral,negatif
1,game nya bagus performa berat banget harap roblox nge ringan performa game,negatif,positif
1,give one star because roblox doesn allow small children play roblox and roblox also prohibits chatting,negatif,positif
5,roblok pliss adain fitur jual barang udah ngga kepake ngebantu banget plis avatar udah debu jir,positif,negatif
3,bagus sih cuman update nya buriq,netral,positif
3,gem bisa neg chat,netral,negatif
3,ituh seru verifikasi udah umur verifikasi chat nya apus seru kalo wifi nya offline ngeselin beli robax akun nya udah basi hambur hambur uang pas uang voise chat susah bgt jujur aja bikin stress aja ya suka game nya ngejeg bagus lucu game nya anak adek suka main lupa wkt,netral,positif
3,males aja praturannya byk btw cewenya muach,netral,positif
2,kasih segitu fitur chet nya di neg aktif susah kalo ngobrol teman roblox seru neg,negatif,positif
5,game nya bagus kali login patah patah jaring udh lancar udh apdet beh ngelek banget akun hilang selesai apdet kali main akun nge bug kalo main escap tsunami kayak balap wins beh ngeleg main main ngechat cek verifikasi pake ktp kartu tanda duduk kesel gimana brainrot adik tolong baik plis,positif,negatif
1,ngescam,negatif,positif
2,sru gbsa ngbrl lgi tmn,negatif,positif
1,dapet robux gratis,negatif,positif
3,update mulu buang ruang simpan,netral,negatif
3,tingkatin game nya sampe neg hacker hacker nya di neg banned ban selaamanya orng risih loh hacker terkadang iya kadang tapi neg di neg ban aja sih risih banget asik main map mati sheriff gara mati,netral,negatif
3,bagus,netral,positif
1,baguuuuuuuuus,negatif,positif
1,like the game but every time enter account forces close,negatif,positif
1,game bagus orang rugi neg orang chat kembali,negatif,positif
3,roblox update dongo udah mah bisa neg chat age verivikasi dah mah kreator ava roblox test pulak dongo dongo,netral,negatif
5,jujur umur game hibur butuh cek umur buka fitur kayak neg,positif,negatif
3,bagus gamenya cuman gameplay paused disconec benci sinyal bagus stabil tolong baik min sabar tolong chat teman rumah mimin hapus akun umur teman bisa neg main tolong hapus neg akun umur dong,netral,positif
3,main roblox lihat orang reting roblox orang baik bag hapus ngecres baik ngleg terima kasih,netral,positif
1,game,negatif,positif
1,gamenya bagus bohong neg ceo nya masalah main neg game kalo benci drama,negatif,positif
5,gimana ambil blok sangkut tiang listrik tembok,positif,negatif
3,seru dermain,netral,positif
4,game drama di neg anjur bocil tolol,positif,negatif
3,lost isle bisa neg pake renang,netral,negatif
4,roblox tanggal maret udah anak bawah umur,positif,negatif
5,gem ngeleg anj grafik bagus,positif,negatif
3,meh ngelag ngenfreeze mll pas main horror pdhl koneksi aman,netral,negatif
1,please return robux topped for the ultraman gamepass and didn through,negatif,positif
3,gameplay nya bagus fitur nya kalo komunikasi pake chat verifikasi umur roblox udh seru neg kaya jadul main roblox baru tingkat nya aplikasi larat neg game cobain map nya ngecrash ngefreeze tau jaman neg gimana miskin,netral,positif
5,game babi bnyak bugnya,positif,negatif
5,semenjak roblox gua jarang nonton bokep karna cewe muas nya,positif,negatif
3,seru game,netral,positif
3,bang tolong kembali fitur chat geme nya seru chat ama temen roblox,netral,positif
3,good like online games but please update them better and more enjoyable,netral,positif
1,seru ngomong orang umur,negatif,positif
5,bisa neg,positif,negatif
3,jelek roblox jelek hapus aja hapus,netral,negatif
2,bagus sih bagus kentang kayak tuh gampang rusak,negatif,positif
2,bagus sih bagus ceonya oon atur baru bikin ribet main suka ngefreze ,negatif,positif
1,main roblox,negatif,positif
3,keselek sempak,netral,positif
3,lumayan seru sih kadang kalo wall hop lompat lompat gitu,netral,positif
2,game nya bagus bisa neg update pls hilang bug nya jalan kadang suka jalan sendiri trs ken updet hapus udh segitu informasi,negatif,positif
1,suruh update yaa tolonggg,negatif,positif
2,roblox dlu roblox,negatif,positif
2,game nya seru item beli ilang anjay coba robux abang donate balikin robux,negatif,positif
3,seru sih bug game chat dibatesin item hapus dibanned bilang tolong kalo update bikin neg player kesel,netral,positif
1,koneksi bagus tpi mlu dc neg mlu main seru neg saran moga baca ama robloxnya tolong baik,negatif,positif
3,bombo,netral,positif
3,game seru tarik game dalam,netral,positif
3,gamenya bagus masalahh pas udah masuk aplikasi nyaa kadang mencet tombol play game masuk neg masuk kadang alih akun tombol gabisa pencet udh pencet kali kali gabisa ngeganggu nyaman,netral,positif
3,ngelek tibatiba putus jaring pas masuk tower eror,netral,negatif
5,why acount get banned not using script something ,positif,negatif
3,bug nya,netral,negatif
3,balik chat roblox,netral,negatif
2,pengalamanya main roblox seru temen item game populer iring roblox sepenuh game bawah bisa neg nonaktif tanggal maret,negatif,positif
3,apa batas main senang senang untuk neg senonoh neg kuturunin bintang kecewa,netral,negatif
3,baguss tapi,netral,positif
3,roblox turut game bagus susah gampang turut roblox game suka tgl hapus roblox,netral,positif
1,keren,negatif,positif
3,game nya bagus chat pakai wajah main tiba bug,netral,positif
3,atur,netral,negatif
3,kembali chat nya kagak fruit,netral,negatif
4,update brookhaven gimana sii orang dapett,positif,negatif
3,game bagusss bangett akun hilang mlu udh kali ganti akun,netral,negatif
1,aja,negatif,positif
1,                          pls tolong roblox sadar game doang rame updete nya asik neg,negatif,positif
1,suka game game hapus game cocok neg anak anak baik neg anak anak tau ayah,negatif,positif
1,game roblox bagus brookhaven nya bentuk badan nya verifikasi wajah ngomong tolong baik bicara roblox,negatif,positif
5,blok neg chat woi,positif,negatif
1,roblox,negatif,positif
3,mid,netral,positif
5,memo cepat penuh badahal download tiktok roblox,positif,negatif
3,tolong kembali fitur chat ken chatan orang orang please kembali fitur char pleaseee,netral,negatif
2,seru,negatif,positif
4,gara gara atur chat seru neg,positif,negatif
1,game,negatif,positif
3,geme seru chat nya hapus,netral,positif
5,balikin chat kikir,positif,negatif
5,busuk ban make neg cit busuk,positif,negatif
5,roblox blokir perintah,positif,negatif
3,lag game nya seru lag nya bikin kesel bangett,netral,positif
5,orang pakai gua main langsung masuk masuk pelan pelan game udah masu emang gue main robot enak keluar neg game game maksud gue tuh capek main game emang gitu orang bikin gamenya aneh sih bikin gamenya gitu masuk akal orang bikin orang bikin slime masuk collagen gua masuk game foto main gamenya langsung masuk gue tuh capek gara gara game preside,positif,negatif
1,jelekkk,negatif,positif
5,bring back chat now bring classic face bring more face vereficaion hate you david bazucki,positif,negatif
1,roblox udah main tanggal maret moga baca mimin roblox,negatif,positif
1,game bagus anak gaboleh,negatif,positif
5,pls roblox barang obat barang gratis hapus fitur chat barang barang beli top up,positif,negatif
2,plisss buatin roblox robux,negatif,positif
3,kokk gabisaaaa didownloadddd aaaaaaaakkk gajelass ihhhhh,netral,negatif
3,gift card nya reedem,netral,positif
5,game jelek gakbisa chat,positif,negatif
3,kem bagus bisa neg gecet tolong baikin,netral,positif
2,seru sih tpi chat trs ngelag game kah,negatif,positif
2,bagus sih kena ben seru nya main game kena ben,negatif,positif
3,cheater game cheat nya goblok pelihara roblox,netral,negatif
3,map chat bisa neg bintang,netral,negatif
3,game cocok rendah,netral,positif
3,gem nya bagus mabar seru bayar,netral,positif
1,main blox fruits bisa neg bug,negatif,positif
3,seru keluar uang,netral,positif
3,bagus sih bagusss updatenya kesini aneh gilee nih update bikin kesel chat dibatasiii bener aja kocakkk chat besty ilangg semuaaa gembok gembokkkk astagaaa udah gitu klo verivikasi usia pake scan wajah segalaaa udah tau muka baby face tahunnn,netral,negatif
3,game bagus patah patah,netral,negatif
4,wifi lancar lancar aja tetep lag,positif,negatif
4,admin roblox tolong gimana klo ganti hape akun main gmail nya hape hape pake gmail hape gmail hubung akun roblox hapenya mati bisa neg hidup pake akun gmail fitur chat usia akun hubung gmail gimana admin roblox lupa password gmail,positif,negatif
1,game nya banyak org pacar,negatif,positif
3,chat di neg hilang koneksi putus di neg mambuatku nyaman neg main roblox bintang baik oke,netral,negatif
1,suka ngeleg,negatif,positif
1,ret,negatif,positif
5,chat back son crying,positif,negatif
3,bagus sih kalo main tower ngtrool,netral,positif
3,game nya bagus terima neg akun blokir roblox nya pernah neg kasar langgar standar komunitas,netral,positif
3,game seru di neg batas chat scan wajah main rusak game roblox,netral,positif
5,hey dev roblox tolong ubah neg game roblox game orang dewasa kasih bintang dev sadar roblox game anak anak tpi game orang dewasa,positif,negatif
3,game nya seru banget lupa neg main,netral,positif
4,wow game seru ngelag bisa neg masuk game eror mulu,positif,negatif
1,bagus neg bisa neg chat,negatif,positif
4,tolong baik bugnya,positif,negatif
1,seru sih culi anak hacker incomu hapus hacker,negatif,positif
3,atur sebal,netral,negatif
3,orang main ngeleg gilir langsung bagus main nyap,netral,negatif
3,serusih updet aneh susah,netral,positif
5,opo roblox gabisa cet deh,positif,negatif
2,pliss developer nya talon kasih secret tahun main secret dapet neg ken secret,negatif,positif
5,bisa neg dimainkn,positif,negatif
5,main player toksik kayak game belah,positif,negatif
3,bisa neg mendownload foto video rekam media toblox,netral,negatif
1,lumayan bagus huni nya bocil neg ava zepeto,negatif,positif
2,habis update bug njirr bagus sih batas usia bisa neg ngobrol deh,negatif,positif
3,nicee,netral,positif
3,apa servernya suka lag lag,netral,negatif
2,seru bugnya masang verivikasi langka balikin akun sigmameowingssss,negatif,positif
3,gua kasih tau developer nya aneh kaya cat batas game nya bayak banget niru orang orang pacar roblox nya di neg ben orang orang apa neg ben tlol,netral,negatif
2,game bagus tapiiiiiiiii chet hapus gabisa ngobrol sodaraku bandung plislah adain fitur chet,negatif,positif
5,tolong hapus map sifat bar teman lenceng gara gara masuk map map mohon,positif,negatif
5,how come you paid make shirt don have any robux give back give five stars,positif,negatif
5,loading masuk game game dalam koneksi bagus mohon baik,positif,negatif
3,game sih bagus kalo chat foto kirim email,netral,positif
3,bnyk bug nya chat bug nya nya sengaja neg mati gr neg abis batre nyalain map trs harga baju celana dll nya pdhl murah,netral,negatif
4,chipset snapdragon gen aja bikin kewalahan isi isi game nya bug optimisasi emang kentang nih main game aja kanan emang bug baik rada aneh btw device iqoo,positif,negatif
1,ngecat kalo orang curang enak,negatif,positif
5,roblox boros banget main jam doa habis udah ngelag,positif,negatif
3,roblox seru neg,netral,positif
1,bagus error gitu pen main bisa neg,negatif,positif
3,gamenya bagus kesel update baru roblox skn wajah,netral,positif
5,permisi saran game fhisit nya biar bosan neg minat main nya tolong mudah secreet nya sulit neg main kecewa bosan main game fhisit nya versi bisa neg pakai item dayfinggir serta radar item masuk lava bassin bisa neg maka baju lindung nya tolong bantu reeqesan nya,positif,negatif
4,gua kena batas usia,positif,negatif
1,roblox sering neg ngebug,negatif,positif
1,buk jarang main roblox,negatif,positif
3,bentar dibanned,netral,positif
3,suara rblx ada neg,netral,negatif
1,game nya seru,negatif,positif
2,roblox tolong benerin kalo main pake gamepad karakter gerakin yok yok,negatif,positif
4,bug bikin akun hilang tolong baik ya,positif,negatif
2,bagus banget,negatif,positif
5,roblox please fitur report vidio player cheat vidioin gausah foto please nya canggih biar player delta ban please,positif,negatif
3,erorr tolong baik,netral,negatif
5,jaring bagus lag parah,positif,negatif
3,game updatenya udah lumayan fitur chat nya verifikasi suka gasuka banget bug nya kadang main disconnect wifi data lancar aja pas coba apk,netral,positif
5,bro roblox rancang anak anak batas usia batas usia roblox lagi neg game anak anak roblox rame gara gara bocil gegara update batas usia main neg ceo roblox tolong banget batas usia nya gausah okie,positif,negatif
3,roblok suka tolong kembali chatanya roblok plissssss roblok tolong,netral,positif
4,update,positif,negatif
3,mid,netral,positif
1,game nya suka hilang item pake robux habis ikut youtube tunggu di neg balikin,negatif,positif
3,can download the game and when cancel problem and the jan update big the,netral,negatif
2,bagus,negatif,positif
3,cravhing mania and abnormal internet problem,netral,negatif
5,alami login,positif,negatif
5,gamenya burik bikin demam,positif,negatif
3,bug,netral,negatif
5,game eeq burik,positif,negatif
1,game nya seru neg atur dll,negatif,positif
3,game bagus akun akun hack orang glitch masuk akun tolong baik bintang,netral,positif
3,woy anj gua bisa neg masuk akun gua ban tolong udh top ban,netral,negatif
3,pls roblox fix can chat with friends again hopefully will replied,netral,positif
4,comment alas syaa kasih bintang bisa neg chat roblox pas masuk map pas masuk tapi kecee game roblox,positif,negatif
1,gamenya force close,negatif,positif
4,sengaja neg download roblox vietnam gabisa login roblox playstore tolong membutuhkann solusi,positif,negatif
5,gamenya senang kecewa akun reset password coba pasu email kode digit masuk neg tolong fiks bugnya,positif,negatif
1,bisa neg main game suka,negatif,positif
3,tau neg onmik bisa neg ngechat,netral,negatif
2,kurang cuman batas usia louwding masuk map aja sih,negatif,positif
3,kembali chat nya david bazucki pensiun,netral,negatif
2,game senang,negatif,positif
4,alas bintang chat,positif,negatif
3,love this game but can you add chat,netral,positif
3,main jelek tangga,netral,negatif
3,roblox tolong kembali chat roblox chat sunyi kayak kota mati,netral,negatif
1,bagus kalo bug sampe hapus akun,negatif,positif
3,bagus banget,netral,positif
3,gamenya suka game copyright dah pas main bug sinyal bagus mantap apk nya kadang pas admin abuse leg kali dahtu suka disconet,netral,positif
5,update udah kena bug aja,positif,negatif
3,update lancar update game ngeleg kadang ngefreeze ngeleg roblox nya,netral,negatif
3,bagus bagus san free fire,netral,positif
5,this game very good however there are shortcomings that make the players feel that not exciting before namely the roblox chat which also makes feel little annoyed with this new rule,positif,negatif
5,pleaaasee kalo ngide gausa aneh,positif,negatif
4,update nya jelas neg game bagus update nya problem banget,positif,negatif
1,seru,negatif,positif
3,bisa neg login,netral,negatif
4,what missing bringing back the chat feature roblox please want communicate with friends again,positif,negatif
5,gaje,positif,negatif
3,voice chat,netral,positif
5,fitur chat kembali pliss,positif,negatif
1,baju robux asih roblox bintang,negatif,positif
5,okay roblox want say why item disappeared the account name heceocsu return item which expensive now,positif,negatif
3,seruu hacker nya gasuka kek gitu game nya bagus minus nya sinyal ngeleg gasuka pas suka game map nya bagus deh pokok mohon baikin hacker nya hapus aja akun hacker nya pliss,netral,positif
5,pliss chat hehheh,positif,negatif
1,game suka nge bug pas main suka koneksi putus jaring bagus banget nge chat nya tunjukin ktp verifikasi umur apasiiih,negatif,positif
3,gameplay nya bagus grafik chat nya kadang kadang sensor kata neg kasar,netral,positif
5,balikin chat,positif,negatif
3,jarang main roblox batas usia memori chat teman hilang maaf kecewa bisa neg main teman fitur chat nya hilang game favorit semenjak chat fitur hilang batas usia verifikasi suka neg main roblox bosan istilah nya favorit neg game,netral,negatif
1,plagiat minecraft tambah bagus neg cuihhhh,negatif,positif
3,bisa neg chat pls bring break chat,netral,negatif
2,puas,negatif,positif
3,bisa neg chat verivikasi bagus cocok soft spoken,netral,positif
3,aplikasi nya lumayan bagus tpi kurang bisa neg mengunakan voice pake ktp mohon baik guna neg ktp,netral,positif
1,balikin chat nya woi seru,negatif,positif
2,seru,negatif,positif
3,ngelag,netral,negatif
1,suka neg aja gameny,negatif,positif
3,roblox chat nya hapus ,netral,negatif
4,brokheven bisa neg ngecet gimana,positif,negatif
3,kesel banget chatan kena sensor batas bilang sebentar kena sensor jelas neg njir dikit dikit sensor ngeselin banget orang ngetik lebar kali ujung ujung kena sensor pls bagus banget gamenya chatan dikit kena sensor benerin pls suka gamenya,netral,negatif
1,sabernar nya bagus geme nya bagus buat geme waras sters geme,negatif,positif
1,kangen roblox,negatif,positif
3,game nya seru map baik neg main anak anak,netral,positif
3,gamenya suka kadaluarsa,netral,positif
3,ngelek,netral,negatif
3,wdym chat,netral,negatif
5,roblox asli bagus roblox udah beda kemarin kemarin chat batas orang orang roblox kayak nya udah pindah game tetep kasih bintang kok,positif,negatif
5,benci roblox chat beda umur syarat sih papa kalo chat kunci main dah seru kalo gin demo chat januari main game suka hati roblox platform game,positif,negatif
2,gem nya bagus ngelek bisa neg ngecet,negatif,positif
3,bring back chat,netral,negatif
3,cant chat,netral,negatif
5,ramah neg,positif,negatif
1,please return the chat roblok return return,negatif,positif
3,suka semenjak chat main fish bisa neg secret dead reals bisa neg bilang kalo jatuh night bisa neg tugas steal brainrot bisa neg brainrot grow garden bisa neg pamer buah chat,netral,negatif
3,gamenya bagus mabar bareng teman gamenya gamenya seru seru suka banget main roblox game roblox game populer fitur batas,netral,positif
1,bagus main rumah orang tdk sama pake wifi,negatif,positif
5,roblox burik kotak kotak,positif,negatif
3,knp verifikasi wajah ribett,netral,negatif
3,punya bisa neg mainin,netral,negatif
2,bagus biaa main teman game guna suka game nya game dalam,negatif,positif
1,pls return the chat,negatif,positif
3,bagus update verifycation nya tolong dibenerin,netral,positif
5,update body latina,positif,negatif
3,temu bug translate buah semangka moga dengar ceo roblox,netral,negatif
1,karna brookhaven pas mencet baju nya bisa neg yahh tolong roblox baik brookhaven nyaa tolong baik yahh roblox puasa,negatif,positif
1,game,negatif,positif
3,gamenya udah sepi kayak kubur gara gara bisa neg komunikasi orang orang jujur aja update verivikasi umur update jelek bisa neg chat temenku beda umur,netral,negatif
3,gamenya bagus cuman fitur chatnya ada neg kayak neg,netral,positif
3,elit sulit bisa neg chat bikin classic nih classic shirt butuh robux aja gratis nanya david baszucki classic shirt bayar chat batas classic face hapus polytoria mobile pindah game pensiun main roblox,netral,negatif
3,login servernya eror,netral,negatif
1,game nya seru bgtt sampe candu main dandy world cukup neg umur voice chat ken bgtt bingung kalo safe neg akun nya ilang sekian gaji makasihh,negatif,positif
1,game seru apa buriq,negatif,positif
5,enakpol langgo soale,positif,negatif
1,kalo bintang bintang nguras kouta,negatif,positif
3,maaf cuman kasih bintang pas login akun mohon baik pas tekan lupa password pas kirim email situ kirim kode ganti password pas chek gmail sms dll ada neg mohon,netral,negatif
3,date nya beda bisa neg update,netral,negatif
3,roblox minim nya chat guna roblox kurang,netral,negatif
1,game ngetok,negatif,positif
3,bagus,netral,positif
3,memory gakuat update udah topup hapus udah topup mindahin akun jgn gabisa karna klo update neg gabisa buka robloxnya gmn roblox semenjak ngga main roblox dikit update,netral,negatif
4,suka banget game nya cumann update barunyaa bikin batas umur udah pake wajah email well gapapa bikin baju jual suruh beli premium guna beli premium roblox kaya hilang emote robux dikembaliin neg dah loh kalo upload shirt gratis ehh bayar robux excuse cuman shirt loh yaudah,positif,negatif
3,suka game nya pas update suruh hapus game pas udh hapus suruh hapus main tinggal dikit doang sih update nya kekgini repot mending ush gin paham chat batas tau chat bareng teman teman teman,netral,negatif
3,suka main game seru sayang nya suka neg game update,netral,positif
2,yah bagus bagus aja sih game bisa neg komunikasih teman,negatif,positif
3,chat nya balikinnn,netral,negatif
3,komunitas roblox roblox hapus indonesia uang kembali mohon uang hasil kerja keras roblox jadi neg hapus indonesia ada neg kembali uang,netral,negatif
5,lirik lagu sepi hati kadang kadang bikin grafik latin nge lag papa neg bagus,positif,negatif
4,roblox tolong apdet benerin nya masuk game roblox security treht denhet mulu,positif,negatif
3,mohon baik chat party kata neg kasar moderated tolong roblox baik,netral,negatif
5,pas update gabisa simpen gambar media gabisa facecam,positif,negatif
4,game nya bagus tolong hilang bug glitch roblox nya hapus update baru bikin player roblox demo gabisa chat umur batas tolong update hilang,positif,negatif
5,download nya kas kuat neg atur nya,positif,negatif
2,pasmain langsung,negatif,positif
3,game roblox tuh bagus cuman pas main heran sih player toxic pas main obby tuhh ngetik bagus neg komunitas roblox mohon banned aja player toxic roblox player normal ganggu player toxic roblox ,netral,positif
3,avatar lihat neg muka,netral,negatif
2,pas main,negatif,positif
2,main tuduh ngecheat pake neg delta,negatif,positif
3,roblox seru foto wajah usia anak boleh neg nge chat seru neg nya anak anak ken chat anak anak bisa neg chat tuju roblox chat nya kumpul harap roblox chat nya kaya neg roblox kaya neg gin kasi anak anak ,netral,negatif
5,gamenya jelek bagus burik bagus kotak kotak bagus,positif,negatif
4,bisa neg ketik,positif,negatif
1,roblox,negatif,positif
3,seru pas dalam map,netral,positif
5,roblox bikin goburoks,positif,negatif
4,hapus main upgrade,positif,negatif
5,disconnect mulu pas masuk sinyal bagus wifi bagus pulsa akun simpan ada neg login akun tolong baik marah lapor bullying ditanggapin neg roblox sihh cape tolong baik,positif,negatif
3,rating aja nya bosen bnyk game grading,netral,negatif
3,good bad,netral,positif
5,pls roblox don delete roblox chat why you have use age people don like,positif,negatif
5,ada neg komentar temen,positif,negatif
1,mic,negatif,positif
3,like but why can chat now playing lazy because can communicate with other people,netral,negatif
3,sensor kata neg kasar aja sensor sensor aja,netral,negatif
3,enak neg verif umur beda teman bisa neg chat ngobrol,netral,negatif
3,akun hilang udah robux,netral,negatif
5,game sepi neg lagi,positif,negatif
1,gamenya seru chat party plss roblox balikin chat,negatif,positif
3,gamenya bagus fitur chatnya di neg ilangin cokkkk,netral,positif
2,roblox bagus sih larang main ktp paspor foto muka sih tujuanya emang heck kasih bintang,negatif,positif
4,kasih bintang karna bisa neg berpatisipasi teman beda umur umur teman loh ,positif,negatif
3,seru dih updatenya,netral,positif
3,game kembang bagus parah platfrom gede beratamnya roblox pls bawa chat game personal age verivication susah main roblox halagan sayang roblox hibur rate chat hilang pls bawa chat,netral,negatif
4,sih bintang kembali chat roblox,positif,negatif
3,masuk map ihhh,netral,negatif
5,tolong player invinity robux kembali chat,positif,negatif
3,akun kena benned ama roblox akun dibenned ampe bisa neg dimainin nama akun tama kaseleo nama palsu orang jawa aja roblox bye,netral,negatif
1,gameny tarik gitu udah koneksi pake kadaluarsa downdlod deh,negatif,positif
4,game jelek mending mobile legends seru dikit oke turut kurang update neg kentang kuat neg aja sih,positif,negatif
1,spawn kalo main,negatif,positif
1,game monyet,negatif,positif
3,nya gamenya bagus cuman seru dikit aja kok,netral,positif
1,game baik blox fruit beneran bagus,negatif,positif
3,game nya lumayan seru update nya aja seru neg habis batas usia bisa neg ngechat roblox,netral,positif
3,hacker nya kon,netral,negatif
5,geme bagus geme suara jelas neg geme tolong hilang suara nya geme nya bagus ,positif,negatif
1,chat nya tolong kembali,negatif,positif
1,main roblox ngefreze min trus kalo lancar apk robloxnya tolong bantu min,negatif,positif
3,bisa neg masuk,netral,negatif
3,woi akun kebanned alas nya curang curang neg tolong player salah neg usah neg banned,netral,negatif
5,akun kena ban karna ngecheat ngecheat,positif,negatif
3,chat bisa neg,netral,negatif
3,gua buka chat bisa neg tolong roblox gua teman game gua bosan main tolang roblox,netral,negatif
1,please batas neg main umur mas anak anak ken main game nya neg anak anak roblox banyak dewasa ken main bebas temen seru seru batas umur roblox kenal ubah mohon kembali roblox adil neg main bareng temen temen biar kenang daya mas umur bisa neg chat kaya kecewa fitur roblox,negatif,positif
1,game nya udah bagus cuman jam malam bisa neg masuk cuman loading bisa neg begadang main nunggu sampe jam cuman biar main loading mulu udah kuota,negatif,positif
1,geme nya lumayan talu bugs risih,negatif,positif
1,suka crash sih ngapa neg ngapain,negatif,positif
2,gamenya bagus udah bisa neg main roblox laagi ram nya beesar,negatif,positif
3,roblox bisa neg izin foto video yah klo abis foto map gitu bisa neg save foto galeri akuu,netral,positif
1,lag game bagus cuman ramah neg kentang lag bug,negatif,positif
1,main nya seruu neg main main lawan zombi kalah raja zombi ess dapat neg hadia udah coba smaa aja dapat neg depan baik lagi yah main nya,negatif,positif
3,adain skin roblox cuman neg ava baju doang bikin bosen,netral,negatif
5,bisa neg chat kembaling chatting pliss,positif,negatif
5,roblox help game pass not notive,positif,negatif
1,suka neg gem,negatif,positif
1,update bagus bug,negatif,positif
3,the game fun but robux isn coming konntol,netral,positif
3,hubung server nya kadang koneksi putus periksa koneksi internet jaring bagus nonton youtube buka aplikasi lancar,netral,negatif
5,ada neg roblox,positif,negatif
3,seruu sii gamenya cuman bug nya suka wifi lancar jaya cuman ngechat umur seru neg bgt gimana mabar kalo nya umur update nya kadang update bagus kadang jelek banyak bug si neg vitur chat balikin chat bisa neg ngechat temen online kadang buka roblox salah sambung kouta wifi lancar nyebelin bgt,netral,negatif
5,uptade anjaaay,positif,negatif
3,game nya seru sedih karna bisa neg chatan temen temen harap moga chatan kaya,netral,positif
4,bosan neg asik pingin chat kalo bintang,positif,negatif
3,plis gimana dah daftar dah muak download kayak ingat langgar dah main roblox,netral,negatif
3,chat usia batas bisa neg bincang teman,netral,negatif
1,game kutuk angker,negatif,positif
5,cocok neg ram,positif,negatif
3,pls di neg hapus chat nya chat roblox kalo main teman kalo teman umur beda asik neg bisa neg ngechat bareng main orang orang umur nya verifikasi wajah kerja neg,netral,negatif
3,banya donlot roblox bilan upade,netral,negatif
2,aja,negatif,positif
5,tolong fitur chat kembali,positif,negatif
4,longor udah coba verifikasi ktp kaga scan,positif,negatif
5,bisa neg henti main game,positif,negatif
3,balikin fitur chat kalo balikin chatnya kasih bintang,netral,negatif
5,buguss tolong aman anak anak,positif,negatif
1,lag jaring bagus,negatif,positif
2,maaf gua hapus nya nya guras paket,negatif,positif
3,roblox seru banget kalo main map gitu kaya jarak liat neg gameplay paused disconnect kalo pakai senter map night the forest kaya bisa neg gerak tulis gameplay paused nya baik baik bintang moga notice developer nya,netral,positif
3,bagus gameplay nya verifikasi kasi umur removed classic face static face sih premium neg cloching roblox offsale sih nih game udah leave dasar game uang tuh komdigi nonaktif medsos tuh,netral,negatif
3,bagus maaf bet main ama temen leave sampe kali jaring bagus suka banget ngeleg,netral,positif
3,suka banget main,netral,positif
3,roblox dah udah update bisa neg chat batas chat umur bikin shirt bayar nya gratis asik neg roblox kocak,netral,negatif
3,gam buriqq,netral,positif
5,sensitif kali model ngetik neg kasar aduhh,positif,negatif
3,ramah neg kentang,netral,positif
3,roblox kali bikin fitur guna neg bilang guna neg bocil liar mic server bocil mic kali temu map game ingat orang tua semua neg anak harus neg turut bahaya banget anak umur main map orang dewasa,netral,positif
3,seru sih rasa kekang gitu loh chat,netral,positif
2,tau seru sih tapi diturunin mbnya neg dikitt aja maksimal udah jadi kalo download penuh foto kenang,negatif,positif
4,kembali chatttttttttttttttttttt,positif,negatif
1,game nya bagus neg,negatif,positif
3,roblox bisa neg chat atuh bosen,netral,negatif
1,login akun,negatif,positif
1,main roblox bikin blox balikin chat roblox,negatif,positif
3,baguss atur aneh,netral,positif
2,game nya bagus grafik bagus bagus nunjukin muka polytoria udh muncul ngapain event hunt hatch,negatif,positif
3,udah bagus cuman pas masuk map game nya stuck lancar jaring kenceng pas masuk map langsung stuck gerakin,netral,negatif
3,ngelag,netral,negatif
5,game jelas neg leg mulu,positif,negatif
3,bagus cuman ngk chat,netral,positif
1,gua kasi bintang kalo voice chat nya,negatif,positif
4,game nya lol aneh,positif,negatif
1,gema senang gelek wifinya gelek neg,negatif,positif
5,pliss cheter jgn banned permanen,positif,negatif
5,jelek,positif,negatif
3,game nya aja kotak kotak,netral,negatif
4,min main south bronx kaga masuk server kek,positif,negatif
5,aplikasi jelek rana pas download delta bisa neg seru tolong rework roblox tolong ulas nya,positif,negatif
4,bisa neg chat kasih neg bintang kasih bintang,positif,negatif
3,aneh game nya bagus suka disconect wifi lancar,netral,negatif
5,woy knp akun kun gue masuk,positif,negatif
1,game nya bagus punya neg sempat ketemu temen udah ada neg fitur ngobrol,negatif,positif
5,gila game saru bgt anjirr map nya udah mainin game nya update nya bgt brookhaven game seru brookhaven avatar katalog tower obby curi brainrot game cari temen,positif,negatif
1,amazing,negatif,positif
3,akun hilang kode kode nya masuk neg masuk email nya tolong baik,netral,negatif
5,gabisa login akun lama gimana caraya,positif,negatif
3,karna lot minimal lot neg,netral,negatif
3,jelek,netral,negatif
5,game roblox balikin chat plis,positif,negatif
3,game bagus kontaminasi update update perlu neg david basucki kikir komunitas brainrot avatar nya banyak realistis kartunis neg lego item classic face udah ciri khas roblox hapus maaf roblox bintang kondisi roblox baik bintang dah,netral,negatif
3,kasih bintang nya roblox ngk pake fitur chat,netral,positif
1,gamenya bagus chat dapet robux gratis tpi udah bisa neg,negatif,positif
3,balikin vitur chat nya kasih bintang,netral,positif
3,seru seru gitu,netral,positif
1,knapa update animasi brokhaven temen,negatif,positif
5,chat dibatasin pensiun polytoria,positif,negatif
3,voice ban sembarang,netral,negatif
1,seru banget bisa neg ngechat pakai email,negatif,positif
1,game nya bagus bikin suka neg batas usia kaya neg ada neg nya asik ngobrol bisa neg,negatif,positif
4,ngebug,positif,negatif
4,roblox dilogin sinyal bagus internet beli tolong baik developer,positif,negatif
3,kagak ngebolehin chat anj,netral,negatif
3,tingkat,netral,positif
1,bagus banget sampe log nya,negatif,positif
4,banyak gamenya banyak tipu gamenya tipu ngasih ujung ujung nggak,positif,negatif
1,baik roblox,negatif,positif
1,pdf nya,negatif,positif
3,seru sih kalo seru kasih robux,netral,positif
3,bisa neg cet,netral,negatif
4,udah robux sisa beli celana harga nya item nya masuk neg aneh banget robux kurang,positif,negatif
2,tolong nya ngle neg jaring nya bagusss tuhhh,negatif,positif
4,update kali seru neg verifikasi chat aneh,positif,negatif
2,halo from indonesia salam kenal tolong mimin roblox pas masuk roblox akun pake passkey bisa neg tolong baik kasih bintang karna kecewa,negatif,positif
1,game nya bagus tolong tingkat aman nya,negatif,positif
3,login uptude bisa neg masuk gamenya tolong developer bego neg deh,netral,negatif
1,game nya seru game berat ram suka lag,negatif,positif
3,salah koneksi,netral,positif
1,bagus sih teman orang nya chat nya hilangin bisa neg komunikasi bocil seru loh chat habis beli paket alias kouta gabisa roblox sih,negatif,positif
3,bisa neg chat roblox,netral,negatif
5,pesan suara kirim pesan,positif,negatif
2,game nya lumayan seru bagus deh,negatif,positif
3,game nya seru kadang ngecrash tolong baik,netral,positif
4,mending chat temen,positif,negatif
4,kasih bintang bisa neg chat,positif,negatif
3,update lambat,netral,negatif
3,seru banget,netral,positif
4,bisa neg ngechat,positif,negatif
1,bagus,negatif,positif
1,suka bug jaring bagus,negatif,positif
1,asik,negatif,positif
3,not bad all,netral,positif
3,tolong bug nyaa kuranginn keluar neg akun roblox suruh login lgi pas buka apk nya kadang susah bukaa apk nya tolong baik,netral,negatif
4,lag parah sih jaring aja,positif,negatif
3,bagus bgt main,netral,positif
1,game bajing,negatif,positif
5,main nya kayak jelas neg gitu susah lama enak mudah kendali,positif,negatif
3,bisa neg mabar tolong kembali fitur chat,netral,negatif
5,main jelek tidk bgus,positif,negatif
4,main brook suruh lambat gitu males banget tolong baik lgi pliss,positif,negatif
3,game pas masuk game nya error mulu logout pas main game ngecrash,netral,negatif
1,nya bagus chat bisa neg verifikasi wajah,negatif,positif
4,updet memori cepat penuh,positif,negatif
5,bikin neg bosenn,positif,negatif
5,jelek bagussss gimana jelasin nyaaa,positif,negatif
5,bisa neg,positif,negatif
3,buka chat nya verifikasi nnti klo aman verifikasi aman neg gimana,netral,negatif
5,hai roblox akun roblox bisa neg login hapus roblox sebentar mendownload tiktok memori cukup neg hapus tiktok download roblox login paskey bisa neg ingat eror coba esok coba ingat kali kali coba bisa neg tolong kembali akun,positif,negatif
3,roblox tenang chat bahasa inggris komunikasi sia sia roblox kasih fitur chat peduli uang anjeng mentang mentang anak tipu bagus sih update nya ngejaga terima neg bahasa inggris sia siain,netral,negatif
1,game ragebaiter,negatif,positif
2,main cdid jatuh,negatif,positif
3,bagus chat,netral,positif
3,udh naikin grafik nya mlh ngelag chat tolong baik biar ngelag,netral,negatif
4,update chat hapus anak anak bisa neg interaktif orang dewasa ketat roblox bagus anak anak bisa neg meverivikasi umur mau neg enak main chat,positif,negatif
3,kesini aneh jirr dulunya bikin shirt gratis pake robux bikin nya verifikasi nya kali muka poin minimal band kasar contoh sakit gitu player nya aneh jirr risih,netral,negatif
3,nya error kalo tengah main,netral,negatif
2,suka neg game,negatif,positif
3,pikir roblox udah serama neg orang orang sopan neg ngomong tim bisa neg ngomong susah komunikasi,netral,negatif
3,roblox nambag jelek sih dem favorit lih kayak gin,netral,negatif
5,gaburik kaya,positif,negatif
1,bintang karna bisah cet roblok,negatif,positif
3,game nya sih seru cuman bug gitu masuk roblox tolong baik studio,netral,positif
1,game nya seru neg haker orang akun ambil,negatif,positif
2,sebenernya seru kadruarsa bikin akun kadang update gitu update bisa neg,negatif,positif
3,roblox you have verify mail before age verify,netral,negatif
4,gaada chat orang nya sampe marah,positif,negatif
3,roblox tolong gamenya leg banget sinyal lancar simpan loading penget cari game error tolong baik ganggu banget tolong banget baik dah kemarin roblox pls baik kasih bintang,netral,negatif
3,aplikasi bagus isi game seru bug main eror silah coba bisa neg main pas update bisa neg dowload udh coba kali kali tetep bisa neg tolong benerkan mah sistem chat muncul enak neg banget menggangu nge chat temen roblox bisa neg nge chat,netral,negatif
4,bisa neg gencet malas,positif,negatif
3,hmmm game sih bagus masuk server warna abu chat batas turut sabar setip kertas boleh neg lag bug nya lamaaaa instal download deh,netral,positif
3,bagus banget plss cinta banget roblox batas usia gaada nama perarturan kaya mis roblox cinta roblok,netral,positif
1,gamenya bagus,negatif,positif
1,gamenya bagustapi scam saran main neg game bocil game roblox nama grow garden scam pet bagus nya hilang scam,negatif,positif
5,developer tolong baik lgi foto media bisa neg simpan suka nge bug mohon kerja nya developer,positif,negatif
4,roblox fitur brookhaven beda sodara tubuh bagus bisa neg,positif,negatif
3,bagus suka error banget,netral,positif
5,game anak anak,positif,negatif
3,aja seru sih,netral,positif
3,seru vitur chat nya ter batas usia ngeribetin temen online mabar temen onlinenya beda umur bisa neg ngobrol,netral,positif
4,jujur aja game udh main jujur aja suka roblox kaga bug mulu disconnect jarang pas kemarin kemarin update kaya gimana gitu chat batas jujur susah komunikasi jaring aman aja disconnect mulu barang ilang udh beli kembaliin roblox dulu,positif,negatif
3,bisa neg voice chat set update nyebelin bgt pas robux hargany naek,netral,negatif
4,there bug where the game just freeze and crash after pressing controller button except analog think need wait till this thing got fix,positif,negatif
1,suka banget game mah engga karna chat game nya pake ktp ,negatif,positif
5,pensi roblox udah main roblox chat udah batas neg,positif,negatif
3,game bug koneksi internet internet lancar,netral,negatif
1,robelox nuuup moga baca,negatif,positif
1,game nya sih bagus bisa neg chat temenku kasih rating bintang yeyyy,negatif,positif
1,game nya bagus sih tuh suka kalo fitur nya tuh ngilang kaya chat nya harga nya jirrrrtr,negatif,positif
1,seru bisa neg chat teman teman,negatif,positif
5,kode error,positif,negatif
3,apalh sinyak bagus kaga masuk perbaikin game nya,netral,negatif
4,knp item legs gaada marketplace,positif,negatif
3,lumayan bagus sesuai grafik volume suara tinggal baik koneksi map delay masuk map karna lagu hilang,netral,positif
4,bug,positif,negatif
3,skrng eror mulu harga marketflash mahal banget pdhal pernh neg beli robux vilog chat skrng batasin bener anjlok aja roblox,netral,negatif
1,game nya seru neg batas umur,negatif,positif
1,gem bagus bayak fitur main sayangya bayang heker orang orang toksik ejek avatar tolong aja roblok coba ben heker heker sial oke terima kasih dapat,negatif,positif
5,tolong gabung roblox akun dadak hilang akun punya neg sandi kait email anti akun hilang tolong kembali user akunke,positif,negatif
4,ngebag mulu tae,positif,negatif
3,ngechat,netral,negatif
3,david bazuka pake verifikasi usia woyyyy,netral,negatif
3,bagus sih cuman banget bug jelas neg kayak main gamenya putus jaring aneh kasih rating bintang aja,netral,positif
1,kontolllll,negatif,positif
1,game nya seru neg kalo main masuk neg kadang bisa neg masuk udah tungguin jarang main lag jaring nya bagus main game aja lancar,negatif,positif
3,kasih rating gin grafik game nya udah bagus game nya bagus sih batas usia bisa neg ngechat temen temen sih don like,netral,positif
3,chatnya batassin,netral,negatif
3,asik sihh ada neg robaxx robux sih bikin shirt robux boleh neg chat tuh sih roblox seasik neg,netral,positif
2,udah cat nya suara nya brookhaven gaada avatar sih tablet bisa neg,negatif,positif
5,dah masuk brookhaven koneksi gagal,positif,negatif
3,kembali chet mohon,netral,negatif
3,aja,netral,positif
5,hei jelek jelekin roblox mending maen nama game servernya maklumin ngebug klo beli item mahal beli ribet orang,positif,negatif
3,salah game loading game blox fruit buang tunggu jaring bagus stabil tolong baik pengaruh main dampak sebar main,netral,negatif
5,ngelek kimanah bikin gem nya gausah pake duit gerat,positif,negatif
2,tuduh ngecit,negatif,positif
3,bit disappointed because many people use scripts especially the blox fruit map,netral,negatif
4,maaf nih knp izin org tua dlu sih org tua ferivikasi pakek ktp cuman game verifikasi wajah udh,positif,negatif
1,ngelaggggggggggggggg,negatif,positif
3,suka chat nya hapus,netral,positif
3,please return chat,netral,negatif
5,want roblox able chat again please,positif,negatif
5,seru neg klo ada neg chat,positif,negatif
3,game nya map chat,netral,positif
5,roblox update,positif,negatif
2,developer tolong baik but robux donate robux orang publik pas udh nunggu robux nya masuk neg pending nya udh pas jam nya mohon baik bug ngalamin terimakasih,negatif,positif
3,woy daveed bazooka benerin tuh game belibet banget kayak batas chat usia age check fitur sampah lepas game nya seru,netral,negatif
1,kasih bintang bag map mohon baik terima kasih,negatif,positif
3,player nya caper ngambil anomali gebug,netral,negatif
4,age verification nya batasin predator anak roblox sepi dikit orang chat,positif,negatif
3,kesel bgt jujur pdhl bikin shirt tdiny gratis mlh jdi serba bayar uda fitur chat nonaktifin udhlh mles bgt jdinya main rblx kesini mlah seru neg,netral,negatif
5,akun hilang gara gara verivikasi langkah,positif,negatif
1,kasih bintang robloxnya bisa neg pesan teman bug diilangin,negatif,positif
1,bagus neg chat batas,negatif,positif
3,seru ngelag banget,netral,positif
3,pernah neg iven robux gratis,netral,positif
4,balikin chat,positif,negatif
5,perangkat kah robloxku eror bisa neg login,positif,negatif
3,bayank lobi nya rame kurang nya habis kuota,netral,positif
1,iklan ngeselin,negatif,positif
3,roblox akan neg bagus kalo mas fitur revertaccount fitur kena scam orang orang tanggung neg kasi bintang game nya asik,netral,positif
3,bug loding,netral,negatif
1,lumayan suka update bikin temen bisa neg ngobrol,negatif,positif
3,fitur chat,netral,negatif
5,game nya jelek bgt cik,positif,negatif
3,kasih robux gratis top,netral,positif
1,nomor ada neg indonesia,negatif,positif
3,roblox keluar fitur chat batas males main roblox temen bisa neg komunikasi orang back chat please,netral,negatif
3,bagus suka neg ngelek tolong kalo kadaluarsa usah neg suruh abdet kalo udah kadaluarsa bisa neg abdet hapus roblox nya hapus tolong baca terima kasih,netral,positif
3,gamr bagus suka ngelek jaring bagus,netral,positif
3,pas login akun bisaa woyy akun udh pake coooooooooooooooo,netral,negatif
3,updatenya bikin kesel ngobrol orang pake ngelihatin wajah game akan cuman orang dewasa roblox main anak kembaliin chat nya,netral,negatif
3,bagus tpi suka ngeleg,netral,positif
2,suka chat aja batas teman udah chat bisa neg bagus roblox update ngaco,negatif,positif
1,bisa neg masukin gem yaa tolong baik,negatif,positif
3,because can chat roblox,netral,negatif
4,fitur chat hapussssss,positif,negatif
3,game nya update bug ngebug freeze mulu ngelag neg,netral,negatif
5,game bagu tolong hapus fitur ngeblokir ucap tolong nya udah gitu aja,positif,negatif
4,login masuk,positif,negatif
5,ada neg chat main,positif,negatif
1,jujur suka roblox ngelag sinyal lancar bisa neg chat,negatif,positif
1,gamenya jujur seru online,negatif,positif
3,      ,netral,positif
3,apa knp sih hrs batas biar coba trs knp skrng upload clasic shirt hrs pake robux iya tau harga top murah smua orng bolehin top game nya bagus pilih map nya variasi,netral,negatif
3,ada neg chat,netral,negatif
3,game nya sih bagus chat nya hapus,netral,positif
5,chat roblox pliss,positif,negatif
3,gamenya sih chat,netral,positif
3,lumayan mantap,netral,positif
3,apa game bikin baju bayar udh capek capek jam nyariin mentah shirt bayar dah komunikasi batasin,netral,negatif
4,tolong kembali cat obrol,positif,negatif
5,update bisa neg chat nya chat kembali bintang,positif,negatif
5,chat,positif,negatif
3,main roblox game nya dpi nya main map ada neg tombol tolong baik bug nya,netral,positif
5,yah kalo mic chat nunjukin wajah kan neg roblox update bisa neg ngechat temen seru loh ngobrol semenjak roblox verifikasi bocil bocil nya demo njirr brokhaven ,positif,negatif
3,seru bug hacker batas usia roblox tolong baik ya,netral,positif
1,bagus rating gabisa chtan,negatif,positif
5,bisa neg masuk server,positif,negatif
5,males ngetik bey,positif,negatif
1,kuat sinyal nya turun biar macet neg sinyal nya bagus bisa neg main roblox please,negatif,positif
5,jelek bgt update skrg knp verif umur nya gituu susah ngobrol tmn virtual skrg tmn gbisa buka chat dasar tolong rubah karna update terima neg guna roblox,positif,negatif
1,game,negatif,positif
3,jujur gamenya seru bug kadang item hapus alas gasuka atur dibatesin chatnya gara gara fitur pernah neg ngumpul temen temen komunikasi temen susah pake scrip kaya tolong paham dapat saja,netral,negatif
3,game nya bagus chat roblox butuh kamera ktp ngebag ngeleg wifi nyalaterus ngeleg moga chat roblox amin,netral,positif
4,lag,positif,negatif
5,aneh roblox kasih fitur wajah hapus aja fitur wajah biar main pakai chat komunikasi,positif,negatif
3,sering neg update gen tau akuin seru,netral,positif
1,suka ngelag ganggu,negatif,positif
3,nya seru pas chat orang seru seru nya situ,netral,positif
1,kasih bintang cuman temenin teman sepi aja sih nama jih tiremakasih,negatif,positif
3,can you return the fake headless,netral,negatif
5,akun bapa puas fitur batas usia karna nya wajah disimpen hapus langsung verifikasi roblox bikin atur foto disimpen disimpen sample kasih bintang biar top,positif,negatif
3,gamenya seru chat asyu,netral,positif
3,bilang jelek bilang bagus terlalu,netral,negatif
4,game kadang kadang ngeheng kali hilang,positif,negatif
1,game bagus,negatif,positif
3,ada neg chat mic,netral,negatif
3,tolong roblox ada fitur rotasi biar kalo main map nyaman,netral,positif
1,bagus banget roblox,negatif,positif
3,game burik banget,netral,negatif
3,masuk map blox fruit bet chat game gblk,netral,negatif
2,nge lag,negatif,positif
1,gamenya bagus pliss obrol bebas kayak aku neg kasih rating buruk roblox,negatif,positif
1,game nya bagus smua cmn kadang game dead game harga robux lumayan murah fitur baru baik coba nge foto ktp sim apa hasil neg bisa neg komunikasi fitur tolong kembali fitur suka banget roblox pas udah uninstal,negatif,positif
3,game seru bahaya anak bawah bawah anak bisa neg henti main roblox,netral,positif
1,game nya bgus cuman batas usia chat nya hilang tolong baik chat nya,negatif,positif
3,suka sayang chat,netral,positif
1,amdednya bagus neg jir,negatif,positif
3,roblox nambah lagg masuk map aja langsung hpku lagg tolong baik ya,netral,positif
3,seru tpi kdang jelek,netral,negatif
1,roblox seru engga bias chat,negatif,positif
5,bisa neg,positif,negatif
3,seru pake voice chat aplikasi,netral,positif
4,this game crazy they are have unlimited game and one hundred viral game steal brainrots but why chat deleted,positif,negatif
2,seru ringan berat jaring lancar grafik rendah,negatif,positif
5,game burik,positif,negatif
5,game guna neg,positif,negatif
3,error bs neg mancing,netral,negatif
3,bagus sih kadang patah patah bug gua kasih bintang,netral,positif
1,bagus,negatif,positif
5,bagus jelek,positif,negatif
1,tolong resale bobux cloud playpoints,negatif,positif
5,game susah hapus tolog,positif,negatif
3,seruu,netral,positif
1,tdk bagus,negatif,positif
5,you detected words hostile but not the hacker front your monitor just useless game,positif,negatif
3,app bagus dev nya dongo chat batas dah dah verifikasi umur pake muka apain muka yah poko game bagus dev nya benci suki,netral,negatif
2,game keren teman game tinggal sepi,negatif,positif
5,ada neg age verifikasi,positif,negatif
5,please return roblox chat,positif,negatif
3,lumayan seru kadang suka lag suruh update pas udah update gitu gitu aja map nya karna vitur chat leluasa neg komunikasi orang kayak sepi,netral,positif
5,ngeleg sii,positif,negatif
2,game nya seru banget sampe henti neg main plis balikin chat nya,negatif,positif
4,kembali chat roblox,positif,negatif
3,game nya bagus banget kembaliin akun,netral,positif
3,roblox udah bagus bikin kesal usia tulung kembali roblox,netral,positif
3,seru seru aja sih,netral,positif
4,not good because the chat feature,positif,negatif
3,ava roblox nya ilang trs suka patah klo main map udh coba hapus hbs download aja hasil nya coba matiin ulang restart aja patah gmn nih roblox tanggung,netral,negatif
4,karna chat kalo chat verifikasi umur balikin chat roblox,positif,negatif
3,ngeleg kalo main pake wifi,netral,negatif
3,enak enak main gameplay paused kali kali lumayan bug bagus bawa item,netral,positif
3,plis tolong geme roblox offline neng neng main roblox rela pokok neng banget kalo roblox offline mau neg abisin data main roblox,netral,positif
2,game candu,negatif,positif
4,karna komen jadu gin aja,positif,negatif
1,gamenya bagus min minus nya player cheat di neg banned nyusahin orang aja kalo pake cheat,negatif,positif
5,pls chat ada neg usia susah kalo ngasih item gabisa bilang tolangya baik,positif,negatif
1,geam seru,negatif,positif
2,seru karena neg fitur chat hilang umur kasi,negatif,positif
3,game seru aja sih ngga suka game fitur chat batas ngebuat ngga chat tmn iya sih aman tpi klo sensor aja udah kok harga item nya mahal bgt beda sma org marketplace nya murah bnyk item udah beli tpi hapus bnyak pake script game nganggu bgt bnyk map roblox jdi dead game contoh nya gag grow garden,netral,positif
2,gamenya bagus pas log bisa neg tau pwnya,negatif,positif
5,game fish nya susah banget tolong mudah,positif,negatif
1,game nya udah bagus cuman bisa neg main game favorit suka ngestuck logo bisa neg masuk tolong fix,negatif,positif
3,pas coba enak banget,netral,positif
3,komentar batas dikit sensor toxci neg,netral,negatif
5,di neg update mulu napa jalan nya bisa neg main evade fitur chat nya,positif,negatif
5,samsung like system not found,positif,negatif
3,roblox support lambat beli premium terupdate neg premium,netral,negatif
4,rangin bintang karna batas usia obrol chat roblox,positif,negatif
5,game bugs error bugs raja rela hapus moga depan nya tolol nih game owner map kecewa tau backdors emng bugs roblox nya moga baca sengaja kasih reat biar unggah roblox semvak salam kalj maen game semvak,positif,negatif
4,susah bangt mic pas kamera muka burem pas nyoba ktp foto bilag jelas neg mulu senter idah huhu pas ngirim pesan jujur bagus sih game nyaaa,positif,negatif
1,bagus,negatif,positif
5,roblox tolong sensor neg chat mulu sopan gada kandung bahasa kasar apa,positif,negatif
1,bang maaf game sistem galau vidio nya tik tok bagus,negatif,positif
1,game bagus enak,negatif,positif
1,abdet nya bagus neg,negatif,positif
5,kembali chat,positif,negatif
2,pata pata main,negatif,positif
2,game nya bagus map nya bagus map and bisa neg chat lgi sesuain umur bergaull kreatif sih org main roblox fitur,negatif,positif
4,chat bareng orang,positif,negatif
1,game nya bagus fitur chatnya tolong buka biar perlu neg verifikasi usia bisa neg ngechat teman tolong banget fitur chat buka biar seru,negatif,positif
3,roblox memori nya ngeleg ngeleg game pas main game roblox kadang youtube tolong baik ya,netral,positif
4,verivikasi umur udah bisa neg pake chat deh,positif,negatif
5,server tingkat karna player,positif,negatif
3,update nya ngawur aneh batas usia fitur chat lock dll bikin males main,netral,negatif
2,seru polll gem nya chat enatt bet jirr kesel sumpah chat,negatif,positif
3,ngelag,netral,negatif
5,delete the brainrot game bro,positif,negatif
2,suka nhga apdet,negatif,positif
5,jelek banget cuman kasih bintang lima kalo kasih bintang unlimited aku,positif,negatif
1,main gem nama sunam branrot pentung radioaktif pentung tau neg mati mati jalan,negatif,positif
4,fitur chat kaya plis enak neg banget sekarang,positif,negatif
3,seru bom org chat,netral,positif
2,bagus cuman suka ngomong kasar playernya,negatif,positif
3,the game indeed fun but feel uncomfortable and annoyed because years old and say years not fair please fix the immediately and return the old roblox,netral,positif
3,don really recommend for some people this time,netral,negatif
1,suka dis conek wifi lancar,negatif,positif
5,roblox kembali vitur chat,positif,negatif
3,tida fitur chat,netral,negatif
3,kembali chat,netral,negatif
1,      ,negatif,positif
4,request open the chat roblox without age restrictions because reducing the roblox community ,positif,negatif
3,bagus seru,netral,positif
3,game bagus lag pas log akun,netral,positif
1,settingnya bugh,negatif,positif
3,maaf kasih bintang nya udah demo ngecet sampe ngecet balikin kangen roblox disa ngecet ngobrol,netral,positif
2,ayo roblox kembali voice chat bisa neg komunikasi,negatif,positif
3,game nya lot,netral,negatif
3,akun gampang ban,netral,negatif
5,kembali chat,positif,negatif
5,zepeto neg,positif,negatif
4,leg parah banget pas masuk gabisa hidup jokowi,positif,negatif
3,game nya bagus cuman robux nya gratis neg aja,netral,positif
4,kurang bug kmrn beli baju lama neg dipake baju hilang robuxnya dikembaliin neg,positif,negatif
5,tolong hilang bug game pause jaring bagus ttp muncul game pause,positif,negatif
3,bagus sih script anj,netral,positif
4,umur nya atas ngobrol,positif,negatif
3,seru offline,netral,positif
1,beban,negatif,positif
1,game tempekkkkk,negatif,positif
3,plis chat ada game seru loh,netral,positif
3,gamenya seru tolong chatnya gitu biar ngobrol ama temen bisa neg ngechat bosen main kayak game swarma obby tower panggil temen udah gabisa,netral,positif
3,chat,netral,negatif
5,tolong roblox chat voice chat,positif,negatif
5,tolong kembali akun udah rawat bisa neg login pwnya ganti neg salah udah top robux situ,positif,negatif
3,yaudah sih game tunggu magrib,netral,negatif
4,malas batas fitur chat,positif,negatif
5,roblox robux avatar jelek suka roblox moga tembus robux amin,positif,negatif
3,bagusss,netral,positif
4,bintang nya update kali jelek,positif,negatif
3,bagus suka game nya game banyyak map robux nya mahal sih murah bocil main barang nya murahin minus nya chat verifikasi bug nyaa kalo udh map main main toxic ngeselin seru game nya knp bintang chatan temen emang game rada oon,netral,positif
3,gelek,netral,negatif
4,roblox kikir njr,positif,negatif
3,uda bisa neg chat hapus pulak klasik face emang update roblox aneh rokep,netral,negatif
4,game ada neg chat susah cari temen,positif,negatif
3,bisa neg chetan suka neg kadaluarsa roblox dorong iyuhhh,netral,negatif
3,sih suka main game knockout tolong hapus age verification kembali chat,netral,positif
3,baq,netral,positif
3,good,netral,positif
3,chat roblox,netral,negatif
4,kadamg game nya suka keluar,positif,negatif
2,game nya sih seru game mesti script nya update seru contoh nya batas umur chat tolong baik game nya main rasa neg kecewa,negatif,positif
1,game ngelag bagus kasih bintang,negatif,positif
2,lumayan nya suka upgrede habis simpan gue gara gara roblox,negatif,positif
3,game burik,netral,negatif
3,bagus baya mengdoulot uras paket,netral,positif
3,gameplay nya enak opini kentang ngecrash,netral,positif
3,game nya seru knp akun nya kadaluarsa plisss gimana dondwl lgi tpi kadaluarsa,netral,positif
1,kurang,negatif,positif
3,seru sihhh robux item nya mahal,netral,positif
3,makasih boss,netral,positif
1,minimal update bagus yak kali kalah ,negatif,positif
5,udah pass game roblock,positif,negatif
3,game sebenernya bagus ngeleg dikit,netral,positif
1,game nya update nya bagus woi,negatif,positif
5,top tpi bisa neg,positif,negatif
5,udah bisa neg ngobrol,positif,negatif
1,game besar minimal,negatif,positif
5,jelek bantu neg anak berfikir,positif,negatif
3,bagus game nya chat seru izin ortu duluh chat seru bosen main game roblox,netral,positif
3,chat hilang roblox rame gara gara bocil rusuh,netral,negatif
1,baik tolong,negatif,positif
5,gamenya bug,positif,negatif
5,mabar bareng teman saudara kesal bisa neg chat diroblox tolong chat henti resah orang moga diroblox chat voice,positif,negatif
3,game nya seru update mulu,netral,positif
1,gamenya seru banget tolong chat kembali susah ngchat,negatif,positif
5,bugus bikin neg bosen,positif,negatif
4,roblox sih bisa neg ngelag udah unjung game,positif,negatif
5,bisa neg obrol teman kecuali voice note pake ktp,positif,negatif
5,kecewa simpan rambut salah faham hilang oke gua tambahin bintang,positif,negatif
2,suka update lnya roblox lupa neg kasih robux,negatif,positif
3,yah pas pakai mouse click sembarang ngecrash pas sentuh touchscreen click crash neg tolong baik mohon,netral,negatif
5,optimal chat,positif,negatif
5,tau neg ,positif,negatif
5,chettttttt,positif,negatif
3,asliny bagus sistem chatny verikasi carany ribet banget kuturunin bintang,netral,negatif
3,asik,netral,positif
1,sedih rambut hilang avatar,negatif,positif
3,game nya aja bagus,netral,positif
3,halah jembod,netral,negatif
3,buriq grafik sngt sngt buriq baik buriq grafik dari neg hape nya roblox nya mohon baik,netral,negatif
1,balikin fitur chat pls,negatif,positif
1,bagus banget game nya keren inti kasih bintang yaaa,negatif,positif
3,roblox apdet,netral,positif
3,suka gamenya kolo sih gamenya diupdate pas main tuh boros kouta banget kolo sih update,netral,positif
5,gemnya burik banget boong asli gemnya bagus banget,positif,negatif
3,bisa neg kirim pesan,netral,negatif
3,game naya bagus bisa neg masuk kaya setang jaring bagus bisa neg masuk roblox nay,netral,negatif
5,roblox udah kadaluarsa mending main plytoria geme bisa neg chat teman pas gua main deskonek gua udah pasang wifi,positif,negatif
3,cocok isi luang plate form seru kadang ngecheat sus,netral,positif
2,seru seru,negatif,positif
1,game nya bagus suka main game tolong update roblox nya seru neg bosan tolong update nya sesuai,negatif,positif
3,bintang sih ngeselin koneksi putus klo wifi dah bener kagak cek usia ngeselin ngobrol susah cape dah ngikut atur atmin,netral,negatif
3,game bagus game brainrot game,netral,positif
1,seru banget suka ngeleg terimakasih,negatif,positif
5,bring back chat roblox,positif,negatif
3,game nya bagus suka,netral,positif
5,chat,positif,negatif
3,game bagus plis developer sampe dibatasin chatnya mabar teman ganggu main disconnect plus masuk roblox dapat neg hubung server jaring kuat update kembali chat baik servernya,netral,negatif
3,bintang fitur chatnya hapus please fitur chatnya kembali,netral,negatif
1,mohon kembali akun roblox bayar,negatif,positif
5,lag tolong baik,positif,negatif
3,game nya bagus kayak dikit dikit bug karna pas main lag bgt emg suka ssih tpi suka neg masak iya akun hilang rugi sih neg main nya tahun yap nya banyak lho fitur chat nya nunjukin umur gasuka bisa neg chat bocil when gasuka,netral,positif
3,suka tapi leg mulu,netral,positif
1,game nya seru,negatif,positif
1,suka ngebug jalan,negatif,positif
3,game anomali kebanyajan,netral,positif
1,langgar,negatif,positif
3,apa anjir accessories naikin harga nya mikir nih kismin standar standar aja harga nya ngotak banget anjir btw bagus bgt anjir gem nya kak gem awoakowkwkw,netral,negatif
1,download nya,negatif,positif
3,game nya bagus seru baik salah main alam ulang kali game game online bisa neg chat orang teman tingkat cakap kita,netral,positif
1,always experience obstacles when playing roblox and makes annoyed,negatif,positif
5,why was the chat feature removed please bring back the chat feature,positif,negatif
4,knp kasih bintang karna chat udah,positif,negatif
3,jam malam roblox suka error bisa neg login,netral,positif
1,game nya bagus sih udah bisa neg liat chat udah verivikasi tuju emang lindung anak anak opsi pilih grup batas umur tida pilih milik bebas chat main map map kerjasama kunci,negatif,positif
3,knp sih update pas main kode eror trs,netral,negatif
1,plis murahin robloxian pls,negatif,positif
3,ngebug dah sinyal bagus ada neg disconnect bikin capekkkkk trs update nya batas umurrrrr aahhhhhhhg seeppppiii,netral,negatif
3,batas usia bug ganggu,netral,negatif
5,macet mulu jelas,positif,negatif
5,update brookhaven bisa neg laku,positif,negatif
5,main toxic apa neg apa,positif,negatif
5,live bisa neg masuk,positif,negatif
3,lumayan,netral,positif
2,banget roblox april,negatif,positif
1,gravik nya bagus englek banget,negatif,positif
3,aja,netral,positif
1,game nya lumayan bagus tolong kembali vitur chat,negatif,positif
1,suka gelek bikin orang marah,negatif,positif
3,gabisa krim pesan,netral,negatif
4,kembali chat nyaaaaaa,positif,negatif
4,akun ilang,positif,negatif
5,kembali chat kmi mic,positif,negatif
5,tolong fitur chat balikin,positif,negatif
3,login blox fruts bisa neg alas nya roblox tanggap neg,netral,negatif
4,chat roblox hate the current roblox,positif,negatif
5,gakbisa chat,positif,negatif
4,rumayan main komunikasi lain,positif,negatif
1,halo roblox knp download habis dowload roblox baru negara baru negara roblox baru plis tolong roblox nya plis roblox nya sus baju nya plis roblox kek gitu loh plis oyah roblox prayer roblox udah pensiun,negatif,positif
1,karana main paksa ubgrab roblox,negatif,positif
3,game nya bagus bug nya,netral,positif
3,bagus,netral,positif
3,geme bagus apdet bisa neg chat teman,netral,positif
5,terima neg upd jir mah upd nya bagus bagus aja kalo chat batas umur main tinggal main loh ngapain sibuin chat kalo suka neg upd roblox main kalo orang baperan,positif,negatif
4,sering neg update,positif,negatif
3,game bagus kembali fitur ngechat,netral,positif
3,david badzuki pls voice chat nya adain,netral,positif
1,game nya bagus banget tapiii chat nya hapus kayak anjingg suruh vrevikasi kaliii bikin emosiii,negatif,positif
3,game erorr erorr nya masuk akun batan chat usia,netral,negatif
3,game mah bikin bisa neg join akun chat bisa neg brookhaven aja bikin obrol cepat tolong balikin ganti robux butuh ganti rugi,netral,negatif
1,bunda boleh neg main roblox nya,negatif,positif
3,udah bisa neg chat bareng usia seru neg ,netral,negatif
3,game sesat ajar anak buruk adegan dewasa game ownernya kikir,netral,negatif
3,baguss cuman pling bkin kesal hari main neg game hrus upgrade trsss,netral,positif
3,roblox sihh kecewa update tan ken player pindah game pls kali aja kasi update tan bagus harga rambut nya beda akun akun,netral,negatif
4,enak chat robloxnya loh hapus kasik huhuhu balik chat roblox gema kasik nilai hiiiiiiiii,positif,negatif
5,kembali uang roblux,positif,negatif
5,game bikin bosan neg,positif,negatif
1,don really like the latest update sorry roblox please remove the current features much possible okay,negatif,positif
2,gamenya bagus engak ngobrol,negatif,positif
4,this game actually very good but some the game options take too much storage space and make the phone hot and crash the way this only for phones that can said low type this can happen and one more thing this game drains the battery too quickly and has annoying bugs hope review can noticed the developer,positif,negatif
3,this fun but roblox deleted chat,netral,positif
2,sih suka chat,negatif,positif
5,yeah don like this game many toxic people,positif,negatif
3,enak neg update,netral,negatif
3,bisa neg ngechat ,netral,negatif
2,roblox bagus semenjak update,negatif,positif
3,the game good but because there age restriction for chat don really like,netral,positif
3,bagus update nya gaje,netral,positif
3,lumayan seru ngeselin,netral,positif
1,main roblox,negatif,positif
3,apa main scp night bisa neg miringin layarnyaaaaa gjls banget cokkkkkk admin bener kauuu,netral,negatif
3,game kocak org hujat org fitur chat nya batesin umur pake email orang tua ngedektesi rumah dimn hack pake you are idiot hahahah pikir lucu hah roblox any trus gimana chat ama abang trus temen dibatesin neg pilih kasih,netral,negatif
1,main nya bikin orang stres di neg download gaes,negatif,positif
3,kenang,netral,positif
3,kadang klo msk map evd nungguny bgt,netral,positif
3,gamenya bagus banget bugnya kadang ngeleg kadang disconnect wifinya kenceng banget,netral,positif
5,suruh uninstall suruh download versi baru org versi baru deteksi tau pdhl pake roblox normal normal aja tolong developer tolong baik pakai bintang liat,positif,negatif
3,hacker scripternya tebar klo hackernya gpp banyak ganggu player udah report ban adminnya,netral,positif
4,the gameplay good but why there age limit chat with friends there shouldn age limit roblox that children will enjoy playing and making new friends,positif,negatif
1,woy game seru bug roblox lok,negatif,positif
4,macet yaaa memori ipad nya,positif,negatif
3,min tolong baik koneksi nya jelak bagus,netral,positif
3,game seru chat nya hapus,netral,positif
1,game nya bagus ,negatif,positif
1,kembali chat pls,negatif,positif
3,bagus sayang pas update scan muka map seru neg map sepi makasih update trusted connection nya dev roblox moga depan baguss,netral,positif
5,akun bisa neg login,positif,negatif
3,tolong roblox main roblox upgrade,netral,positif
3,bagus,netral,positif
2,game indie ter habis data seru seruuuubanget tantang,negatif,positif
2,lumayan,negatif,positif
2,bagus,negatif,positif
5,alis alis ganti kalo ngecrash wajar donk biar salah gaul gaul orang dewasa anak beda admin roblox takut anak umur salah gaul kena leceh orang dewasa batesin usia chat nya,positif,negatif
3,bagus tpi nya hekr mohon perhati klo anak main game nnti nya sadap,netral,positif
4,susah banget buka nya udah wifi nya tetep coba,positif,negatif
3,gamenya bagus,netral,positif
1,talon and wildesss anjingggg,negatif,positif
3,gamenya bisa neg chat disconnect gamenya bagus orang jelas neg,netral,negatif
3,servernya ngelaggg plis benerin,netral,negatif
1,hebehehdn,negatif,positif
2,lumayan,negatif,positif
5,why can play blox fruit please help roblox,positif,negatif
4,chat nya kembaliin pls bisa neg komunikasi,positif,negatif
2,game nya seru sih update memori,negatif,positif
3,bagus,netral,positif
1,suka neg roblox karna suruh apgred apgred bisa neg mainin,negatif,positif
2,bagus bgt,negatif,positif
5,bisa neg chat roblox,positif,negatif
3,main seru banget,netral,positif
5,gamenya burik bisa neg jumshoot glowal,positif,negatif
3,seru,netral,positif
3,game gabisa download,netral,negatif
1,game nya bagus,negatif,positif
3,plis update guna,netral,positif
5,please verifikasi neg wajah gmna chat roblox tolong baik kembali,positif,negatif
5,game nya jelek,positif,negatif
1,bagus,negatif,positif
5,give stars because this game very exciting because there are many maps that can played you can play with friends but why doesn roblox chat anymore miss the old roblox and that from and thank you roblox,positif,negatif
3,geme nya bagus segi map bagus mohon maaf maksud verifikasi muka muka private mohon maaf update nya buruk rekomendasi neg geme bingung lag disconnect jaring lancar bagus tolong soksibuk neg,netral,positif
3,maaf rating aja chat ada neg,netral,negatif
1,game busux,negatif,positif
3,kembali chat,netral,negatif
1,idc,negatif,positif
3,updatenya bosen main ,netral,negatif
4,kecewa roblox dilay neg dilay parah tolong baik leg nya device pada,positif,negatif
3,voice tolong kembaliin yaaaa,netral,positif
3,tolong divice game freeze screeen nya aman aman aja lebih nya aman masalah mic bocor coba,netral,positif
1,burik,negatif,positif
3,game seru teman dgn orang main,netral,positif
1,game seru pas kakek dafit ulah neg,negatif,positif
3,roblox chat nya batas tolong hilang atur bisa neg komunikasi langsung chat batas hilang neg fitur kecewa,netral,negatif
1,ken game poppy playtime sampe nyaa cuman chapter poppy playtime nya,negatif,positif
3,nge bug,netral,positif
1,lumayan bagus,negatif,positif
5,banyak bug login bisa neg main kare login neg,positif,negatif
3,habis update nge lag bolak roblox tanggap neg main henti jalan,netral,negatif
2,game seruu banget banyak update udah gitu kalo play store nya tutup handphone nya mati nunggu ulang nge update nya udah update nya makan kuota kalo ulang mood neg nya main roblox kadang asik kadang,negatif,positif
5,tolong kembali fitur cet nyah sayah main belox feruit susah komunikasi orang pls sayah roblox,positif,negatif
1,rutin main error code rutin sih fix bug plss,negatif,positif
3,gamenya aja bagus fitur bisa neg ngobrol temen aja verifikasi muka,netral,positif
3,game nya turun nya chat di neg hilang,netral,negatif
5,game keren mabar ganti nama yah tolong hilang update gajelas bubar,positif,negatif
5,update,positif,negatif
1,jaring udah bagus main map ngelag banget,negatif,positif
4,suka game filter nya pls roblox why there age verification can give assignments talk best friend roblox can you turn roblox chat back public,positif,negatif
5,knp roblox nya bisa neg join server nya tolong update moga baca bisa neg join server,positif,negatif
4,plss remove the age chat cant send mssge friend again,positif,negatif
2,pas main ngelag banget map nya seru gabisa chat asik neg,negatif,positif
3,sma kerbau salah raja korea salah raja korea zaman kuno tahu asteroid,netral,negatif
3,verifikasi umur baca tau walupun awet muda pas verifikasi error gakbisa verifikasi gimana dah roblox sulit neg main gem,netral,negatif
4,hitur chat roblox davit basuki,positif,negatif
4,kasih bintang rangin bintang roblox tembok usia chat orang umur,positif,negatif
2,knpa robloku pas mic kluar aplikasi,negatif,positif
1,banned avatar zepeto jing maaf kasih bintang udah banned avatar zepeto nya kasih bintang,negatif,positif
3,seru banget,netral,positif
3,bug jelas neg game nya tolong baik kadang lompat tolong banget vivo simpan sinyal knp ngeleg lanjar neg game mohon baik trmks,netral,negatif
3,koneksi hilang sinyal kouta plis tolong benerin,netral,negatif
5,game par pilih tungguin orang cetnya jelek,positif,negatif
3,sorry please why iam lagging vro,netral,negatif
3,tutur nya bagus susah deket denga teman karna mode chet nya bisa neg,netral,positif
3,ganesa,netral,positif
3,udah bagus sih game kasih bintang bisa neg chat orang kenall main malam hutan bisa neg bicara kalo merekaaa please kembaliin roblox,netral,positif
3,please fix the bug updated there free body brokheven but there isn and return the chat,netral,negatif
2,gamenga sofar good teriak game uras kuota,negatif,positif
2,game,negatif,positif
5,sih neg keluar neg,positif,negatif
3,apa kdang kgk login,netral,negatif
3,tuju kalo ada neg chat roblox game nya seru mas bug tolong baik,netral,positif
3,kalo upd,netral,positif
1,bagus suruh baru mulu,negatif,positif
3,bagus banget game nya tolong kembali fitur chat plis mohon,netral,positif
3,kasih chat nya,netral,positif
1,halo plyer roblox comeback roblox update vrikasi umur seru plis kenapaa hrus verikasi umur pliis kayak why kayak plis,negatif,positif
4,chat roblox kalo chat ngomong kasar kasih ingat,positif,negatif
3,jelek bgt koneksi nya,netral,negatif
3,masuk nya pental tolong baik,netral,negatif
3,tambah fitur pindah lokasi negara add country location change feature,netral,positif
3,                    ,netral,positif
3,woi roblox tuh sih akhir updatetan roblox bagus neg verifikasi wajah coba kau lihat game roblox tuh updatetannya game anak sim neg woy kau tau game turun drastis kalo kau update game kau update hidup pria solo,netral,negatif
5,diperbaikin game nyaa main game lag game ngga bener aja,positif,negatif
5,kagak update maaf kalo udah marah,positif,negatif
3,bisa neg negarakuu,netral,negatif
5,game apdate terusss kesel bikin mood neg,positif,negatif
3,main time bomb roblox ngelag bgt kali oke kali kali makasih min dengar,netral,positif
1,gem bagus seru mai brookhaven,negatif,positif
5,game nya jelas neg orang main strongest battlegrounds aneh lompat kena skill orang lompat,positif,negatif
3,bisa neg ngobrol oke bagus pas loading ngelek,netral,positif
5,aplikasi jelekkkkk,positif,negatif
3,suka main nya bisa neg chat chatan bosan bisa neg komunikasi suka dengn main oby tower tower chat chatan chat nya buat dari neg roblox nya,netral,positif
5,game aja fitur chat pake verifikasi usia pake muka umur muka beda,positif,negatif
2,game nya bagus sayang nya bisa neg ngobrol temen karna batas usia remaja anggap umur mohon developer baik,negatif,positif
2,game nya bagus minus fitur layar tolong ganti bentuk segi gtu loh biar enak klo masuk map langsung layar ubah kembaliin chat komunikasi woii,negatif,positif
1,moga ada neg batas usia,negatif,positif
1,enga dape,negatif,positif
1,pls chat batas umur,negatif,positif
5,ngelag,positif,negatif
4,ngeselin update bisa neg bulu bisa neg chat ngl update suka neg seru main mau neg update memori penuh bisa neg deh udh usah neg download dehhhh,positif,negatif
5,gem kontol,positif,negatif
3,lumayan asik,netral,positif
5,napa roblox kena bug black screen nih tolong baik,positif,negatif
3,game enak main nya sih,netral,positif
3,dah seru chatnya,netral,positif
3,suka game sayang bisa neg chat komunikasi neg teman sahabat game gantung umur terlalu neg bebas main harga robux mahal apa neg beli robux mama bilang bulan,netral,positif
3,gemenya bagus sih tpi pas dikit map ulang kaya developer karna orang butuh tutor jdi masuk geme,netral,positif
1,upgrade,negatif,positif
4,tolong chat,positif,negatif
1,jancokkkk,negatif,positif
3,game nya bagus chat nya untuk neg coba,netral,positif
3,kecewa plis kasih suprise chatan neg org temen ken era kasih akrab org bahagia potong tiktok aja udh protes tuh yapping coba kasih update selamat nyambung di neg potong bahagia org,netral,negatif
3,bagus sih tpi batas usia nya butuh komunikasi kali,netral,positif
1,aga lag gamenya,negatif,positif
5,enak main ada neg parah parah,positif,negatif
3,lag parah udh chat lgi skrg seru skrg roblox mending pindah game,netral,negatif
5,game anak napa verifikasi cuman remaja main roblox anak game lupa kalo anak and cmn butu chat snjga gua ksi bntng biar keup,positif,negatif
2,suka game update neg,negatif,positif
4,gabisa topup,positif,negatif
1,mainin robloxnya,negatif,positif
3,roblox lumayan seru,netral,positif
5,game tlol gabisa install,positif,negatif
5,update sampah,positif,negatif
1,maaf bintang game nya bagus aku neg suka verivikasi umur proses nya mohon game nyah ngebug lelet macet internet lancar mohon perbaikin,negatif,positif
1,s e b e n a r n y a g a m e i n i s e r u t a p i s e m e n j a k g a k a d a f i t u r c h a t n y a j a d i k i t a g a b i s a n g o b r o l d i m a p,negatif,positif
1,game nya bagus bagus kasih bintang,negatif,positif
5,why can update roblox please tell how update,positif,negatif
1,dlu suka main roblox update main neg ribet bisa neg chat cek umur dlu kayak neg dlu bebas,negatif,positif
4,gabisa chatan kaya,positif,negatif
1,game nya seru chat roblox nya bisa neg kasih tugas pas main the forest bisa neg ngobrol lucu pls kembaliin chat roblox ,negatif,positif
1,game bagus bisa neg chat teman batas chat kesal bisa neg chat,negatif,positif
3,game roblox bagus pas updet roblox masuk akun suruh ganti pasword udah coba gebak bisah neg moga baca akun rajamod beli udah masukin email bisah neg tau udah youtube beda,netral,negatif
5,gasuka update nya karna chat batas lihat noh demo cepet balikin chat plissss,positif,negatif
3,bisa neg gechat,netral,negatif
1,pokok suka neg suka yelek bisa neg ngobrol teman,negatif,positif
3,gabisa beli robux,netral,negatif
3,davide bazuky why did you change the chat feature requiring you check your age you know even your words you said that this roblox update will make the system stronger you lying there even youtuber who made roblox map but that map can hacked then someone took please upgrade the roblox security feature even though used sophisticated still can handle hackers,netral,negatif
1,serius game,negatif,positif
3,bgs cuman baik game nya suka ngebug tolong mic di neg suspend mulu ngomong neg kasar kata kasar neg kena sensor mulu nyebelin mksh,netral,positif
2,stars,negatif,positif
5,chat kembaliin umur,positif,negatif
1,game update spesial kali main update spesial update roblox,negatif,positif
2,sih iklan nya gapapa macet gapapa,negatif,positif
3,seru sih chat nya loh ilangin gabisa ngobrol,netral,positif
4,update mulu tahun neg update nya gausah kali,positif,negatif
3,bagus dih robux nya gerat baju bagus tetep keren,netral,positif
2,seruu,negatif,positif
2,bisa neg update gemesnya seru kolo bisa neg update bisa neg dimainin,negatif,positif
2,seru banget cuman bisa neg upgrade nya bisa neg main,negatif,positif
2,gaada fitur chat jadiny seru,negatif,positif
5,bilang jelek game emang bikin game kayak gin,positif,negatif
1,maaf roblox suka banget main roblox gabisa ngechat kalo main gimana habis kalo main roleplay gimana maaf yah kasih bintang,negatif,positif
3,suka neg chat kunci hrs pake umur tdk bebas player lgi komunikasi gimana kocak,netral,negatif
3,roblox chat verifikasi muka gapapa pake email orang tua udah masukin aneh nya akun penuh neg syarat ken chat komunikasi orang,netral,negatif
3,game nya baguss cuman kalo reconnect beda server nyaaa banget update gabisa main memori full,netral,positif
5,ken download gabisa simpan penuh udah rangin aplikasi nya gakbisa,positif,negatif
5,mohon baik chatan nya kalo chatan orang orang asing susah banget muncul tanda gembok tahu neg orang chatan,positif,negatif
4,enak polll bgt bug nya kek main malam supermarket situ ngebug layer freeze bisa neg pencet scan wajah aman yang neg bocil aja dewasa remaja face nya hapus tolong banget perbaikin bug nya update nya thank you ,positif,negatif
3,nya bintang gabisa chat ken kenal orang ken seru seru semenjak game baindrot bosen kalo saran bikin akses otomatis umur nya kasih server chat kalo anak kasih saran game ajar,netral,negatif
4,game rating bintang gara gara verivikasi wajah biar chat gamenya bagus saranin main roblox terlalu neg ngelek,positif,negatif
5,fitur chat batas bagus bagus neg cuman kasih bintang aja gara gara nya hindar nama chat ras,positif,negatif
4,bug nya tombol lompat hilang kalo beli item kadang item nya hapus robx nya kembali neg,positif,negatif
3,update cepet sempet neg ngebersihin memori tolong update nya terlalu neg cepet minimal update terimkasi,netral,negatif
4,roblok ubdet teruss terus,positif,negatif
3,banyak update perlu neg eror bug,netral,negatif
5,heyyy game aku dah gatau main neg btw udah ubah kahh game nya asa ratingnya gede dah,positif,negatif
5,mesti tulis salah sambung koneksi nunggu kalo,positif,negatif
3,game nya seru banget suka game kalo bilang kasih bintang akun roblox berobux kadaluarsa main roblox aja download nge lag,netral,positif
5,tolong aktif fitur chat obrol teman teman tolong aktif,positif,negatif
3,lumayan senang karana main,netral,positif
3,udah bagus anak anak bocil bisa neg ngechat protes gitu map nya nya bikin konten sesat bikin map nya waras aja,netral,positif
2,roblox dbn akun rivaldo,negatif,positif
1,seru bisa neg komunikasi teman pls kembali fitur chat komunikasi lagi,negatif,positif
2,bagus juma kayak reng oyah bisah roblox upgread neg pls memory full,negatif,positif
5,bisa neg chat rena takut ngomong kasar,positif,negatif
3,game bagus enak main bug tolong baik yah,netral,positif
4,idih gamenya bangett walu bisa neg ngechat seru bintang punya neg robux,positif,negatif
5,please restore the chat feature its original state can chat with friends please otherwise keep giving rating,positif,negatif
2,game lumayan plisss kembali chattt ngobrol akuuuuu tinggal malaysia umur beda umur kuu,negatif,positif
1,emg seru tpi gausah neg sensar sensor mulu males tau sih neg ngomong sensor ngomong sensor apa,negatif,positif
3,tolong baik mic nya suara terkadang tdk deteksi dengar main game,netral,positif
2,game bagus download bisa neg tulis tunda gimana roblox tanggung maaf sopan,negatif,positif
3,bisa neg chat,netral,negatif
3,fitur chat nya hapus,netral,negatif
2,game nya menang seru mohon hilang verifikasi wajah bikin bicara teman kasi bintang aja,negatif,positif
4,the game has many variations and really exciting greetings from indonesia shame can chat with friend roblox who the same age which ten years old,positif,negatif
3,bagus,netral,positif
5,roblox adil neg,positif,negatif
5,bagus neg,positif,negatif
2,halo player roblox roblox kembali chetnya tampa chet bisa neg bicara hacker bisa neg buat,negatif,positif
1,gasuka main roblox situ diam aja bully,negatif,positif
5,woi chat nya balik neg woi ubgrade nya,positif,negatif
1,suara player roblox dengar neg,negatif,positif
5,avatar nya bisa neg tangan kaya org,positif,negatif
4,plis kembali chat bisa neg obrol,positif,negatif
5,benerin dikit game nya,positif,negatif
1,pas chet seru verivikasi main game aja bisa neg main game game bagus kayak dead rails,negatif,positif
5,fokus bugnya kamera bisa neg geser pencet logo roblox lompat kadang bisa neg pencet logo roblox normal wifi bagus lag coba ganti internet wifi off wifi main tiba lag coba grafik turun lag neg hapus simpan penting neg maaf ulas tolong paksa neg,positif,negatif
5,geme bosen neg,positif,negatif
3,game nya update nyorot batrei tepi seruu siii dapet temen baruu,netral,positif
4,gabisa chat lagi kenapaa haruss update terussss,positif,negatif
3,suka game lumayan kesel karna chat batas sesuai umur karna mabar bareng adek mabar karna ldr kangen mabar sedih mabar bareng lagi,netral,positif
1,game asik game seru,negatif,positif
3,game nya sih udah bagus map game mohon maaf balikin chat roblox pls pensiun roblox gara gara chat pls balikin chat,netral,positif
5,seru chat,positif,negatif
3,butuh optimal game kurang patah,netral,negatif
3,ngeleg ngeleg,netral,negatif
3,karakter nya kota seru,netral,positif
4,ganti celana bisa neg,positif,negatif
5,please deh males main roblox kek gitu item hapus mai grup grup age kalo main adek ldr gimana pls kembaliin roblox kek item gratis cuman dikit mna item gitu gitu aja,positif,negatif
3,mayan bagus knp dimatiin chat nya coba susah reaksi orng orng saran buka chat,netral,positif
2,pakesenter aja gelap tombol loncat,negatif,positif
3,jelas neg toxic kena neg ban,netral,negatif
4,akun suka ngelag fitur mic nya hilang,positif,negatif
1,this boycottt,negatif,positif
3,roblox please return chat can talk friend anymore really want chat back please roblox read review please really please,netral,positif
4,sering update anjay,positif,negatif
3,tuju ada neg chat voischat besar teman teman main rumah main normal obrol muka teman kejut salah teman hantam palu admin takut coba lawan putus game main game roblox salah teman mau neg trauma main,netral,negatif
3,chat,netral,negatif
3,menak main boros paket,netral,negatif
5,tolong chat roblox kembali plis inkomu ben alas heker bantu usir heker jahat ,positif,negatif
3,kenapah sih gua susak banget kasih scret nya,netral,negatif
3,lag too often,netral,negatif
5,najis bet jelas neg kayak neg enak banget main ger grafik lumayan bagus ,positif,negatif
5,bisa neg chat,positif,negatif
3,bro game bagus bro gua rating ngelek,netral,positif
3,tolong ilangin fitur kalo ganti ttl blm ktp tolong notice susah ganti umur gra verif pdhal umur asli sma roblox beda tau tolong hapus fitur chat sesuai umur butuh relasi ngga umur doang,netral,negatif
5,bug salah satu forseken,positif,negatif
3,bagus aja game nya ngelag parah bug aneh pas coba bikin main privat server layar putih doang anehh,netral,negatif
3,xrxos,netral,positif
3,update event plsyer susah komunikasi karna map roblox banyak komunikasi krn chat hapus ben player bosan puas neg,netral,negatif
4,halo david meloddy hilang akun ganti ponsel lupa password akun hubung neg email nomor telepon nomor lokasi ada neg kesal akun rawat ganti ponsel update yatta dandy world main toon toon dandy shop upd yatta sayang lupa password hubung neg email tolong tambah platform,positif,negatif
5,mai game bisa neg kirim email usia lepas kirim sampai neg email nya,positif,negatif
1,halo nam bella langsung inti aja yaw chat oblox kalo dapid bacuki muncul chat kasih bintang,negatif,positif
5,ramah anak anak bisa neg buka ceat,positif,negatif
5,seru neg ada neg chat boong,positif,negatif
4,roblox ndaa seruu nda adaa fitur chat nya ihh,positif,negatif
1,dear roblox team please help change account location already several time ask using the form but there effect domain indonesia please help hope you can change and ill change for rating thanks,negatif,positif
3,umur gua udah sistem masih emng muka gua anak kah,netral,negatif
3,kasih bintang game nya ping nya kadang kadang ngelag,netral,positif
4,map nya aneh jaring buruk sinyal bagus,positif,negatif
2,seru ngeselin dikitttt,negatif,positif
1,seru chatnya bisa,negatif,positif
3,game nya bagus batas chat seru neg mabar,netral,positif
1,mantap beli sayab kacamata,negatif,positif
3,bisa neg dibiarin balikin chat,netral,negatif
3,bring back chat,netral,negatif
1,keren kayak ayam,negatif,positif
1,pas donwlod trs aplikasi mati pencet tolong baik aplikasi nya terimakasih,negatif,positif
4,komunikasi orang orang nya batas umur,positif,negatif
3,suka neg roblox karna skin bayar roblox udh bisa neg ngecat,netral,negatif
4,chat hapus bug,positif,negatif
5,roblox keren dunia angkasa adghkl gua ngasal ngasih tulis jelek,positif,negatif
4,update harap mode camera sinematik,positif,negatif
3,roblox keren asik ngechet bisa neg ngomong temen aja pakai papan papan gitu kalo udah verifikasi wajah ngomong tua gembok seru neg,netral,positif
3,perintah robloxnya bikin roblox hancur tetep suka game kalo pas update guna aja update neg sampah hilang karakteristik roblok,netral,negatif
4,gamenya oke oke neg fitur chatnya karena neg batesin gegara telpon temen komunikasi ngebuat gamenya nge lag parah pls balikin fitur chatnya,positif,negatif
3,habis update chat nya bisa neg digunain dibatasin,netral,negatif
2,keren bagu tambahin fitur chata aja sih,negatif,positif
3,koneksi putus,netral,negatif
1,bagus top mahal tolong kembaliin chat kakek david basuki banget chat verifikasi umur,negatif,positif
1,game nya bagus disconnect mulu abis chat roblox di neg download kecewa,negatif,positif
3,roblox ngelek mending main blok bles,netral,negatif
5,chat dibatesin but how rek rek hadehhhhh pening gua cok cok aing keselek cak cak,positif,negatif
3,udah bayar mahal robux nya masuk neg duit ambil di neg balikin,netral,negatif
1,game,negatif,positif
1,bgs tpi wifi udh bagus ttp main dikit suruh bug gimana udh suruh kali mksih,negatif,positif
1,suka main game seru pokok suka bgtt,negatif,positif
5,game nya susah bagus kembali vitur roblox mabar chat org dewasa chat frost diamond lagi,positif,negatif
3,cheter ganguin tower chiter mengqpung benda orang gasuka,netral,negatif
4,jelas neg game internet bagus bisa neg mainin tolong perbaikin,positif,negatif
3,anak bring chat,netral,negatif
5,fhis nya susah banget,positif,negatif
3,tolong limit accecories tambahin astaga,netral,positif
5,you don play game roblox,positif,negatif
1,seru,negatif,positif
4,suruh bgt bisa neg rekam layar langsung,positif,negatif
2,main,negatif,positif
5,tau nak jelasin udh blm sklh main,positif,negatif
5,balikin chat babi,positif,negatif
3,geme nya bikin panas main,netral,negatif
5,robax tiba hilang roblox ban akun hack diam akun korban kuat akun robaxnya hilang nama fariz kasih bintang,positif,negatif
3,because roblox now not have chat and when and friend verify with friend different age and cant chat with friend not good roblox now down and getting not better better roblox then than now but server nice ilike operation one and blox fruit get better roblox participate,netral,negatif
5,bug nya kali kentang ngebug huuuu salahin nya salah neg roblox nya huuu kentang busuk,positif,negatif
4,game asli seru kurang gabisa ngechat trus disconncet ngelag wifi bagus mohon aktif fitur chatnya voice chat hehehe tetep bagus,positif,negatif
3,updatenya ganggu,netral,negatif
3,game nya bagus cuman bugnya tolong bikin game nya aneh aneh minimal banned aja,netral,positif
3,lumayan citer,netral,positif
3,woy mainin nya gimana,netral,positif
3,nya mahal suka game nya sih,netral,positif
3,game nya seru sih cuman karna batas umur bisa neg chatan teman kayak gitu chatan situ seru seru kenal orang random pake loncat temenan jujur kangen roblox chatan orang random gitu udah beda karna batas umur seru,netral,positif
3,game nya bug banget hotspot wifi gabisa masuk roblox nya tulis nya salah sambung,netral,negatif
5,game asu asu,positif,negatif
3,woi roblox balikin media foto gue gaaaaa udah cape foto ilang foto gue main roblox foto bagus kenang ilang anjir balikinnnnn,netral,negatif
1,serikelogaut oso,negatif,positif
1,kode ,negatif,positif
3,gua nilai cih lemah mudah neg gabisa ngechat gabisa login akun gua nama comso cute akun sayang gua sampe loh gatau bodoh,netral,negatif
1,tolong hapus verifikasi game roblox,negatif,positif
3,baja,netral,positif
1,hama anas eja,negatif,positif
5,tolong nguras neg data,positif,negatif
1,kadang main ada neg robax,negatif,positif
1,main tombol loncat nya kadang suka jatuh teruss kali kali ganti tombol loncat nya,negatif,positif
3,nge chat,netral,negatif
1,buriks,negatif,positif
5,jelek,positif,negatif
5,woyyyyyy bukaaaaa gkkkkj chatttt nyaa gwwww sampaiiiii sekaranggggg chattttttttttt hampirrrrrr asingggg temen roblox seru kalo chat nya buka ,positif,negatif
1,game nya kalo main suka layar nya gerak suka bikin cepet panas gaada fitur chat,negatif,positif
3,bikin abis kouta dimarahin mama,netral,negatif
5,chat hapus malas main,positif,negatif
3,gabisa voice game gajelas,netral,negatif
1,main,negatif,positif
1, g    g   g,negatif,positif
3,capek update mulu simpan penuh susah main,netral,negatif
5,main loading nya banget,positif,negatif
5,bisa neg install,positif,negatif
5,game pler,positif,negatif
3,seru dimainin temen,netral,positif
3,benci roblox hormat,netral,negatif
1,roblox tolong bikin neg roblox nge lag ganggu main tolong wifi nya betul,negatif,positif
1,abcd,negatif,positif
3,nya suka sih chat batas usia suka update apalgi brookhaven suka ngebug,netral,positif
3,kalo kasih robux gratis naikin,netral,positif
1,                           ,negatif,positif
3,hala madrid siuuuu,netral,positif
1,jomok,negatif,positif
2,roblox knp ksi verifikasi robot mulu klo mah gpp mas maklumin main suruh verifikasi dlu tolong benerin,negatif,positif
3,roblox tolong kembali chat main,netral,positif
3,roblox tuhh emanggg bagusss tapi seruu chat dibatasin usia plus verifikasi neg chat samsek bosenn bngt main roblox seru,netral,positif
1,lumayan suka roblox tolong kembali chat pliss rating bintang ,negatif,positif
3,pas chat batas umur roblox bintang bisa neg komunikasi teman sekolah,netral,negatif
1,game udah banget main map mainin sekalipun neg untung,negatif,positif
5,kembali fitur chat,positif,negatif
1,disconnect nya males main bug nya makasih,negatif,positif
1,game nya bagus bagus aja kin akun ngapain neg gapain ban roblox suka salah paham mulu,negatif,positif
5,kasih bintang ngebahas bisa neg chat suruh make email login ngebahas lag grafik naikin neg sampe maksimal bikin bug minimal grafik nya kasih full gimana sih main ngehujat gamenya sih aneh banget mikir pake otak kalo ada neg otak cari sampe nemu,positif,negatif
3,aja,netral,positif
3,umur,netral,positif
4,iya sinyal bagus gabisa masuk game nya,positif,negatif
3,roblox hormat segani lacknati mohon akses kirim pesan chat sistem canggih pintar tuntut kembali kirim pesan salam kocok pop ice,netral,negatif
1,game seru cheatssssssss,negatif,positif
5,tolong roblox banned orang suka ketik aneh karna ketemu player bahasa nya ngomongnya kasar kena neg sensor report akun nya tolong player player kaya gin banned aja laku neg pantas neg,positif,negatif
5,semenjak update objek dinding ornamen map roblox hilang main obby kalah objek stage nya lihat neg tolong baik,positif,negatif
3,kali dapet neg bintang,netral,positif
3,seru sih vip premium batas,netral,positif
1,pls don disconnect pls,negatif,positif
5,upgrade neg,positif,negatif
3,roblox gamenya bagus suka banget lag bug gabisa masuk signal bagus bilang sistem koneksi putus main mlbb lancar aja tolong baik roblox,netral,positif
5,kembali chat roblox,positif,negatif
4,saran kode pulih bisa neg guna neg habis simpan akun dihack orang mengehack akun bisa neg kode pulih masuk kode pulih,positif,negatif
2,gamenya sih bagus cuman suka crash trus lag banget map map player saran biar enak main tambah fitur kurang grafik fitur lancar kentang kaya gin,negatif,positif
3,tong bug hilang,netral,negatif
3,gamenya bagus updatenya tolong kembali chat bareng teman ngobrol bareng,netral,positif
3,gemenya lag lag,netral,negatif
3,gska disconnect nya asik main night disconnect sinyal oke aja tpi gpp deh kasih bintang aja,netral,positif
2,game nya bagus,negatif,positif
3,game nya seru ngelag abis bisa neg ngechat,netral,positif
5,game sampah chat batasin ngomong ama temen temen gimana mending download neg knp kasih bintang biar,positif,negatif
5,update nya jelas neg,positif,negatif
3,gamenya seru hpku roblox nya bisa neg diupgrade,netral,positif
4,uras baterai,positif,negatif
3,seru tpii balikin chat kaya dluu lagi,netral,positif
3,          ,netral,positif
1,jalek,negatif,positif
3,woi roblok knp pulih akun gaada minus doang baik aja tolong tambahin pas suruh masukin telp akun roblox gmn roblox udah jago banget akun gaikhlas kalo emang ilang main akun ilang nyesek banget,netral,negatif
4,main game mulu ngframm,positif,negatif
3,puas tpi bikin puas neg mic nya gua gual lagu kena mute mulu,netral,negatif
1,rizz,negatif,positif
3,update kacau disconect mulu haha,netral,negatif
3,jujur tuh bagus game nya tapiiii defeloper roblox ngehapus fitur chat jdi kasi bintang klo fitur chat tolong dikembalika,netral,positif
3,oke lumayan bagus game nya chat dibalikin napa nya bisa neg chat bareng temen,netral,positif
4,roblox gua udah beli baju ama emot mahal mahal ehh hapus ama roblox kagak dikembaliin robux ku,positif,negatif
3,game nya seru tarik lucu buat roblox gila pls bring our chat back,netral,positif
3,tolong kembali chat,netral,negatif
5,bisa neg diinstal ulang,positif,negatif
5,developer update mulu,positif,negatif
1,sebenernya bagus sih semenjak roblox nge lock chat gabisa ngomong pas main susah main game orang kocak,negatif,positif
4,gamenya dah bagus game game sus curi pemabokan ngetroll bunuh darah warning main neg game manfaat neg anak anak,positif,negatif
1,aaa aaa aaa aaa aaaa aaaa aaaaa aaa aaaa saa aaa aaa aaa aaa,negatif,positif
5,game jelek busuk buluk suka koneksi,positif,negatif
3,bagus gampang leg,netral,positif
1,play for long time,negatif,positif
5,alif tolol tau apa bagus game map seru,positif,negatif
5,game chatnya bisaa neg main,positif,negatif
1,luh,negatif,positif
2,game bagus standar tolong chat diroblox,negatif,positif
4,tolong bug hilangin sya suka neg wifi udah lancar lag,positif,negatif
5,tolong sabat neg nungguin masuk map nyaa banget pas masuk game roblox nya cepet pas masuk map disconet wifi bagus game kon,positif,negatif
1,gem bagus meng akun ban ,negatif,positif
5,pingin langsung bidy,positif,negatif
3,seru ngebosenin game nya brianrot mulu sih,netral,positif
1,gamenya seru fitur aneh udah suka main roblox,negatif,positif
1,game bagus neg main game bug lag,negatif,positif
3,udah bagus plis bikin fitur tombol loncat tombol loncat bet bgst,netral,positif
1,mas game bisa neg main game rari,negatif,positif
1,huuuuuuuu davit,negatif,positif
5,bro malas tanggap,positif,negatif
1,roblox bikin apded bagus kalo pensiun main roblox,negatif,positif
1,bagus seru,negatif,positif
5,pls kakek david balikin fitur chat di neg balikin fitur chat pensiun roblox,positif,negatif
5,balikin chat roblok,positif,negatif
3,tuh suka gamenya cuman playernya gelut emang salah apasih damai sih neg ,netral,positif
3,keren,netral,positif
1,game nya udah bagus banget main samsung inch kasih aja,negatif,positif
5,update,positif,negatif
5,kakean bug jembot,positif,negatif
5,rusak gem nya,positif,negatif
1,bagus,negatif,positif
3,game ytm jaring bagus masihh lag tolol bego,netral,negatif
3,game tarik karna chat bisa neg muka hapus headleas hapus shirt hapus,netral,negatif
5,kontole gede,positif,negatif
5,geam gila ngapain chat hapus,positif,negatif
3,predator,netral,negatif
4,roblox update upgrade live chat nya hapus please balikin live chat,positif,negatif
1,game kampang,negatif,positif
4,chat boleh neg buka,positif,negatif
4,bintang karna ada neg fitur chat,positif,negatif
4,udh dapet item gratis masuk iventory dah trus masuk lgi robloxnya tetep sih item udh susah paya dapetin masuk aneh banget,positif,negatif
2,game nya bagus chat nya verifikasi rate,negatif,positif
4,woi developer bego gimana dah udah verivikasi pake ktp muka gada opsi open mic nya hadehh,positif,negatif
5,roblox please return the chat please because when play roblox usually when enter the map the chat full why now quiet graveyard please return the roblox chat please beg you,positif,negatif
4,tolong chat gue toxsik neg plis gue butuh ajaa,positif,negatif
3,knp cba hrus rbux gratis gtu,netral,positif
3,game nya bagus pilih tolong usaha player cheater ban menggangu rugi orang,netral,positif
3,game lumayan seru tpi log out kadaluarsa,netral,positif
2,game nya seru tolong kembali chat komunikasi nya,negatif,positif
3,jaring lancar ngeleg game tiktok lancar lancar loh roblox doang leg,netral,negatif
5,main roblox roblox bisa neg mengapgade asi bintang sahaja karna roblox upgrade marah bisa neg mengchat langsung buruk suka neg,positif,negatif
3,chat nya dihilangin bagus chat nya,netral,positif
5,pas mendownload bisa neg tolong baik game nya ada neg upgrade tarik neg,positif,negatif
2,game nya lumayan bug citer roblox tolong band citer plssssssssss,negatif,positif
5,akun verifikasi langkah aktif neg verifikasi langkah mohon bantu roblox,positif,negatif
3,tpi seru,netral,positif
1,mantap,negatif,positif
3,bisa neg komunikasi teman akun roblox kena bend,netral,negatif
2,bagus,negatif,positif
3,game nya bagus banget david basuki kasih bintang ,netral,positif
3,lag bug hacker disconnect,netral,negatif
2,tolong dengar komentar komentar baik game bagus situs game unik cuman nya jaring gameplay andai roblox kayak seru banget main happy udah main akun hilang maksud bug akun hilang tolong baik bug game terimakasih,negatif,positif
3,tidakbis komunikasi teman orang,netral,negatif
4,kasih bintang update nya betul kacau game mabar ngechat,positif,negatif
3,plss update neg mulu gabisa chat update,netral,negatif
1,games nya suka ngestak layar,negatif,positif
1,voice chat,negatif,positif
2,seru sih ngeselin nya hapus download map nya ketemu bocah punya neg adab,negatif,positif
3,apas gajelas banget sinyal bagus disconnect ngotak blok roblox,netral,negatif
4,balikin fitur chat plis,positif,negatif
1,leg,negatif,positif
3,game banget update,netral,positif
5,ikan hiu makan sendal ngomongi kaya gudal,positif,negatif
1,k s s r m k s g  k k k  m g k k s  r r gs r gk   g m  r k  k g m  sg m r k,negatif,positif
2,game bagus sieh krna komunikasi teman mohon di neg kasih atur owner roblox,negatif,positif
1,bad game nothing good,negatif,positif
5,game kontol,positif,negatif
4,gbs chat,positif,negatif
2,apk nya bagus cuman pindah ngelag parah wifi udah bagus,negatif,positif
3,main evade bisa neg crash,netral,negatif
3,udah banding diturunin harga diturunin neg sampe beli baju roblox mahal,netral,negatif
5,asih gmail muka umur nama asli akun bongkar roblox fitur tolong bohong biar akun aman informasi orang orang mainin game roblox,positif,negatif
2,cet batesin seru ngomong youtube,negatif,positif
3,gabisa chat verif kangen roblox dulu roblox asik neg,netral,negatif
1,ken download roblox bisa neg,negatif,positif
5,orang sus iuhh jijik,positif,negatif
2,game bagus chat nya kunci balikin pliss,negatif,positif
3,kasih bintang karna aman nya akun gua hack orang mohon tingkat aman roblox nya,netral,positif
1,buggggggggg bangetttttttttttttt,negatif,positif
3,bagus udh bisa neg chat sih ngechat kasat kasar sensor aja sih kayak gitu kll main asik neg rame neg,netral,positif
1,update nya bagus neg,negatif,positif
1,tambah chat nya,negatif,positif
3,game lumayan seru cuman ngelag gua aneh chat bisa neg sih bom aja chat nya datengin biar ngechat jelas neg nih roblox tanggal januari aja gua dateng beneran hoax,netral,negatif
3,coba roblox kalo update chat neg roblox hapus,netral,positif
3,game nya bagus fitur chat nya bisa neg mohon baik,netral,positif
3,map nya seru baju nya robux robux mahal orang ejek,netral,positif
1,bagus,negatif,positif
5,gua udh make paket bilang lag kikir bnget,positif,negatif
3,game nya bagus bug batas usia,netral,positif
5,tolong baik bug nya resah ujung ujung nya kayak roblox sepi,positif,negatif
3,ken main map kena batas umur game naga doang,netral,positif
1,robloxx asuuu,negatif,positif
1,seru tarik akun roblox hilang sayang sedih akun sultan seru loh mama bilang main neg roblox uang mama habis bilang beli robuxs pake uang loh mama bilang yauda,negatif,positif
1,dasar roblox,negatif,positif
3,doang rasa join server private bisa neg jelas neg gitu join server bisa neg mohon baik,netral,negatif
1,bagus neg karna mic chat diroblox,negatif,positif
3,aplikasi mcm nya cuyy itu neg doang birah jir wkwk,netral,negatif
1,gameny alam virtual seru kasih bintang,negatif,positif
3,bagus org introvert,netral,positif
5,game nya enk ank ank bgt topupin robax ,positif,negatif
1,manin gabisa neenel babin,negatif,positif
3,game nya bagus sih update bisa neg chat loh verifikasi umur tuju neg kalo roblox chat nya hapus kembali chat roblox udah update gimana udah lanjur harus ikhlas aja ikhlas neg cok map brookhaven sih chat cepat untung brookhaven selamat ku jadi tolong kembali chat roblox ya sekian terima kasih,netral,positif
1,this game good give star for this game and this game have hight quality and this game have subtitle and must top want buy something hope this game good and nice game,negatif,positif
4,roblok nya patah ptah,positif,negatif
1,bagus neg game nya cepat panas bikin kesel game nya kasih,negatif,positif
3,update ngerasa game nya sere pas udah update malu seru neg ken roblox kayak dlu,netral,negatif
5,krinj kuku,positif,negatif
1,bintang game,negatif,positif
3,tolong kembaliin chat nya,netral,negatif
5,roblox why did you update can install pls roblox ,positif,negatif
2,game nya lumayan seru besarin tombol loncat nya tombol loncat nya kecilllllll,negatif,positif
3,mampos david banned,netral,negatif
4,meng install apk nya nya bagus update roblox bisa neg chat roblox ketat classic face hapus tuju neg,positif,negatif
2,game nya seru fitur chat ama fitur ngobrol tolong baik,negatif,positif
3,update buruk bug internet bagus bisa neg bisa neg chat orang suka neg update roblox obrol teman saya tolong kembali chat tolong ganti,netral,negatif
2,okay lumayan sih neg chat nya buka usah neg verifikasi wajah bisa neg main temen nya deh besti moga chat nya kembali lagi,negatif,positif
3,bgs tpi sring tambah update seru neg,netral,positif
4,chet gakk,positif,negatif
1,bye bye game roblox selamat tinggal pensiun game roblox jumpa roblox boong wkwkwk ,negatif,positif
2,bagus tolong kurang update nya bug nya plss kesel bangett,negatif,positif
3,gamenya bagus cma knp hrus dibatesin umur chatnya pdhl main dri gaada nama pembataaan umur pas mlh nih fitur pdhl harus neg chat kunci bikin gane sepi gaada obrol hening bicara pake lompat susah dingerti karna ribet dihapal kode lompat jdi mohon baik,netral,negatif
1,cet hapus seru neg,negatif,positif
3,krn enda tau,netral,negatif
5,bikin roblox tolong kembali fitur chat cokk gua bisa neg chat jirrr,positif,negatif
5,woi roblox kon bulan neg update nya ngen gua suka minimal mah update nya napa,positif,negatif
3,suka main dengan neg atur atur hapus sistem aksesoris ava face bug nya jaring oke aja lag ngerusak game udh bagus tuh obrak abrik,netral,negatif
5,kembali fitur chat,positif,negatif
3,min update chat party hapus yaa terimakasihh,netral,positif
1,the game good but the signal not clear good can enter says check your connection again even though use wifi and the signal very good but still can enter,negatif,positif
1,age restricted chat which sounds good paper but genuinely concerning since one can stop incident unless they the same age,negatif,positif
3,bring back chat,netral,negatif
1,kasih bintang main game online main roblox bisa neg koneksi putus digame online bagus jaring nya tolongg baik,negatif,positif
5,apa bisa neg login fitur chat adain,positif,negatif
5,update update roblox januari tanggal salah neg vitur chat banned orang memvertivikasi aja main bingung nya vitur chat di neg pake update guna game mabar roblox game kayak main temen ada neg vitur chat tolong banget plissss balikin vitur chat suka roblox,positif,negatif
1,idk,negatif,positif
1,suka ngebug jaring aman aman aja,negatif,positif
5,update nya jelek,positif,negatif
5,why roblox chat deleted please restore roblox chat sir,positif,negatif
4,wifi bagus ngeleg kali ngeleg neg kasih bintang,positif,negatif
3,gra bisa neg chat,netral,negatif
3,alas kasih pas orang badan mini plush nya ada neg,netral,negatif
4,bintang chat roblox kalo gak neg kasih bintang loh janga sken muka kalo bocil gimana kalo tulis nya boleh neg omongin blur ato kasih gitu aja pls ngebug nya tolong baik hekkers kayak cokid hapus keluar aja perna main tower gambar langit cokid kayak pas main brookhaven gitu baik ,positif,negatif
3,seru sih seru chat balikin chat nya,netral,positif
1,game alam bat bug nya,negatif,positif
4,jujur suka game roblox update neg nya berat berat kali ledak kecewa update tan kali roblox fitur chat muka ubah dynamic face anehhhhh plis roblox balik fitur chat rindu rindu roblox tolong kembali ,positif,negatif
4,robux nya mahall,positif,negatif
2,lihat bintang,negatif,positif
1,game horor,negatif,positif
3,gamenya bagus bug kesal bug joystick terkadang hilang tombol jump terkadang hilang tolong baik bug,netral,positif
4,kadang leg dikit,positif,negatif
4,chat roblox kalo bintang,positif,negatif
3,bagus game nya bisa neg chat kalo chat periksa wajah tuju,netral,positif
5,susah banget element,positif,negatif
3,yeah player roblox tau,netral,positif
3,bagus sih udh bisa neg chat orang umur beda,netral,positif
3,map nya voice bisa neg kesel banget buat roblox,netral,positif
3,nya game seru update game bikin kesel,netral,positif
3,bagus chat server nya kadang ngelag,netral,positif
2,gara update nya jdi seru kyk dlu,negatif,positif
4,coba mendownload roblox akun bisa neg buka pasword nya salah pdhl sudh masuk pasword bnar kali kali tpi ttp salah,positif,negatif
3,bisa neg mic etik kecewa,netral,negatif
3,update chat verif roblox turut bagus bagus aja kalo udh invite koneksi percaya ada neg chat sensor gara gara akun nyasar vietnam tinggal indonesia bisa neg invite koneksi percaya temen bisa orang vietnam voice chat voice chat bisa neg verif wajah detected age udh jangan neg lokasi akun nyasar vietnam akun satu voice chat pdhl age,netral,negatif
5,gamenya bagus hal bikin kesel loncat loncat jalan kalo alami inimah pas kek sekitar menit langsung disconnected trs tombol addnya susah pencet yah kamera gerak gitu klo masuk game grow garden kamera error tolong baik trs klo masuk salah map masuk kamera kalo arahin bawa gitu chat gara verif umr,positif,negatif
5,jaring lag game main berat join server luar singapore crash asal gamenya berat bisa neg load optimal inti roblox platform game salah neg roblox jaring crash,positif,negatif
5,roblox game nya seru banget susah masuk roblox gitu sinyal lancar buka tiktok aja lancar pas roblox susah gitu plisss perbaikin game nya,positif,negatif
4,game rusak,positif,negatif
3,bisa neg chat map knp kembali neg,netral,negatif
2,game bagus bisa neg chat kelompok umur,negatif,positif
3,banget verifikasi umur pake muka udh bagus,netral,positif
1,udh seru neg roblox sekarang,negatif,positif
3,developer nya tolong player roblox ngetik cuman neg brookhaven doang game,netral,positif
4,suggest lowering the age for using the mic the age where you can use the mic and chat freely sometimes there bug where there are characters only white,positif,negatif
3,kembali fitur chat batas usia,netral,negatif
1,roblox tolong baik roblox download lamaaa,negatif,positif
2,bagus sih batas usia chat umur verifikasi muka kalo baby face pas verifikasi chat doang bikin males main karna tolong di neg kasi batas usia bisa neg komunikasi tua muda,negatif,positif
3,bug dapet update tinggal neg bgt jelek moga tanggap,netral,negatif
5,tolong ketat aman nya,positif,negatif
5,now there age verification now roblox starting safe really agree with this feature ,positif,negatif
3,tolong fitur chat aktif tolong,netral,negatif
5,kembali fitur chat mau neg kasih bintang hidup jokowi,positif,negatif
5,niat sih neg bikin game sinyal dah kuat lancar pas masuk map bisa neg masuk masuk lihat update buruk update fix bug nambahin bug aneh,positif,negatif
3,bagus sih tolong verifikasi usia,netral,positif
3,lag wifi enak,netral,negatif
3,g m nya bagus suka bag infiniti temen ilang,netral,positif
5,update,positif,negatif
5,keruh nya bisa neg offline,positif,negatif
3,beli sweater warna biru toko angvli sweater ada neg halaman mohon tindak lanjut,netral,positif
4,chat,positif,negatif
1,support handphone android,negatif,positif
3,habis atur nya,netral,negatif
3,gamenya bagus updete cepet masuk game nya suka roblox mabar pilih masuk game nya ken banyak neg updete updete ada neg ubah robux gratis ken game gausah pake kuota,netral,positif
3,gamenya petah patah the game often breaks,netral,positif
5,jaring kau ngelek bodoh,positif,negatif
5,game gila gabisa login akun gua ilang gitu aja dah top lumayan,positif,negatif
3,game nya memeng bagus diconec,netral,positif
4,penuhin memori jir,positif,negatif
1,game nya bagus map nya suka neg hilang filter chat usia risih bisa neg chatan beda umur,negatif,positif
3,bagus sih update kali bisa neg ngobrol seru neg game nya diem doang plis balikin chat nya,netral,positif
3,bag main teleport,netral,positif
5,bisa neg donwload,positif,negatif
1,suka geleg,negatif,positif
1,game nya sih bagus kembali chat bisa neg ngomong chat nya umur kembali chat nya sulit tolong kembali chat,negatif,positif
4,tolong bisa neg login akun pemberitahuan ganti password coba nunggu kasih kode nya bisa neg udah sambungin email nomor aja kirim neg kode verifikasi nya,positif,negatif
1,top gratis,negatif,positif
1,burik,negatif,positif
2,ngelag kali main game,negatif,positif
3,geme nya bagus tolong ilang veritikasi wajah obrol moga hapus,netral,positif
3,udah masuk roblox ngelag kali jaring loh udah bagus tolong pas update buruk mangkanya pensiun roblox ,netral,negatif
5,boros batre,positif,negatif
1,nya apdet malam hutan apdet dewa,negatif,positif
3,kembali chat kalo bintang nya,netral,negatif
3,can chat sir please return the chat roblox that least those aged and above can chat,netral,negatif
3,abdet,netral,positif
3,mekanik bikin frustasi join neg temen dimasukin server orang main ama temen kali,netral,negatif
5,tolong update chat udah kasih neg bintang loh,positif,negatif
2,roblox dah bagus fitur tolong keluar chat chat batas usia pakai ktp ama wajah tolong kembali chat roblox kasih bintang fitur batas usia,negatif,positif
1,gamenya bagus tolong balikin chat usah neg verfikasi umur bugnya tolong baik,negatif,positif
3,gemes nya anehh kali main langsung ada neg logo roblox  plis baik,netral,negatif
2,game nya bagus map kurang update kecewa bisa neg chat temen mohon balikin fitur chat nya biar seru lagi,negatif,positif
3,ganti chat ban,netral,negatif
1,game nya bagus tpi redeem code roblox kasih bintang,negatif,positif
3,update delay lag perangkat mas rilis dapat neg masuk dapat neg hubung server,netral,negatif
3,ngelek jaring bagus,netral,positif
4,balikin chat,positif,negatif
3,not bad,netral,positif
3,seru update verifikasi umur nya ngeselin,netral,positif
3,gemesnya seru sih neg tingkat neg,netral,positif
3,bagus siihh tapi tolong dongg sering neg update,netral,positif
3,pilih game nya game nya bagus banget enak neg kalo main bisa neg ngechat temen sepi banget,netral,positif
3,lumayan,netral,positif
1,bagus sih nya aja jahat,negatif,positif
2,seru pakai hospot betulin,negatif,positif
5,plisss bisa neg ngomong sihh,positif,negatif
4,salah doang pasu email salah,positif,negatif
1,anomali ambil neg,negatif,positif
3,game nya sih suka malam hutan suka neg updated nya,netral,positif
1,return chat feature tampa scan,negatif,positif
1,akun,negatif,positif
4,chat,positif,negatif
3,bagus sih main nya bikin ngeleg sih,netral,positif
3,seru sayang chat batasin,netral,positif
1,bagus nge hapus sistem guna chat deteksi wajah akurat neg hapus neg foto terima verifikasi,negatif,positif
3,kasih bintang karna update ngga suka geme nya mantal,netral,positif
3,bagus deh tolong balikin chat plis,netral,positif
3,larang neg chat anak anak,netral,negatif
3,game goblok,netral,negatif
3,game nya buruk obrol suara hilang verifikasi umur,netral,negatif
1,gemburik mane enak,negatif,positif
3,bug chatnya tolong buka,netral,negatif
3,tolong fitur chatnya di neg hapus susah ngobrolnya,netral,negatif
1,gelottttt,negatif,positif
3,roblox ingat udh uninstall download sama,netral,negatif
5,nya berat banget pake data main,positif,negatif
1,game nya bagus jaring tolong baik player nyaman neg game tolong nya baik,negatif,positif
1,gem bagus bisa neg gobrol,negatif,positif
1,suka gamenya suka baca keluar game sih jaring bagus loh,negatif,positif
5,te neg aplikasi chat ngomong suara,positif,negatif
1,semenjak update roblox seru,negatif,positif
5,chat hapus game gaguna pen ngusir main,positif,negatif
2,main suka ngebug ngestuck coba bug stuck mohon baik bug nya,negatif,positif
1,suka lag mulu kalu main game brainrot,negatif,positif
1,  ,negatif,positif
1,game bagus aja jahat hehe,negatif,positif
3,scret kasi bintang,netral,positif
2,suka jatoh susah bangettttt,negatif,positif
3,pls return roblox chat please,netral,positif
1,bagus sih game nya suka banget kena bug kaya main dandy world biasa aja tiba bisa neg gerak kin toon pas udah besok bisa neg masuk map nya pls baik game,negatif,positif
1,nya geme,negatif,positif
3,game puqi,netral,negatif
3,jahat sih lurus ubah presiden,netral,negatif
2,seru banget main ken main download,negatif,positif
2,kasih bintang game nya bagus bagus bisa neg chat,negatif,positif
5,gimana chat tolol knp verivikasi,positif,negatif
3,game ngelag babi bet ,netral,negatif
5,bang masuk roblox ngelag,positif,negatif
3,game nya bagus siih susah chat karna izin ortu,netral,positif
3,fitur batas usia ide neg bagus,netral,positif
1,maaf bilang game bagus diroblox sinyal bagus ngelag kasih rating karna gamenya ngelag tolong baik lagi,negatif,positif
3,udah bagus game nya suka kendala jaring jaring nya bagus tolong baik,netral,positif
2,bagus roblox plis buka chat nya,negatif,positif
3,mai main game blox fruits pas udah ken masuk layar abu abu,netral,positif
4,bisa neg chat,positif,negatif
1,haramm,negatif,positif
5,update face verification bagus banget cuy gua di neg ejek ejek,positif,negatif
4,hmmm pls update aman ketat cheater ilang chat balikin,positif,negatif
3,knp roblox jdi peringkat karna udah seru neg pls open chat nya plss gmau main seru neg,netral,positif
5,update buruk seru rahmadan,positif,negatif
3,stelah tau update gada chat udah kecewa roblox,netral,negatif
5,knp bisa neg masuk roblok ngelag guru pdahal engga karna server,positif,negatif
1,roblox senang neg malas roblox tahede pilih kasih banget,negatif,positif
5,nama kanaka lahir udh sembilan mainin sembilan tolong benar bug nya worth ada neg chat moga bug nya benar,positif,negatif
4,main game roblox game seru mabar semenjak fitur batas umur bisa neg interaksi org tolong hapus fitur batas umur game main kembali,positif,negatif
1,mantap bagus boong chat terus ngelag game nentot dev loper taik,negatif,positif
1,gamenya,negatif,positif
1,gamenya kasih bagus top vip,negatif,positif
5,game nya burik seru online,positif,negatif
5,even though give stars pls david baszucki fix the free robux bug,positif,negatif
3,kalo chat kembali kasih bintang deh,netral,positif
4,baik bug nya hilangin bug nya pls verifikasi wajah aku neg kena,positif,negatif
3,roblox bisa neg chat bisa neg ngobrol malam tugas fish bisa neg mancing ngobrol poko ken chat dibalikin kalo nga mending main game lain,netral,negatif
3,bring back chat,netral,negatif
3,roblox bisa neg download,netral,negatif
5,roblox hapus game abyss pls gara gara roblox lag,positif,negatif
3,dapet bintang baik plis bisa neg chat verifikasi plislah kembali chat nya,netral,positif
4,ayo roblox ken main aja tiba ganggu jaring jaring udh bagus ngebug aja pandu gaming mlh ngebug main,positif,negatif
5,bro your update funny,positif,negatif
3,apa game batas usia dah smp tolak hapus fitur males maen bisa neg ngobrol tmn,netral,negatif
4,lag,positif,negatif
3,update,netral,negatif
1,roblox tolong buka chat,negatif,positif
2,game seru sih udah ngechat seru neg dhh ttp suka,negatif,positif
3,suka banget game nya lag nya bikin ganggu suka game nya,netral,positif
1,game kontolllll,negatif,positif
3,bagus banget main gatau roblox aneh bisa neg chat susah pake papan kasih bintang aja,netral,positif
1,lumayan bagus tarik bosan roblox,negatif,positif
3,seru bnyk game aplikasi nya sya kasih bintang sebal sya kena bag roblox,netral,positif
3,bisa neg pakai tubuh bagus,netral,positif
5,bisa neg chat,positif,negatif
3,malesssssss sin ngk chat enak ngk mesoh mesoh kalo biar ngk patah patah internetnya,netral,negatif
3,bagus tolong update karna kalo gonta ganti acc gabisa main game nya tolong update cuman main roblox aja kerjasama main roblox,netral,positif
5,tolong adain neg verifikasi chat tolong baca,positif,negatif
1,pls balikin chat,negatif,positif
1,jagu mah roblox nama roblox nama mutira,negatif,positif
5,can you add login with number indonesia roblox account logged out because research plssss,positif,negatif
1,macat macat pas main,negatif,positif
3,aja,netral,positif
1,bagus fitur chat nya balikin muka muka banedd,negatif,positif
3,main seru banget main bareng bareng,netral,positif
1,nge lag,negatif,positif
3,game bagus mohon harga robux mahal emote nya aneh tolong baik,netral,positif
3,tolong kembali chat,netral,negatif
5,pas update roblox hancur game sad orang marah gabisa ngobrol gabisa main gabisa masuk aman ketat bocil mas main game aneh,positif,negatif
3,fix mod dont make hate app,netral,negatif
2,spidercola freengongon,negatif,positif
3,udah bagus cuman kadang suka ngelag jaring bagus item udah bagus hapus,netral,positif
3,game udh bagus update bikin seru bisa neg ngomong orang udh main loh fitur chat nya hapus balikin fitur chat biar main bareng pake app,netral,positif
4,game nya dress impress nya update baju,positif,negatif
3,seru chat,netral,negatif
5,coba update game males bisa neg chatan temen mabar,positif,negatif
1,kadang engak min,negatif,positif
1,udah seru seru banget,negatif,positif
3,bring back chat,netral,negatif
2,seru tombol loncat kecil,negatif,positif
5,kalo chat ada neg batas usia ganti kayak,positif,negatif
1,kalo gemes suka masuk,negatif,positif
3,bisa neg chat mabar jarak,netral,negatif
3,with the reason update,netral,negatif
3,kecewa roblox karna fitur chat nonaktif bisa neg ber komunikasi,netral,negatif
2,upgrade,negatif,positif
3,seru gamenya cuman gabisa ngobrol,netral,positif
3,chat roblox,netral,negatif
3,roblox kaya neg chat suka hati chat kata kena neg ban,netral,negatif
5,akanm masuk robux,positif,negatif
1,pokok,negatif,positif
3,gua akun karna teman paksa roblox udah chat tetep demo mampus roblox demo huuuuhuuu david bazhcuki demo huuuuu chat banned sih temenku bisa neg chat sih,netral,negatif
3,lagg bnyak bug,netral,negatif
4,dihh game gajelas banget wifi bagus lah ngeleg seh gimana cerita woiiiii ngeleg gatepat kentut emang,positif,negatif
5,tolong banget mah di neg batas ngobrol sesuai usia kalo ngelindungin anak anak guna neg pake orang tua,positif,negatif
3,chat,netral,negatif
4,kembali fitur chat return the chat feature its former state,positif,negatif
1,main sangaaaaaat seru makasih yaa,negatif,positif
3,pas udah update gabisa main koneksi putus jaring wifi manteng,netral,negatif
5,kadang masuk game nya loading nya bgt sinyal bagus memo penuh neg bikin kecewa krn game main,positif,negatif
4,please fitur chat,positif,negatif
3,tolong tingkat nyaman main baik bug frame dll terlalu neg fiture fungsi berat aplikasi,netral,positif
4,bnyk bgt updatenya,positif,negatif
3,bagus kalo reset kasih kode nya kode nyampe pake paskey,netral,positif
3,roblox tolong tingkat verif usia verif ktp wajah thn tolong baik yaaa sedih tau pas ngeliat usia sesuai neg nyesel verif,netral,negatif
3,seru banget game nya bisa neg ngechat,netral,positif
1,balikin chatnya tolong,negatif,positif
1,seru bikin gabut neg,negatif,positif
5,ada neg apdet,positif,negatif
5,semenjak update kmrn crash mulu dah,positif,negatif
2,suka update teruss,negatif,positif
1,roblox seru neg kayak seru banget tuju dukung,negatif,positif
3,game bocil oke,netral,positif
3,want verify changing the date birth but during the verification the photo becomes blurry,netral,negatif
3,sayang bgt chatnya skrg luas neg minggu upgrade,netral,positif
4,bawa fitur chat,positif,negatif
1,kasih bintang masuk map blox fruits,negatif,positif
3,mic hilang vertivikasi bisa neg voice chat nya,netral,negatif
5,nggk komen apa dawg umur deteksi ndak buka koment,positif,negatif
5,tolong baik fitur chat ngobrol teman,positif,negatif
5,game kontol,positif,negatif
1,game pedofil nya,negatif,positif
5,game brainrot sungguh,positif,negatif
4,pas suruh main buka bisa neg buka nyelesain gamenya,positif,negatif
3,seru sih seru kalo chat nya batas umur mah seru balikin fitur chat nya batas umur mending kalo ngomong kasar tinggal banned aja akun pokok kayak gitu,netral,positif
3,fitur chat nya batas umur seru,netral,negatif
3,geme tai,netral,negatif
3,game bagus minus nya main game bug resah,netral,positif
1,bagus sih gamenya udah bisa neg chatan temen temen online deket sih roblox pikir kalo buka chat verif muka seru chatan temen roblox seru jelek,negatif,positif
1,enak main neg,negatif,positif
3,update kali chat tolong kembali akses chatnya kamera handphone rusak bisa neg milik akses tolong kembali roblox,netral,negatif
1,aupdet nya udah sih suka,negatif,positif
5,kembali chat,positif,negatif
2,batas usia kalo main enak,negatif,positif
1,game nya seru orang pakai cheat script layer ganggu,negatif,positif
4,update,positif,negatif
4,game nya bikin nglag wifi orang main chat batas kasih bintang,positif,negatif
3,bagus sih kek verifikasi nya udah coba verifikasi gabisa ortu akun kek tolong,netral,positif
3,balikin fitur chat biarr gaa sepi pass fiturr roblox sepi bisa neg kenal tuaa lebihh kecill pls balikinn,netral,negatif
1,rame,negatif,positif
2,roblox bagus bagus cuman chat nya ama face klasik ada neg teru ngelag ngelag mohon baru ya,negatif,positif
3,wow roblox rating atas usah neg woi fitur chat nyaa suka ajar bahasa inggris game,netral,positif
1,gamenya bagus login salah sambung trus terus,negatif,positif
3,         ,netral,positif
5,balikin chatnya,positif,negatif
2,bagus sih game nya please update nya kasih bagus kyk bisa neg chat orang seru neg,negatif,positif
3,temenan balikin vitur caht,netral,positif
3,gasukaa bgt roblox sih dibatasin umur udah gitu verif nya gabisa direset tolong bgt gausah verif gasuka jujur,netral,negatif
1,updatenya bagus neg ada neg chat,negatif,positif
5,wifinya englek gimanasi roblox,positif,negatif
3,game nya seru fitur chat nya hapus seru,netral,positif
3,roblox jelas neg lakuin dagang diroblox kena ingat dagang aneh your account has been moderated for buying selling trading robux virtual roblox items outside the roblox website please bukti valid lakuin dagang diroblox klo rating game nya turun sebarin bukti,netral,negatif
4,bisa neg chat,positif,negatif
5,kaya kontol anj ngotak neg,positif,negatif
1,can add chat feature please,negatif,positif
1,icantchat,negatif,positif
3,bring chat roblox,netral,negatif
3,bring back chat now,netral,negatif
5,fix the new bug now bruhhhh,positif,negatif
3,engga kalo main roblox jangn ngelaig,netral,positif
3,gem bagus dunia ,netral,positif
1,game seru neg hapus hilang akun nya akun,negatif,positif
5,update roblox buruk gara gara ngechat cek foto wajah usia gamenya kaya ngechat bareng teman,positif,negatif
5,kadang susah masuk selver,positif,negatif
3,the rating only because roblox can chat please roblox return our chat feature,netral,positif
5,roblox seru kembali chat,positif,negatif
1,sih seru sama neg chat ada neg,negatif,positif
3,semenjak update verifikasi umur susah interaksi player chat orang pake ktp ortu tolong kembaliin chat nya,netral,negatif
1,wish could give this one star review,negatif,positif
5,tolong buka chat nya woi,positif,negatif
1,roblox ruined everything,negatif,positif
1,game nya hpp,negatif,positif
1,tarik,negatif,positif
5,game nya bagus sih ituloh update nya nambah jelek aja udah gabisa chat update nya update nya chat nya publik gausah verifikasi muka orang gasuka update chat nya karna ribet nunjukin muka tolong min baik yah bug nya baik,positif,negatif
3,fitur chat kembali karna fitur chat teman susah komunikasi harap ulas kembali fitur chat roblox,netral,negatif
1,suka bgt ama game suka lag loding log akun lgi udh bsa neg aneh dsar,negatif,positif
2,lumayan seru iklan nya klo map sih pls roblox hilangin batas chat nya chat pakek muka pokok bikin neg chat hilangg bosen nya pendiem stop pls,negatif,positif
1,akun passkey jaga roblox,negatif,positif
3,log akun erorr,netral,negatif
3,gamenya asik bgtt tarik bisa neg chat suka neg pas masuk map suruh error tolong baik yaa,netral,positif
3,stop dongo update aneh face hilang gerak neg hapus dongo banget david basuki biji kuda di neg bolehin dongo banget,netral,negatif
3,ada neg caht,netral,negatif
5,kembali chat,positif,negatif
5,min tolong voice batas udh vrikasi umur mana ituu chet mana ban aman nya coba,positif,negatif
1,maaf bintang game nya seru bisa neg chat chat roblox,negatif,positif
1,kevin gajadi main roblox kasih bintang,negatif,positif
3,seru neg karna game umur kirim pesan,netral,negatif
3,update visa neg pencet,netral,negatif
1,seruu,negatif,positif
4,akun verifikasi,positif,negatif
4,roblox terlalu neg asik semenjak update batas umur jdi sulit sosial orang bisa neg chat teman vervikasi wajah umur nya teman dri negara bisa neg ngomong ama krn tpi update samping chat susun chat party bagus aja tpi klo kembali roblox kaya pls,positif,negatif
3,gem nya bagus sih keren akun susah sambung roblox,netral,positif
5,want the roblox chat restored can number the playstore,positif,negatif
1,populer karang pemuda,negatif,positif
4,mohon henti verifikasi wajah semua neg anak mesumm,positif,negatif
1,game nya bagus anak anak stelah verifikasi akun google blokir,negatif,positif
2,game bagus burig deh mending main mobile legends chat kasih bintang ,negatif,positif
3,roblox udah bagus neg verifikasi wajah kalo beli pake robux robuxnya duit kasi gapunya duit blgnya mohon baik developer roblox,netral,negatif
3,game nya bisa neg chat kalo udah chat kasih bintang ,netral,negatif
4,update sih update tpi ngk chat,positif,negatif
3,update kemarin update sinyal bagus main bagus seru,netral,positif
3,gamenya bagus bugs fly mati nilai gin,netral,positif
4,game nya ngebosenin neg kali main masuk game nya,positif,negatif
3,internet bagus bilang ada neg gara gara brainrot ilang,netral,negatif
2,lumayan main kunci,negatif,positif
4,aksesoris bayar hilang di neg kembali tolong kembali,positif,negatif
1,ampun dah uodate udh ngomong fans fiz freaking game roblox,negatif,positif
3,game nya bagus tipu map ugc,netral,positif
3,mohon baik bug nya nge bug map,netral,positif
4,komunikasi chat nya tutup susah komunikasi,positif,negatif
1,suka karna udh seru chat bug,negatif,positif
5,map bug semua neg orang tau seru aja kalo tau neg bug nya edit roblox baik kemarin yah buruk banget plis asal neg ban orang edit kek roblox players nya deh asa aja roblox rendering nya beneran kurang drastis grafik aja liat neg loh lokasi map,positif,negatif
4,update mlu njir,positif,negatif
3,game bagus tolong banget chat dibalikin temen hilang satu gara gara chat hilang nyesel main tolong banget balikin chat nya,netral,positif
2,lumayan update,negatif,positif
5,game seru pas main sinyal bagus gabisa masuk sinyal jelek bagus sinyal gabisa chat,positif,negatif
1,akun langsung ban kalo main game,negatif,positif
1,gamenya seru fitur chat hapus,negatif,positif
3,game nya bagus teman map nya seru pas coba brookhaven pura pura bacon cewe ketawain moga orang jahat kayak gitu ben,netral,positif
3,roblox updet,netral,positif
5,please restore roblox chat feature,positif,negatif
3,game nya bagus loh tuh kadang suka nge bug eror gitu kadang pas map tuju kyk salah jaring bisa neg akses internet bagus mohon baik yak author,netral,positif
1,game nya bagus cuman sulit komunikasi semenjak fitur fitur jujur suka,negatif,positif
5,nyaman neg banget bisa neg chat tolong update chat verivikasi,positif,negatif
3,nyedot kuota banget main gamenya,netral,negatif
3,gem nya bagus tolong baik chat nya ngobrol lgi,netral,positif
5,game nya udh bagus mes nya gabisa chatan lgi sahabat udh lanjur verif dgn usia beda kdg suka kesal bug nya roblox item beli pake robux kadang hilang robux tdk kembali item nya hilang koleksi item tolong item baju hapus milik buat tolong kembali robux beli item,positif,negatif
1,game seru dunia sih walapun kasih bintang ngelag game seru banget sih kursng chat mainnin mabar seru baget dah lumayan dimainnin inia raja game sih keren banget mai tuh bug dikit kadang keneksi putus kocak betdah main nexbot jumpscarecok,negatif,positif
1,game,negatif,positif
4,game goblog gembel,positif,negatif
3,terkadang kalo login daftar ilang tuh akun gimana atas lahir,netral,negatif
5,roblox bisa neg chat roblox chat please dengar,positif,negatif
5,roblox shutdown neg maafin,positif,negatif
2,game nya bagus sih update nya trus terus jaring bagus diskonet roblok error,negatif,positif
3,gabisa chat,netral,negatif
2,lumayan suka hapus verivikasi umur bisa neg chat teman,negatif,positif
1,gem bagus seru eror bisa neg bintang,negatif,positif
1,game seru ngeleg banget haduh,negatif,positif
2,bagus sih bagus jujur kcewa karna chat nya kunci verifikasi ktp semenjak fitur rblx batas malas main lagi neg top,negatif,positif
4,aplikasi nya kalo chat verifikasi umur roblox chat kecewa chat verifikasi umur lag aplikasi ,positif,negatif
2,sungguh senang main roblox sayang nya tidk chat kembali chat sih neg tau kalo nya cuman susah,negatif,positif
5,kalo main roblok suka ngelag sma cepet panas simpan penuh neg trus roblok masuk beranda gabisa pencet coba dri apk nya ttp gabisa tolong gimana,positif,negatif
3,bagus sih bagus jaring wifi ngak papa pas main henti bisa neg digerakin habis geme nya terus gitu aja ngak lancar ngak chat plissss topeng dibenerin ,netral,positif
3,gamenya bagus cuman banyak update plus chat,netral,positif
3,sih kasih bintang karna bisa neg ngechat bintang aja,netral,positif
3,lumayan sih gamebagus suka neg branrot,netral,positif
3,updeate engak suka chat fungsi neg,netral,positif
2,roblox bagus neg chat nya tutup pakai foto suka muncul beli robux nyaman neg main kasih bintang,negatif,positif
1,game seru lag disconnect jarngan bagus tambah update ngaco bgt seru ngabisin paket lagi,negatif,positif
1,sedih main akun zhae zara maling blok sedih nya ada neg roblox sensitif dikit blok gitu,negatif,positif
1,pokok,negatif,positif
5,ada neg alas emang bagus game nya,positif,negatif
3,alam virtual terkadang cheater ngeselin pas game muga aja roblox iya kasih like capek nulis nih,netral,negatif
2,hmmm pake akun ayah pas coba game seru tolong delover kalo orang roblox tolong robux nya biar hias karakter sententunya game seru suka bug suka suka hmmm kasih bintang kalo udah update kasih bintang baik bug bug nya suka baik neg hehe game seru tolong tingkat yaa,negatif,positif
5,haduhh game butuh password email telepon macam kah neg privasi game loh ngeluarin data privasi kasih disconnect tau kuota haduhh,positif,negatif
3,kalo ngeupgrade nya,netral,positif
5,memori penuh bisa neg menginstal nya,positif,negatif
5,chat nya blok,positif,negatif
4,klo chat plis jgn suruh ngasih wajah wajah privasi jaga klo david nyebarin muka gimana plis suruh tpi yang neg privasi segitu ajj,positif,negatif
3,gabisa login laptop gmn sih,netral,negatif
2,iklan nya seru neg,negatif,positif
5,permisi kecewa roblox udah gitu chat bisa neg verifikasi izin orang tua baju roblox hilang robux di neg kembali robux kembali di neg kembali rugi hasil uang pakai beli baju kasih bintang roblox baca mohon,positif,negatif
2,seru ngelag,negatif,positif
5,knp brookhaven update neg iri liat pake body kek gituuu,positif,negatif
3,kebal neg akun ceket,netral,negatif
1,seru kalo main roblok chat,negatif,positif
2,asli gaa suka rblx rblx bisa neg chat demo rblx chat moga manfaat yaa,negatif,positif
4,plis kembali chat roblox udh verifikasi chat roblox rusak,positif,negatif
3,fitur chat nya kembali donk kasihan temen temen bisa neg chat,netral,negatif
5,bisa neg buka,positif,negatif
4,hapus fitur batas usia,positif,negatif
1,tolong atas detect akun hapus mod nya vpn detect tolong baik main akun roblox sekian terimakasih,negatif,positif
5,balikin vitur chat nya,positif,negatif
5,akun ban gara gara orang nge report iri liat pet ban bener gblok tolol cheat neg game gblok,positif,negatif
1,game nya bagus,negatif,positif
5,tolong kembali chat kmi,positif,negatif
2,karna suka patah patah iconnet jaring bagus,negatif,positif
2,seru sih seru sih verifikasi umur chat umur privasi tolong hilang update bebas chat,negatif,positif
3,roblox engga seru updatenya aneh aneh chat kunci kalo age grup moderasinya jelek ngomong pake bahasa lokal sensor game pay win,netral,negatif
3,bagus yah bagus sih suka ngelek kalu ganti ava,netral,positif
3,cet teman karna halang usia,netral,negatif
5,tau ngomong,positif,negatif
3,kecewa roblox bnyk atur bisa neg chat dll,netral,negatif
3,opsi lupa sandi indonesia ada neg,netral,positif
5,turun gin rating nya kendalaa,positif,negatif
3,iya sih game bagus tolong game tuh kadang ngelag masuk ama ngeheng pdhl nya knp kadang sering kagak masuk game pdhl sinyal bagus tolong baik ama batas chat game main tim kaya dandy world sepi karna game kek gitu butuh chat bikin tim bikin males main game least moga game chatting kaya moga aja liat ama dev ny,netral,negatif
3,game bagus cocok bnget santai tolong moga roblok ringan segi pemporma nya nya dukung nikmat game nya lancar,netral,positif
1,gaada game seru,negatif,positif
1,wooiii robloxxx gwejjjh pake wifi dcc,negatif,positif
3,tolong ram pelissssss,netral,positif
2,roblox seru muncul orang orang dewasa game roblox game fomo,negatif,positif
4,bisa neg chat,positif,negatif
1,game bejat,negatif,positif
3,roblox seru bisa neg chat temen gara atur umur ,netral,negatif
5,tolong balikin chat roblox chat aja kaya platform kosong berantas orang mesum cari akun malah neg atur tambah rugiin player aja verifikasi nya make ktp maksud kasi bocil verifikasi umur gabisa gara gara ktp,positif,negatif
4,bug neg,positif,negatif
2,gem nya bagus roblox nya padet eror roblox bisa neg chat ama teman,negatif,positif
3,udah bisa neg chat ribet ferikasi umur,netral,negatif
3,game seru map kurang ngak chat smp atas kayak alas nya kalo udah harap bugnya ngak kadang ngeleg jaring bagus game super aman moga gamenya suka,netral,positif
3,asik sih pliss balikin fitur chat roblox hilang bisa neg chat temen woi tolong balikin fitur chatnya sedih ada neg fitur chat roblox,netral,negatif
5,tolong roblox roblox mengmbalikan akun roblox retas akun roblox username ayung akun retas roblox mengembalikanyw mohon,positif,negatif
4,apa verifikasi umur,positif,negatif
1,maaf roblox developer toleong balik chat mohon kembali verivikasinya cuman khusus akun aktif maaf neg nego dikit kalo beberapa neg ayo nego neg nya,negatif,positif
1,kuyasi,negatif,positif
5,udah main wall hop wall flik tamatin tower wall hop susah enak suka neg rena orang mandang ava gitu sekian,positif,negatif
3,bug nya,netral,negatif
2,roblox seru karna komunikasi karna batas usia tampil wajah,negatif,positif
5,kembali chat,positif,negatif
4,roblox tolong kembali chat udah kenal main bisa neg ngechat ,positif,negatif
3,habis diupdate gajelas wifi data lancar tpi load data,netral,negatif
2,seru banget sih karna ngechat teman beda usia udah batas chatnya scan ktp wajah item item bagus hapus nya update ngechat beda usia pake fitur kirim kirim sih bagus semua neg teman negara pulau kalo pake dih ribet mending gausah update aja dah,negatif,positif
3,chat batas bug susah bug kamera,netral,negatif
5,talon akun bagi neg secret komet nessie dah coba loh naik neg index komet kemaren dapat neg index nessie dapat neg main pakek quota wifi neg tau kalo pakek quota habis quota komet kemaren dapat neg nessie sulit nessie brokent nessie love aja kamu neg kasih top rod akun kalo akun dapat neg secret usn cingkariak jef,positif,negatif
2,aja ada neg seru seru,negatif,positif
3,udah ada neg gitu chat bosan cuk,netral,negatif
4,why david bazuki chat has rework,positif,negatif
4,kembali chat,positif,negatif
3,tinggal dikit langsung upgrade,netral,negatif
1,kakak nya muhammad bintang roblox negeri indonesia orang obsesi game orang main oke negeri inggris main bisa neg jaga game main neg awas alhamdulillah dikit main polisi polwan blokir oke,negatif,positif
4,minus chat,positif,negatif
3,bagus game nya hapus chatan nya bisa neg komunikasi teman online kku,netral,positif
4,why can use chat send messages connections,positif,negatif
1,gamen seru bagus jaman ribet sekarng gamenya ksih,negatif,positif
5,admin fish kikir,positif,negatif
2,suka roblox,negatif,positif
3,perbaikin sensor khusus server indo gila aja bahasa jelas gada unsur kasar kena detek chat pantas neg bahasa indonesia anggap sensitif pedahal kagak anehhh,netral,negatif
3,alami leceh seksual roblox harap aman tingkat,netral,negatif
3,kadang pas selesai update roblox gabisa buka ditungguin temen mabar dawg,netral,negatif
3,maaf kalo kasih bintang sebernanya sih bagus gamenya disnconet main langsung disnconet wifinya lancar banget,netral,positif
5,bring back chat feature,positif,negatif
1,game ngestakkk,negatif,positif
1,b r i n g c h a t b a c k,negatif,positif
5,bisa neg chat,positif,negatif
5,batas umur bisa neg ngobrol,positif,negatif
3,asa seru roblox dah cet ajaa farifikasi umur pake pasword nomor ktp anjir mentang geme rame atur mau nya apa cet bisa neg vois cet bisa neg kalo umur tolong dah balikin roblox,netral,negatif
2,roblox seru krn chat lagi,negatif,positif
1,pilih gamenya chatnya dibatasin,negatif,positif
4,bring back chat dari neg teman udah tahun diable chat biar manusia kerja ai neg,positif,negatif
3,upgrade mulu,netral,negatif
3,game bagus game apdate berat,netral,positif
1,suka banget udah soal neg batas usia bisa neg chat,negatif,positif
2,roblox seru neg nge chat verif turut turun semangat main roblox main bisa neg sosial kembalikanrobloxyangdulu,negatif,positif
4,happy bisa neg chat tolong balikin fitur chat,positif,negatif
5, balikkin chat,positif,negatif
4,selalu neg updated terkadang memori cukup neg don update roblox too often because many people still have small memory,positif,negatif
4,gemnya seru neg bisa neg chet,positif,negatif
3,gara gara chat restrictions jdi ngomong temen nih bisnis roblox bangkrut kali aviation,netral,negatif
4,tolong age verification hilang pls,positif,negatif
5,seru sih seru akun acorn night the forest day udh kena block roblox akun dah gitu main hack akun akuu hacker nya kerja aja dah kata admin heh ban aja napa hacker nya updatenya seru kalo chat ngapain sih hapus muka classic muka main woe dasar admin aneh,positif,negatif
3,game nya seru tpi semenjak upgrade jdi seru,netral,positif
3,aneh banget main map kamera nya gerak digerakin yaa,netral,negatif
3,bagus fitur chat nya udh gabisa sih,netral,positif
1,bagus gausah pake robux kasi ava bacon ken rasain ava bagus gratis map gausah bayar bagus keren bayar biar adil moga gitu,negatif,positif
2,mantap,negatif,positif
5,sidah main game baik gamennya sanagt seru banyak updatenya bisa neg chat chat cuman bisa neg komunikasi orang anak anak item item bisa neg pakai beli pakai duit rugi,positif,negatif
3,gamenya sudh bagus fitur say dapat neg komunikasi teman chat komunikasi orang tolong roblox kembali chat,netral,positif
1,gamenya seru sih bisa neg chat,negatif,positif
3,gasuka batas usia jdi gabisa main puasa,netral,negatif
1,emeng ras geme masak topi harga nya robux emeng ras coba kembali fitur chat roblox biar senang geme bikin orang marah bahagia neg,negatif,positif
3,game nya asik kasih rating karna orang nya toxic bisa neg chat perilaku senonoh neg,netral,positif
1,game nya seru butuh fitur chat sulit komunikasi,negatif,positif
3,lumayan bug nya udah bisa neg nge chat,netral,positif
3,seru bngd tpi anda ava item gratis seruu,netral,positif
2,senang update baru fitur ketat mic disconnect orang orang dengar lagu,negatif,positif
5,roblox fitur chat,positif,negatif
3,main,netral,positif
5,update nya bener verifikasi usia chat karna main naval warfare banyak kalo menang ngejek bikin sakit hati,positif,negatif
3,jijik bisa neg chat,netral,negatif
5,refreshing,positif,negatif
2,game nya nyeleg banget nya gede banget,negatif,positif
1,bagus cuman main nya begooo,negatif,positif
5,bisa neg ngomong,positif,negatif
3,game nya seru bisa neg chat chat,netral,positif
3,game bagus tolong kembali mode chat gampang komunikasi semua neg anak mick,netral,positif
3,lumayan bagus gemenya lagi neg geme anak anak seru,netral,positif
3,yaha bintang roblox turun,netral,positif
3,kembali chat chat roblox,netral,negatif
3,seru bisa neg chat crash,netral,positif
3,seru sih bisa neg chat karna batan usia ngebosenin,netral,positif
3,seru ngeleg pas main udah dibenerin nyesel bgt deh pdahal liat banget seru,netral,positif
5,udah main profil main akun banyak nama nya ngawur karna tau neg gimana upgrade tolong chat nya plis,positif,negatif
5,roblox bisa neg chat ,positif,negatif
4,ksi fitur cht skrng,positif,negatif
3,gasuka banget update roblox gabisa chat trus jga ganti wajah klasik jdi kaya ngedip gapapalah worth kasi bintang,netral,negatif
3,lumayan bagus bug menganggu main tolong kembali chat komunikasi mudah komunikasi,netral,positif
5,bisa neg tup dana dikit tolong baik,positif,negatif
4,udah bisa neg cet,positif,negatif
3,sebenernya udah bagus cuman chat nya verivikasi ribet foto ktp kalo ada neg ktp gimana ribet gara gara update chat map sepi ada neg nge chat dibrookhaven pake papan biar ngobrol,netral,negatif
3,what with the new updates bruh,netral,negatif
1,game kocak,negatif,positif
3,karna batas usia chat chatan roblox,netral,negatif
3,woi gaada fitur iklan tau,netral,negatif
2,bagus bug avanya nge blur roblox tolong baik bug terimakasih,negatif,positif
5,ahh silit damn balikin chat,positif,negatif
3,game nya bagus fitur fitur baru sang sebal akun says terbanned tampa alas,netral,positif
3,game fav,netral,positif
1,tolong kembali map bisik gunung temen pingin main,negatif,positif
3,roblox beda kaya neg seru item bagus hapus bisa neg chat temen verifikasi udah verifikasi bisa neg chat orang seru neg roblox mohon game roblox hapus verifikasi nya biar chat temen please,netral,negatif
5,gem jelek cuih,positif,negatif
5,bisa neg chat susah ngobrol temen balikin chat neg nya kasi bintang deh,positif,negatif
1,enak iso chat,negatif,positif
1,game nya bagus boros kuota boros batre,negatif,positif
3,please kembali chat robloxx,netral,negatif
1,roblox baik bisa neg main nih,negatif,positif
5,gua udah open mic beda usia huhu,positif,negatif
5,kembali fitur chat,positif,negatif
5,gabisaa ngirim pesan,positif,negatif
3,brokheven blum apdet,netral,positif
4,dri main roblox ubah bagus cumn update nya pikir lgi udah verif umur umur asli bilang umur atas nya,positif,negatif
3,update mulu woi jelek,netral,negatif
3,sukaaa bangettt samaaa roblox ini mantep bgt update nya ngotak neg,netral,positif
3,gamenya bagus sih plsss admin kasi gua fitur brokheaven updatenya plsssss banget kasih rating,netral,positif
4,chat,positif,negatif
3,suka roblox inih ngk ikln ,netral,positif
3,bug melulu sinyal nya bagus liat apk lancar lancar aja pas main roblox ngelag nya ampun,netral,negatif
5,bisa neg abden roblox nya,positif,negatif
3,seruh,netral,positif
1,fitur umur bagus mohon developer fitur chat buka lagi,negatif,positif
5,balikin chat kami,positif,negatif
3,batas usia,netral,negatif
5,plis update vitur caht hapus kembali bisa neg ngobrol temne akuuuuu plisss,positif,negatif
5,berat banget jir game,positif,negatif
3,game nya bagus suka ngelag bisa neg chatan,netral,positif
4,chat roblox balikin plisss,positif,negatif
3,didn get the latest features brookhaven but saw download update not there how get the update,netral,negatif
3,bug kadang kamera geser kek kunci gitu playernya ngemis ngemis pas di neg kasih paksa pas kasi ngelunjak bacon semua neg,netral,negatif
3,mah kalo sus kasar hapus aja gausah pake izin orang tua,netral,negatif
3,bagus,netral,positif
5,udh fitur chatnya,positif,negatif
3,bisa neg chat seru neg,netral,negatif
3,banget upgrade main ganggu nunggu upgrade nya sai,netral,positif
4,dulunya kasih bintang karna udah update bisa neg komunikasi moon maap chat nya tolong di neg update kaya ya,positif,negatif
5,map nya bisa neg chat kek plis roblox kembali roblox,positif,negatif
3,bagus sih main roblox thn aman aja pas banyakkkkk bgt nge stage nya semenjak upgrade trs nge stage bug nya yaudah aja sih sya ganggu bgt sih main tenang moga baru bagus minus nya terimakasih ,netral,positif
3,gasuka fitur verifikasi takut data curi roblox hancur kurang drastis main brookhaven tower tower bang doncelg harap update hancur neg roblox,netral,negatif
2,bagus sih pake izin ortu kalo komen gitu face hapus,negatif,positif
3,adik usia bisa neg cheat,netral,negatif
5,aneh gua udah maen game nya suruh ngulang,positif,negatif
3,rip chat kembali chat,netral,negatif
3,bagus bisa neg komunikasi pakai izin orang tua,netral,positif
5,bisa neg update roblox,positif,negatif
3,gin suka main kereta roblox bisa neg chat mic rating makasih,netral,positif
4,complaint roblox that can communicate with friends who are different ages please fix can chat and play with friends who are different ages from,positif,negatif
3,benerin game roblox ditambahin age verification classic face ganti face jelek,netral,negatif
3,chat nya balikin dong,netral,negatif
3,roblox kikir,netral,negatif
4,please dehh seru neg gabisa chat ngomong gabisa suruh ikutin loncat loncat biar ngikutin pakai mic mulu kasih bintang gin aja bagus,positif,negatif
3,gemenya bagus salah geme coba dihp satu salah lag lompat tower jatuh lag defolofer tolong kurang lagnya makasih segitu aja keluh kasih bintang,netral,positif
5,photo neg chat data curi di neg coba,positif,negatif
3,bagus tpi krn chat bestie,netral,positif
3,seru item nya bayar,netral,positif
3,bisa neg chat bisa neg ngobrol mabar temen,netral,negatif
5,balikin chatrobloxnya,positif,negatif
3,main nya seru banget,netral,positif
4,game roblox ngelag ngelag bintang,positif,negatif
3,game nya lag banget karna fitur bisa neg komunikasi teman,netral,negatif
1,suka neg roblox bisa neg komunikasi mohon roblox buka komunikasi sekian terima kasih,negatif,positif
5,bisa neg chat sakit hati bisa neg chat  tolong robox fitur chat kembali,positif,negatif
3,roblox bisa neg chat,netral,negatif
5,even though there are many bugs give five stars the bugs are normal like wall hop then suddenly jumps itself and often walks itself open the chat can opened closed please help,positif,negatif
2,game nya seru fitur chat nya hilang bisa neg komunikasi,negatif,positif
1,update age seru,negatif,positif
2,apdet nya seru brookhaven nya ditingkatin trimakasih neg wasalam,negatif,positif
3,mksiihhh roblox cmn bugny diperbaikiiii yaaaa bnyk neg update weeeee,netral,positif
1,pensi main neg roblox,negatif,positif
5,pls balika fitur chat anak banting karna fotir chat hilang pls kembali,positif,negatif
3,semenjak fitur chat kalang umur roblox borring map nya banyak copy tolong baik,netral,negatif
4,bener udah enak kayak bug bugnya tuh tembus disconnect tolong roblox benerin game nya,positif,negatif
4,game nya jelek,positif,negatif
4,batu game nya,positif,negatif
2,gem nya bagus kalo main map bike drag suka crash suka tolong kembali chat,negatif,positif
3,game seruu senang semangat game coba tualang teman teman,netral,positif
4,buka roblox layar hitam langsung neg muncul,positif,negatif
4,bingung ama nih game asa umur ubah roblox burik bgt dah,positif,negatif
3,bagus kesal karna bisa neg chat,netral,positif
3,balikin fitur chat woi verifikasi akun ilang tuh gara gara verifikasi langkah,netral,negatif
3,gemenya seru banget ngelek vois chatnya hapus ngechat temen beda umur tolong apdet aneh neg aneh roblox seru,netral,positif
3,aman akun hilang bug kode palsu habis hilang akun tolong baik aman bug bug sebar game,netral,negatif
3,banget update nya kalo di neg update bisa neg pake,netral,negatif
1,bagus banget btw robux gratis canda,negatif,positif
2,game seru sayang ngechat gitu hehehehe,negatif,positif
1,banget upgrade soalny,negatif,positif
3,payah bisa neg chat,netral,negatif
1,roblox you are very good but now you drop return chat,negatif,positif
3,game nya bagus kembali chat,netral,positif
4,asli bagus bisa neg chat,positif,negatif
3,halo bikin deteksi akun lokasi akun esskibiditoilet lokasi vietnam gara gara login roblox,netral,negatif
4,roblox dikit update,positif,negatif
5,loading sanpe bisa neg main wifi lancar,positif,negatif
3,update mulu jirr males gua disconnect boros kouta gua harap game depan bagus,netral,negatif
1,tar bagus roblox map plis pas main roblox masuk map kode wifi aman pas main kode dai map nya males main,negatif,positif
3,game nya seru nge chat kalo ngechat bagus kali game sempurna,netral,positif
5,bring back chat roblox,positif,negatif
3,roblox sih main tower layar seperti neg brokhepen layar nya kayak gitu enak gimana main nya jelas neg banget,netral,negatif
3,gbisa chat,netral,negatif
3,udah main game kecewa beli ava set hilang,netral,negatif
3,suka bug ngabisin kuota cocok guna wifi seru game,netral,positif
4,disconnect jir,positif,negatif
3,lumayan seru pliss fitur chat nya biar seru kaya,netral,positif
5,main ada neg chat chatnya bisa neg nulis gitu chat,positif,negatif
3,update mulu bug kecwa,netral,negatif
3,freak orang ngecheat pernah neg kena band gilir orang ngirim pesan aja kena langgar bilang kirim sampe akun gabisa akses kalo ngomong gitu lawak,netral,negatif
5,pls devoloper bisa neg main game hape rusak bisa neg main roblox udah download mas bisa neg pls devoloper ,positif,negatif
1,sorry nih tolong buka chat nya robloxxxxxxx kalo kasih bintang,negatif,positif
3,this game good main update nya chat batas harga item bug,netral,positif
1,heihhh,negatif,positif
4,kasih gin karna roblox kaya sekolah bisa neg chat seru neg,positif,negatif
3,konsep update nya gmna msa verifikasi umur chat tolong developer nya balikin fitur chat verifikasi umur,netral,negatif
2,game seru chat chat hapus aman tau neg,negatif,positif
3,roblox udh seru neg update baru bikin roblox seru fitur chat main teman virtual player,netral,positif
3,pokok,netral,positif
3,gabisa chattan males,netral,negatif
1,game seru banget onmic ngechat teman,negatif,positif
5,update rendah memori game tetep aja bug patah patah game gua udah zaman covid oke aja sih tetep mainin moga depan lancar gamenya,positif,negatif
3,please return the chat can not chat with minors want chat back beg you,netral,negatif
3,game roblox ngelek update mulu,netral,negatif
3,suka ama game nya knp pas main brookhaven ketik knp error pdhl roblox grafik nya bagus ngebug tolong baik,netral,positif
3,aja deh nih game beneran bug crash dll wifi bagus tetep nge lag,netral,positif
3,please why should roblox chat closed and how open must verified someone says inappropriate words they can banned immediately will difficult for communicate pls that roblox chat can reopened thank you,netral,negatif
5,seru neg chat ban plis balikin udah kasih bintang mohon balikin chat nya ,positif,negatif
3,update chat usah neg foto pake udah hasil sesuai neg umur asli mending toxic chat ban maksimal biar jera game nya bagus cuman berat,netral,negatif
2,bagus pulihin akun kode verifikasi digit muncul neg muncul tolong tanggap,negatif,positif
3,akun hilang verifikasi code digit,netral,negatif
3,updatenya aneh ngebuat kelompok umur hrus verif susah komunikasi,netral,negatif
5,halo tim roblox ringan game roblox lag neg main main game bisa neg buka pas login akun ngelag bisa neg gerak tolong game ringan,positif,negatif
3,donate robux masuk cuman robux,netral,negatif
4,plis balikin chat nya kayak asik udah hapus tolong cheat hacker ban bug bug baik,positif,negatif
5,pli kembali chat,positif,negatif
5,gem nya tolol kaya pesek,positif,negatif
3,wifi lancar bgt disconnect benerin dlu roblox kita neg pensi,netral,negatif
3,tolong roblox banyak neg yaa,netral,positif
3,buset dah dikit update update asa tetep bae ngebug jelas neg,netral,negatif
3,baguss sihhh banyak upgrade nya memo nya cepet penuhh,netral,positif
5,bring back chat feature,positif,negatif
1,seru game nya game anak anak bgt pake ktp gitu biar komen kayak ngeselin sedih banget upgrade mentang mentang adroid takut nya bisa neg main karna kadaluarsa,negatif,positif
3,pleas kembali fitur chat pleas,netral,negatif
5,roblox nya gajelas okeyy,positif,negatif
3,game nya bagus sih banyqk bug nya kadang kadang jarinan oke tetep aja lag,netral,positif
4,hayya akun owe ilang balikin owe neg udah top kali loh balikin neg,positif,negatif
3,tolong baik bug karakter masuk map karakter kotak pakai neg apa mohon baik,netral,negatif
5,download tagih di neg kembali chatnya susah cari teman lompat ban kata kasar pantas neg hapus apa neg main,positif,negatif
3,ban jandel talon kasih bintang,netral,positif
5,rena game megasah otak interaksi player,positif,negatif
4,game bagus update buruk baget age verification update buruk keluar roblox,positif,negatif
3,woi balikin chat nya main dandy world gabisa komunikasi balikin gapeduli umur thn thn karna baby face,netral,negatif
3,knp main suka kalo game tolong neg yaa,netral,positif
4,kembali roblox rame chat voice chat,positif,negatif
5,semenjak upd teman off,positif,negatif
3,tolong developer kembaliin fitur chat seru neg chat bisa neg nal orang,netral,negatif
1,suka game rekomen,negatif,positif
1,gamenya bagus kalo main map roblox pas update akun kunci sih main map verifikasi mohon hilang nya roblox dulu,negatif,positif
5,troll mtegarp anak,positif,negatif
3,knapa update fitur knapa ganti jelek,netral,negatif
3,this game good but chat verification made bad before rate this game stars now stars,netral,positif
3,game nya udah bagus updated neg kuat neg,netral,positif
1,seru,negatif,positif
5,why the chat closed please open,positif,negatif
3,jujur roblox emang enak banget dimainin pas gabut emang ken santai tolong kalo update bulan neg bulan kali minimal gitu gapapa lihat memori nya kalo bulan bulan kali berat lepas neg kalo game emang enak bgt udah mainin mainin,netral,positif
2,emg suka tolong kembali chat suka neg baru suka baru tolong kembali main teman teman terimakasih semogadikembalikan,negatif,positif
2,seru sih map nya item ikang robuxny ilang balik neg kayak robuxku udh dibalikin ngga udah bulan nih,negatif,positif
3,update orang orang body bagus ada neg body bagus,netral,positif
5,ngk update,positif,negatif
2,bagus baget sayang bisa neg cet males main ,negatif,positif
3,please kembaliin fitur chat nya please bintang,netral,positif
1,bagus sih aman neg akun ambil org top hilng akun aja trus barusan aja bikin akun top ambil akun ngasi tuh udh susah bgt loh trus hacker biar masuk roblox bikin akun kena hack udh segitu aja terimakasih moga bis erti,negatif,positif
4,gem bisa neg didonlot dihape donlot bisa neg,positif,negatif
3,bagus banget seru ken banget robux gratis spin robux gratis,netral,positif
5,mainn game suruh upgrade lagi ngorbanin capcut hapus game trus suka ngeblank ngelag apk ngelag pokok salah nya,positif,negatif
3,bagus sih min tolong chat nya kembali,netral,positif
1,tolong update nya kasi ram nya,negatif,positif
3,suka neg update nya,netral,positif
3,donlowd bae roblox sampe,netral,negatif
3,aja,netral,positif
2,seru sih seru lag nya tolong benerin buang buang aja login nya tiktok aja lancar dan neg lupa neg ramadhan batalin neg puasa player nya kalo rating pilih,negatif,positif
3,game nya kaya neg bisa neg komunikasi,netral,negatif
5,bisa neg cetan,positif,negatif
4,chat nya kembaliin bisa neg ngobrol,positif,negatif
1,game nya bagus bangeeet,negatif,positif
3,bagus bug nya bikin risih masuk map wifi lot neg jaring bagus fitur chat privat bikin main bisa neg komunikasi langsung bikin roblox seru neg pokok update kurang seru harap chat privat hapus lancar komunikasi main terimakasih,netral,positif
5,kembali fitur chat,positif,negatif
5,scam blokir maksud developer,positif,negatif
3,suka banget game map sayang map game tolong hapus map mnegandung item udah beli hapus neg kalo udah hapus kasih robux beli pake uang bole kalo neg chatnya kasih bisa neg chatan temen lama roblox udh verifikasi wajah beda umur gabisa chatan dua lagi,netral,positif
1,gamenya seru neg hilang voice chat teman obrol ajar main roblox,negatif,positif
1,tulis security detected,negatif,positif
4,game seru bikin murka kadang kadang game nya disconnect sinyal nya kuat ngeleg tolong baik roblox,positif,negatif
3,maaf kasih salah game nya bagus sih server bagus ngebug and bisa neg ngechat and ava nya jelek baik hujat hujat tau neg roblox kek gin main roblox kecewa karna main mainin tolongggg baik yaaa admin roblox,netral,negatif
3,atur nya suka neg bisa neg ngobrol tua muda,netral,negatif
5,update juni ngebug teruusss game,positif,negatif
3,udah update suruh update males item jadul hapus disconnect seru seru main,netral,negatif
4,benerin ngeleg nya,positif,negatif
1,game nya bagus verifikasi mukak nya masalah umur dapet umur sampe,negatif,positif
4,game nya bug tolong benar bug nya,positif,negatif
5,game nya ada neg iklan ngelag,positif,negatif
2,ada neg vibe seru,negatif,positif
4,gua kasi bintang aja roblox fitur chat bisa neg chat player kalo chat player verifikasi usia buka chat nya,positif,negatif
1,suka game main map connect jaring kuh bagus,negatif,positif
1,bintang kasih roblox kembali fitur chat mohon brokheven hapus tuju tolong kembali fitur chat mohon moga kembali fitur chat kembali berterimakasih bintang kasih,negatif,positif
2,mood aja main suka epep lama,negatif,positif
3,roblox tolong aja kembali cat badahal perna neg toxic,netral,negatif
3,jelek,netral,negatif
2,game nya udah bagus tulis security threat detected perangkat ada neg aplikasi curiga tolong baik bugg ini,negatif,positif
3,mas syukur grup gua neg marah karna gakada chat,netral,positif
5,hai roblox tolong cepat verifikasi email pending bisa neg chat verifikasi wajah umur tolong cepat verifikasi email robloox hadeeeh ken chat nama akun adit nama indoskar king,positif,negatif
3,suka banget sih roblox bisa neg chat kenapasih hilangin chatnya batas umur sih bisa neg komunikasi klo bahaya gimana coba,netral,positif
3,gamenya ambil kuota beli kuota lihat aja habis hari nyampe,netral,positif
5,tolong balik roblox chat voice scam neg wajah roblox,positif,negatif
5,benci game fitur chat hilang,positif,negatif
1,mna chat nya blikin pls roblox blikin chat,negatif,positif
3,kasih bintang udah bisa neg chat,netral,negatif
1,kasih robux kasih bintang,negatif,positif
4,apdett neg lagi nya aplikasi hapuss ,positif,negatif
3,bagus mantap versi ponsel,netral,positif
4,kalo item rlbx ilang minimal robux nya dibalikin,positif,negatif
4,chat hilang tolong kembali fitur chat,positif,negatif
3,pake item brookhaven bgt muncul nya,netral,negatif
4,gabisa chat,positif,negatif
3,updat aplikasi kikir baju gua di neg balikin pante nama akun gua csvxreyy rubox dibalikin neg,netral,negatif
3,game nya seru tpi saran item rblox jgn hpus beli kasi,netral,positif
1,teu bere robux,negatif,positif
3,gila seru benerrrrrrr,netral,positif
3,bagus sih chat hapus face classical hapus,netral,positif
4,burik ada neg fitur chat baik fitur chat nya bintang nih update,positif,negatif
1,bagus,negatif,positif
5,kembali roblox,positif,negatif
3,bagus sih bug patah patah bisa neg chat main salah map disconnect jaring nya bagus disconnect kadang bisa neg main map kayak dead rails macam,netral,positif
3,kasih bintang sih vitur chat gampang hapus kasib bintang vitur chat udah kasih bintang deh,netral,negatif
3,susah login,netral,negatif
5,asli kasih bintang biar liat ulas pilih bintang asli game gamenya perfect bagus but somehow schlep bantu nangkep predator tuntut update robloxnya sampah banget ampas pake banget chat verifikasi verifikasi udah ribeetttt roblox please don make stupid update and hastag freeschlep,positif,negatif
3,pingin kalo game nya sering neg update pingin klo chat voice chat verifikasi pingin banget klo dimainin offline,netral,positif
3,bring chat back else,netral,negatif
5,balikin fitur chat nya,positif,negatif
5,afinitas koneksi sahabat pacar pas main tulis nama nya saran,positif,negatif
2,suka main game boros paket gabisa offline,negatif,positif
3,tolong baik lag nya rangin,netral,negatif
2,kasih bintang sih bagus item batasin kayak ganti tahun neg item nya gratis sin biar orang rasa item bisa neg rasa,negatif,positif
5,pdhl batas chat bagus anak klo pgn chat voice chat tinggal verifikasi umur susah abis verifikasi tinggal atur komunikasi tinggal nyalain dipermasalahin coba protes wkwkw klo chat temen beda rentan usia tinggal jadiin koneksi percaya scan doang,positif,negatif
3,turut banyak neg update deh,netral,positif
2,ehh game nya bagus tpi moderation nya buryk banget weh,negatif,positif
1,game nya bagus sayang orang cheat,negatif,positif
3,dsruh update mlu bru bbrpa hri nge update,netral,negatif
1,batas neg chat karna game roblox seru tolong baik bugselata,negatif,positif
3,bagus update neg tunggu,netral,positif
5,masuk eror,positif,negatif
2,tolong adakan fitur save checkpoint biar kalo kalah ulang,negatif,positif
1,emang baaaguuuus geme nya bug gadang suka,negatif,positif
5,loading tuh cepet blox blok,positif,negatif
1,roblox nya ngelek,negatif,positif
3,kasih chat kek gjls bgt gmn interaksi orang,netral,negatif
5,knp bisa neg upgrade pdahal download,positif,negatif
3,kasih bintang gerafik mulus bagus balik chat roblox hapus sistem ken muka sepuh pas main teman give stars the graphics are smooth and good but the opposite true for roblox chat and delete the face scarred system and the old style when played with friends pls roblox team please chat again first pls ,netral,negatif
3,lumayan bagus cuman terkadang erol jaring klo main tolong baik aja jaring bagus,netral,positif
4,klo chat ribet banget saran chat verifikasi klo umur ajaa ,positif,negatif
4,exclaimed can chat age,positif,negatif
3,bagus bagus kurang layer jail biar neg lapor benet,netral,positif
4,tolong baju beli hilang gimana biar,positif,negatif
2,gamenya bagus cuman kalo ngobrol orang kenal neg gakbisa aja sih orang toxic,negatif,positif
3,sih game seru banget mabar bareng temen main tower apa download leluasa main,netral,positif
5,geme bagus gabisa chat kali chat peripikasi usia peripikasi wajah,positif,negatif
5,chat verifikasi usia letak seru player,positif,negatif
3,mayan fiks bug kasih rating sih game sampah disconnect chat kembali neg face klasik animation face desain bodoh fake headless murah hapus game makan ruang simpan not recommended download this game,netral,negatif
3,gamenya bagus banget drama updatenya jelek jelek,netral,negatif
3,disconnect mulu main cdid server nya shut down,netral,negatif
4,karna fitur voice chat alami bug ganggu komunikasi mic ganggu periksa mic masalah neg mohon solusi,positif,negatif
3,udah lumayan bagus bug analog gerak layar bisa neg pencet jaring hilang bagus mohon baik cepat,netral,positif
3,lumayan lahh ngilangin stress,netral,positif
4,update jaring aja sinyal nya bagus main tiktok telegram game lancar aja roblox sinyal nya kadang jelek koneksi putus pada jaring aman aman aja putus mohon tangan,positif,negatif
3,item baju celana ilang mulu baju ilang aneh bug kah dah baju ilang roblox tolong ilangin bug nya nya beli pake gopey emak kasih nya kalo susah pake beli robux beli baju celana rambut wajah total pas dah ama robux beli dapet baju ilang sedih banget,netral,negatif
3,buka fitur chat nya kalo kek gin mending hapus aja aplikasi,netral,negatif
4,bagus seru neg banget main ada neg chat game burik mending main gorebox game jelek doain gamenya turun baca pesan bikin neg update baru guna neg rusak nama game,positif,negatif
3,        t  tpi klo chat ventrikasi umur,netral,positif
4,bosen bisa neg cet orang,positif,negatif
2,bintang karna yaa bagus sih gara gara chatnya batas sulit main teman keluarga bug bug nya enak neg main moga baik ya moga updatenya,negatif,positif
5,woi chat nge chat bener kocak,positif,negatif
5,yaaa gua bagus aja gimana verifikasi tinggal nunjukin wajah makek email and kadang kadang gua crash wifi lancar banget gua main tower loncat nya uda gua pencet mala loncat neg bikin kesel disconnect ngeselin banget,positif,negatif
1,muas,negatif,positif
3,senang ada neg fitur chat game terlalu neg bosan,netral,positif
4,tolong balikin chat,positif,negatif
5,kembali chat seru neg ada neg chat,positif,negatif
5,tolong kembali chat,positif,negatif
3,kalo karna neg chat roblox hapus udah kasi bintang game,netral,negatif
3,jujur suka game sihh semenjak suruh upgrade gabisaa gatau robux beli neg robux kayak gimana plss sayang banget robux nya top tolong roblox,netral,positif
3,seru seru ngobrol bareng temen main bareng diem kayak orang asing kayak kenal nya diem lompat lompat ngerti arti lompat lompat ceo roblox plis kembali indah aja harap dah demo game peringkat enak diem kayak orang asing kenal asa kayak kenl,netral,positif
5,kembali fitur cet roblox,positif,negatif
3,sebenernya udah bagus cuman pas update cht roblox batas seru karna gabisa ngecht dngn teman teman aga sepi saran sih cht nya buka aja biar riweuh neg verifikasi muka,netral,positif
5,game sampah,positif,negatif
1,gamenya seru senang kasih bintang,negatif,positif
1,suka sih game nya rada kesel dikit update tan terus bikin memori penuh apus update nasib oppo,negatif,positif
5,orang orang dongo udh tau koneksi gada tau kecuali operator nyalahin robloxnya chat aman beberapa neg orng ngatain analog loncat putih ghost touch dari neg robloxnya hplu aja trus kalo nya mini game nya jgn protes roblox blog protes komu mini gameny jelek overall game bagus bagus orng roblox indo dongo dongo ngasih bintang karna biar orng orng dongo liat,positif,negatif
3,kasih bintang bug nya chat roblox batesin beda umur kasih bintang aja,netral,negatif
4,gara gara bisa neg chat,positif,negatif
3,suka sihh chat hilang bug,netral,positif
3,get back chat first will ranting star,netral,negatif
5,chat balikin plss,positif,negatif
3,nge bug,netral,positif
3,game bagus banget kadang sus ama orang fomo trus isi map aneh aneh grafik nya bagus,netral,positif
3,abdet seru,netral,positif
3,open the damn chat features,netral,negatif
3,upgrade,netral,positif
1,game seru main,negatif,positif
3,gem nya bagus suka bisa neg cet cek usia,netral,positif
3,chat feels dry,netral,negatif
5,bilang crash patah burik gausah main roblox main pou aja ringan game bagus loh,positif,negatif
2,bagus hapus neg atur chatnya,negatif,positif
3,bagus,netral,positif
3,sebenernya sih bagus bagus aja game nya cumann tuh kesel update melulu udah mah gajelas update nya tau neg guna update tan nya tetep nambah nyah,netral,positif
5,apa bisa neg ngechat orang roblox dongok,positif,negatif
3,minitur cantik cantik kurang nya kadang ngeleg game nya asik update aja gitu sih aja kasih bintang,netral,positif
4,maaf chat hapus,positif,negatif
5,banyak atur update buruk,positif,negatif
4,chat roblox nya kembali gabisa ngobrol bebas udh sensor chat,positif,negatif
2,gamenya seru sih aneh nya suka tolong baik,negatif,positif
3,jujur bug updt guna neg,netral,negatif
3,gaada chat seru neg,netral,negatif
2,tolong plis khusus nya developer roblox tolong kembali chat nya kalo gabisa chat kya gin bosen sma roblox tolong kembali chat roblox,negatif,positif
1,kalo kasih bintang punyak brookhaven ada neg update sih,negatif,positif
3,asih bintang main seru sih masuk main nya ada neg koneksi internet internet bagus banget tolong tiperbaiki,netral,positif
1,roblox seru fitur chat batas,negatif,positif
3,game bagus sayang nya ada neg fitur chat,netral,positif
3,roblox bagus udh chat teman verifikasi ngelag wifi kenceng internet bagus main disconnect roblox ribet,netral,positif
4,bisa neg chat,positif,negatif
5,bguss banget walapun kotak,positif,negatif
1,roblox senang neg kalu main langsung panas,negatif,positif
5,balikin chat neg nya,positif,negatif
4,game tolol,positif,negatif
3,suka game nya tolong chat roblox baik moga depa roblox chat,netral,positif
4,kembaliin chat,positif,negatif
2,game senang grow garden map roblox mabar download,negatif,positif
1,kasih grafik aplikasi main biar main ngak ngelag lot,negatif,positif
3,kasih bintang kalo chat kembali,netral,positif
5,tolong knp bisa neg login habis hapus roblox mengisntal login pental akun coba bikin akun bisa neg tolong tanggap sekian,positif,negatif
5,nganu gsk upd bru mls main,positif,negatif
3,bagus seru kalo join teman bisa neg udah wifi nya tolong yah baik,netral,positif
3,karna roblox chat jdi seru kasih rating nya cuman bintang,netral,positif
4,bisa neg main roblox baca batal coba ,positif,negatif
3,game ngelag lumayan seru main game,netral,positif
3,gamenya lumayan main fish bikin leg buat kikir,netral,positif
