reviewId,userName,userImage,content,score,thumbsUpCount,reviewCreatedVersion,at,replyContent,repliedAt,appVersion
1df40523-8828-44f4-b4cd-e5dc6707a105,Daffa Alfarizi Hermawan,https://play-lh.googleusercontent.com/a-/ALV-UjXqj5CKqEmiCYNh-c4m8vrYIW3Zcrfb3hHD4PjKKtFuDuVCzHs,gw pas mau download Roblox bikin delta malah ke awal lagi delta nya,5,0,,2026-04-22 22:47:10,,,
9d7cbb6e-f973-4dcb-8f78-1684e261a7c7,Dinda Sri Assyfa,https://play-lh.googleusercontent.com/a/ACg8ocKkbYvAt0q0ErcNwElB_uO5cGza6Fq_adp2ieY8QTK5fnrZaQ=mo,disuruh upgrade mulu,1,0,,2026-04-22 22:44:48,,,
526be8bb-ab15-43ea-b22b-d7f24a7d34b3,Lita Za,https://play-lh.googleusercontent.com/a/ACg8ocIkG1hM6WgS22OXfJHliD45I5u_PGsJbnuKDQwZulhs1Tjv8g=mo,bintang🌟🌟🌟⭐⭐good,5,0,2.715.1115,2026-04-22 22:40:29,,,2.715.1115
114eda15-8a0a-4297-87fe-ffb311187cd9,Shasha Shifa,https://play-lh.googleusercontent.com/a-/ALV-UjWNU3xcUA9YhCAdVoopNLS3F2P9I3Trb2r49YcnIPOVCeSZuBA,makin kesini roblox makin... gimana ya kurang suka sama rules barunya..,2,0,2.717.985,2026-04-22 22:39:50,,,2.717.985
9aec06fc-4f27-49e8-b3fa-646fcd93e060,Denis Denis al hafiz,https://play-lh.googleusercontent.com/a-/ALV-UjVo3PKoSdg06C0eiwurJJc_hNQYvUbJxaj74BAyQg7hgjqgmKFU,gamenya keren dan bagus,5,0,2.717.985,2026-04-22 22:35:40,,,2.717.985
a17c0349-025e-42d3-8ce4-f47e3fc549ba,safira andini,https://play-lh.googleusercontent.com/a-/ALV-UjXesbQQ3cBOrYXXytI2v6qQjMtbry2G6vY-dRkRcgjIW2yMTtPk,menurut aku aku suka game ini karna banyak permainan lainnya jadi tidak bosan,5,0,,2026-04-22 22:31:33,,,
783b96b3-d4af-4446-8469-22d475050dc0,Amelya Putri,https://play-lh.googleusercontent.com/a/ACg8ocJCvDXAf6zHuxbKSqPQLlBsJeQVzpofvxn09COszneE52LQEw=mo,bagus,5,0,2.717.985,2026-04-22 22:29:49,,,2.717.985
12954712-fdc1-4e7e-b00a-fe798cb10616,Bisma Faiz muayad,https://play-lh.googleusercontent.com/a/ACg8ocKxPmSe_AR0DesKMzcmxNXxi2TPUagg7DVbhdM5OrkiUrfMLA=mo,knp gw kasih bintang 3 karna akun gw GK bisa diganti negaranya diri negara Vietnam ke indonesia,3,0,,2026-04-22 22:29:02,,,
eca2f302-7fd0-49f8-b93a-4a33a9f5f55f,Kahyangan Cintya,https://play-lh.googleusercontent.com/a-/ALV-UjXEHDXLOcaXjK3YSaqU4CZGbazR8DlQbfLg0GHfAHJmg8wIHeE,game ini sangat bagus 😎👍,5,0,2.717.985,2026-04-22 22:24:35,,,2.717.985
0efd9426-c0a1-49e5-8951-0d6343c85458,Rizky Kce,https://play-lh.googleusercontent.com/a/ACg8ocJ-_uNYQUo9lbRCue5waOIJAI0Ao2bhBVYEnnF3O4Vj3AkN3A=mo,asik game nya,5,0,,2026-04-22 22:24:10,,,
1a22e107-a0a8-46cc-b1bf-dc79800764cb,sailendra putra,https://play-lh.googleusercontent.com/a-/ALV-UjUbXEVkdzelTTkoHYXyayifKglwl6KNX9B_V8ppsbcN2HibUjM,lumayan,1,0,2.716.875,2026-04-22 22:17:04,,,2.716.875
34b70f09-3c21-4052-8254-fe2686386ddb,Resika Rifani,https://play-lh.googleusercontent.com/a/ACg8ocLh7sJF-mJ23s8pRgQ9JYQgkJP-7QMVjQMzq5qlAyoXaSRRng=mo,Bagus,5,0,2.717.985,2026-04-22 22:11:38,,,2.717.985
5530c6b2-9951-400f-b0fd-5347aa622032,Alma.rein's Kareins,https://play-lh.googleusercontent.com/a-/ALV-UjXxKwT3eViQZ0PUjlglf8aTYoJ-GyBUEHIy6agkj6WOrcynTgA,seru tapi kadang ngelag,5,0,2.654.474,2026-04-22 22:10:06,,,2.654.474
c93d450e-6272-4f47-9190-98ca16852424,Now Neoo,https://play-lh.googleusercontent.com/a/ACg8ocJ13tq8lGtVIKevP8GFychXHDyQpItGhN0wTE38AAC3QQCTQQ=mo,God luck,5,0,2.716.875,2026-04-22 22:10:02,,,2.716.875
cc4710f0-4958-4870-be58-c89fb0effaf7,Valentino FEBRIANTO.B,https://play-lh.googleusercontent.com/a-/ALV-UjUJ323rmDGgWqCWKfGYlKgbsTUVyC8-Okbd3jmDm62ISwhL8w,game tol pada hilang baju padahal di beli pake robux aja 2 kli hilang sama aksesoris sayap hilang juga game ajq,1,0,,2026-04-22 22:06:35,,,
b7049bef-2e99-4d97-abac-8b3ba0efe12b,Rezky satria,https://play-lh.googleusercontent.com/a/ACg8ocIW9YEsLWC6S7Rjkkg5rzt_9jVzULx0Ifd-vLRfO9cbQVUtzw=mo,"LAGI MAIN SUPER SUS ADA IKLAN ROBLOX EH GAK BISA DI X,GANGGU BANGET IKLANNYA",1,0,,2026-04-22 22:02:47,,,
263b3cbf-94a5-4b3d-a3c7-57b289384ba1,ADAM RAIHAN,https://play-lh.googleusercontent.com/a-/ALV-UjURTlmgee5NDsttfg92hBgRG7SyAx9et8tactQIN74071pFdj36,W roblox,5,0,2.562.360,2026-04-22 21:59:20,,,2.562.360
e9466e49-0075-4f7e-acfa-e5f9586cea1b,mempawah arab,https://play-lh.googleusercontent.com/a/ACg8ocJ1BzYgr5wgW7eZBY-poA4hqatpBdm0sApRrpH-xB-W4dqdoA=mo,tolong grafik yaa diturunin biar hp lag bisa main dengan lancar,4,0,2.715.1115,2026-04-22 21:55:11,,,2.715.1115
eda85e97-b5ff-4a55-bc6a-d677bc552ea8,Dede Ade,https://play-lh.googleusercontent.com/a-/ALV-UjX8ukYk-x_5I7yZP-1goMoGEht0GfFB3I5CJ4ofrLaLkzmhduGf,roblox sih asik. tapi masala hnya kenapa ada bug gilaa😭 roblox. tolonglah. jangan bikin hack ihh gk suka gw gk Sudi kalo ada hacker. gw hantam gerget pengen jitak ampe otak keluar jirr thank. roblox.😓h,5,1,2.715.1115,2026-04-22 21:51:27,,,2.715.1115
f463eb5f-5722-45b7-9bd9-289bf58eaaec,Keysha Evelyn,https://play-lh.googleusercontent.com/a-/ALV-UjUjoF7lXlWsNjuQsoPgvRuO3yZ8KJ8cC679j-yj9dj6ck9LcKM,aku mau bisa chat jangan berpisah juga sama bocilku biar aku bisa Mabar sama bocil ku plis,3,0,2.717.985,2026-04-22 21:49:16,,,2.717.985
267efb2a-dce1-40d3-902f-24170145e55c,Zaskia,https://play-lh.googleusercontent.com/a/ACg8ocLKG04ilnTC-8ri7AuTkq-5uzQXrqTwRBoQ5C4VmmgSqdT1Sw=mo,aku suka main ini🤩🤩,5,0,2.717.985,2026-04-22 21:49:14,,,2.717.985
350cb433-8260-4ad5-9de9-c415dee33760,Rachmad Rachmad,https://play-lh.googleusercontent.com/a/ACg8ocKI81WefsuzWea9HttYE_HA3YNzSx847Zydlnkv7RM8-VJ3ug=mo,Roblox sih menurut aku seru tapi gak bisa mode offline,1,0,2.717.985,2026-04-22 21:47:30,,,2.717.985
4a1b47ed-902b-4b1e-9440-32b5f6a03023,Anno Faizal,https://play-lh.googleusercontent.com/a/ACg8ocJ3BaC0zCLEYGFQdEG_n88tDFIJb1VDY8kYUMrBOv3hKN4KVg=mo,seru bisa cari temen game nya gak ngebosenin tpi minusnya beli baju bajunya mahal banget kalo bukan yang clasic smoga aja di stice nih sama admin nya wk info robux free,5,0,2.716.875,2026-04-22 21:46:44,,,2.716.875
d6f0e789-ca0d-4152-9c45-9d06517bbdf9,Miaann Yes!,https://play-lh.googleusercontent.com/a-/ALV-UjW2HtMUkYjDLG-gCKZG4PmCEysBOlJZL2fg7YEUDbiY_bhjWd49,"perbaikin sistem keamanan akun lu. ga, bukan soal akun gampang di hack atau apa. sistem keamanan kaku, ketat ga masuk akal. gw ngerti lu gamau akun orang kena hack. tapi gimana mereka yang akunnya hilang hanya karna hilang akses ke email yang tercantum? aneh. akun gw udah di titik gabisa di recover karena sistem keamanan yang kaku butut lu yang terlalu takut. semua jejak digital gw ilang. digital art yang di rblx ilang. robux gw smuanya ilang. Is it the end?",1,30,2.687.816,2026-04-22 21:45:55,,,2.687.816
aea53472-8110-4788-b138-e12eeb07f643,Raden Kalla,https://play-lh.googleusercontent.com/a-/ALV-UjU_NlWCTtPDhpzTtqm9iKb51rTUSFR_7Nh-pbTThoZ-lOFWrus,game nya bagus walau pun suka lag tapi sorry gw kurangi satu,4,0,2.717.985,2026-04-22 21:45:26,,,2.717.985
f4ef61d2-69f1-4a34-9ff3-c8ef1bdda07a,Muhammad Saputra,https://play-lh.googleusercontent.com/a-/ALV-UjVESf_mcGjRfsq7REGmE-8JlCZr0KQHRhWRHRK-kaMdFJy849aC,"Punten nyuhunkeun ka para pamekar pikeun ngahapus fitur umur supados sadaya pamaén tiasa maén babarengan sareng murangkalih alit. Upami ieu kajantenan, anu maén bakal ngahapus Roblox.",1,0,2.717.985,2026-04-22 21:44:14,,,2.717.985
5e7b5c4d-7fe0-4c7c-96bb-a2c1df14bd4c,Neney Malayeka,https://play-lh.googleusercontent.com/a/ACg8ocLt454DzHJ3H-lB2V8pzfxVgcOZO7vAcxW2-ahd8kCQr7Nofw=mo,Kadang kadang ngeselin (2025) haha... (2026),1,0,2.662.537,2026-04-22 21:43:46,,,2.662.537
e98900f1-b52a-4e08-b0d7-278a4562b6b0,Arka Arka,https://play-lh.googleusercontent.com/a/ACg8ocILkD9_wpCgHP7XakntmPHhW_RhiEOYulBSfGTpoIX1kDoxxQ=mo,rodlox nya gak bagus karena konek si nyal buruk walaupun Kouta banyak,1,0,,2026-04-22 21:43:08,,,
37184f1b-c8cd-4c42-9021-46d0930f33a6,casmadi ps,https://play-lh.googleusercontent.com/a-/ALV-UjXS41OuqJ-Rwrcf090zNJAg246iT6CYlWEXvT0HLBse5beXIc0,👍,5,0,,2026-04-22 21:42:40,,,
ccccb933-ada8-4172-8a01-782544b20e93,Putri Bungsu,https://play-lh.googleusercontent.com/a/ACg8ocKM2fk8y8V_bqoQzvF5nrF7hCiIHFwJaABw2fbkFf9ED-voug=mo,mantab,5,0,,2026-04-22 21:41:58,,,
57f46241-1d51-4dd1-95b7-892758f77cb2,Dzakira 1203,https://play-lh.googleusercontent.com/a/ACg8ocJ3qo3XUk4LgeslSKsbSEaDDUU12aYStzl-KF30wkfGt99kZg=mo,seru bgttt,5,0,2.716.875,2026-04-22 21:39:43,,,2.716.875
7ad79935-2638-42b6-98ad-a349b9647e41,Yumna Yumnaaa,https://play-lh.googleusercontent.com/a/ACg8ocK7jS6RnPL2rfPQw1r0orsn61307FxxovFL-AtcDoGZeqCAbg=mo,"intinya seru deh, punya banyak temen, bisa mabar, tapi tolong chat nya dikembaliin lagi, roblox nyakin sepi gegara ini",5,0,2.715.1115,2026-04-22 21:39:39,,,2.715.1115
2becafec-76fb-4ff0-8689-6ea6a4743640,Greysel Raffaelo,https://play-lh.googleusercontent.com/a-/ALV-UjUUiPHO8CZtbBixfoGoaW-iw9GE2iGEV-JujHjnSOrZGMs4PYA,ini sangat seru dan menarik buat aku dan aku punya banyak teman,5,0,2.717.985,2026-04-22 21:39:14,,,2.717.985
fa9238fc-ecea-4a02-8f3d-c18939295dd5,Rizz Kyy,https://play-lh.googleusercontent.com/a/ACg8ocLU02wuXGaB33wCQU0jm5fzx1BUF24E2TPGy1VOkZpmfPWlag=mo,bagus,5,0,2.716.875,2026-04-22 21:38:26,,,2.716.875
07c64e0a-6211-47c4-8999-e119b62eed73,Anwar Jazuli,https://play-lh.googleusercontent.com/a/ACg8ocIeuQ_GhBl-aiWKTpv4gaYnA-xBeCooVD8XS98bwAUoBeoUWQ=mo,aku suka sekali main Roblox dan umurku 13 tahun,5,0,2.715.1115,2026-04-22 21:37:11,,,2.715.1115
54dda549-cd2d-412e-9c94-ba980d3b303f,Puji Astuti,https://play-lh.googleusercontent.com/a/ACg8ocLplVPlAf_CNELdgV1aphoTx67RjiaewE_XMDIMraSuxavaWw=mo,banyak peraturan yang aneh-aneh,1,0,2.717.985,2026-04-22 21:36:09,,,2.717.985
0c546dca-fea9-4f3b-9508-5e39527876d6,Alvin,https://play-lh.googleusercontent.com/a/ACg8ocKCRtz5G_ip4qP01xr4Z_8i0fQGSwAa_bHwRDMUi0fp1HUXlA=mo,game Roblox ini akan Kukasih nama John Oke makasih,5,0,2.717.985,2026-04-22 21:33:21,,,2.717.985
2e317e34-ee8b-4cde-9c92-9e4ef35f1f03,Toko Nino Pancing Nino Pancing,https://play-lh.googleusercontent.com/a/ACg8ocK8VL1W4ff2N2OYS0P8IYlaR6a7oMZ6eIVwOm-68loO9VWP0Q=mo,aku ngeleg,5,0,,2026-04-22 21:30:24,,,
214ce6de-e7df-4125-a920-a8062b77603e,Karina Arfan,https://play-lh.googleusercontent.com/a-/ALV-UjVzB6OsgKjOKHqLMFd8ESa1R1vfZEI4prZhFnYqGeQHRiNCsYwm,karena agak ada orang yg gomong saru dan orang pacaran,1,0,,2026-04-22 21:30:19,,,
459b4bc7-2153-456d-a44a-7e95e2b04d8f,Siva Sadewa,https://play-lh.googleusercontent.com/a/ACg8ocKiu8KP1SUxkMqOf6V8tbd-tejB9A8BQqCoMuDB7KGKvg9xnQ=mo,"bagus sih, tpi banyak yang lemot",3,0,2.717.985,2026-04-22 21:29:53,,,2.717.985
74423082-0ab9-425c-be56-543122c88cad,Ramz,https://play-lh.googleusercontent.com/a/ACg8ocLRr0BDj710tZTOpm82G8KVsSH1WwhRE16WfB9XxS3Ico2UOQ=mo,game nya seru cuma banyak bug dan sekarang fitur chat terbatas usia jadi kurang seru game nya,5,0,,2026-04-22 21:29:47,,,
b4cc0c53-4515-4338-80d7-3f88b22a83d9,Maria Ulfah,https://play-lh.googleusercontent.com/a/ACg8ocJjkM1ZEcxVX7FDyy6efdu0p9G4GEaIGapHhp__BTFV8P92ug=mo,menurutku udah bagus cuma chat!!! aku jadi gak bisa Ngechat sama adek aku juga Roblox aku kasih saran kalo mau bikin aturan pikiran dlu ya :),4,0,2.717.985,2026-04-22 21:29:13,,,2.717.985
8bdf8e03-5d2d-473f-804b-bdf95f77b5d3,Erna Watii,https://play-lh.googleusercontent.com/a-/ALV-UjXpYilLBKBSILTlaVPYfHTwH61U9aNH7KljAUxjbZ57DZ1rVYo,gem ini sangat seru jika bermain dengan pasangan atau teman yang tidak punya teman atau pasangan bisa di coba di gem ini yaa yang beruntung pasti enak kaya aku dan jangan lupa kasih bintang lima yaaaaa geys love you all jangan ragu untuk download gem ini ini sangat sangat Serrrruuuuu,5,0,2.716.875,2026-04-22 21:28:53,,,2.716.875
6aa3ff79-f972-4778-8d33-651f23ba363a,Indira Kece sedunia,https://play-lh.googleusercontent.com/a/ACg8ocKlbVvvFwWORBIHx-3IFt5bVkxvAFbgon4CwUhKaoHZfN5Ggw=mo,seru banget tapi ngelek sama ngefreeze mulu tapi is okay tetel seru kok,4,0,,2026-04-22 21:27:20,,,
4d8ef909-518c-4858-ab0f-f6f368b7559a,Aira Nabila,https://play-lh.googleusercontent.com/a/ACg8ocLzeKuoc_6EfWn6P9EWf0VQvR2LGo0dxTCO6Ke30k43O_E_rQ=mo,"permainan ny seru tapi banyak penawaran untuk beli ini itu sedangkan gw GK mau beli bagi gw itu ribet bgt dan sampe gw salah pencet beli sampe dua kali di situ ada tulisan hargany dan gw GK sengaja pencet dan gw sampe overthinking berat gimana tiba""ada yg nagih apa lagi gw belum kerja masih boke dan sampe sekarang masih kepikiran gara gara salah pencet beli aura gelap putih dan pentungan gw sampe kepikiran ke mana mana jadinya mudah mudahan itu gratis dan GK bayar 😭",1,0,,2026-04-22 21:26:31,,,
f69431a9-7f61-437e-9f38-5c38ef804c5c,Mbah uti Koddir,https://play-lh.googleusercontent.com/a/ACg8ocLuAR50DATPNhSmd0LI3y8_Ye-G9fmTmw07DbgvUeYC1C8dxA=mo,"Gamenya baguss banget tapi minesnya itu karakter ama mukanya, kenapa gitu harus bagus dan bergerak. Ntar kan jadi jelek jadi ku rating 4 bintang karna avatar dan muka, tolong diperbaiki chatnya jugaa🙏",4,0,,2026-04-22 21:25:41,,,
482df863-96a4-4761-83f3-5c5fed0b273a,Afandi Rizky,https://play-lh.googleusercontent.com/a-/ALV-UjX8AQy5nEn6fuzYpcv9KirDkTV6mkhbIRFqAPM0982lUlcmyxBs,game nya asik banyak pilihannya. intinya asik,5,0,2.717.985,2026-04-22 21:20:58,,,2.717.985
f7565db7-dcaf-43de-9857-044df51609db,Ceisha Ghashani,https://play-lh.googleusercontent.com/a-/ALV-UjW4cI6W3E9NTS35plm39cLBzyRYvxznjn3Wa9AIsLgvzsFJ4zo,"game nya sih awal nya seru tapi kok lama² jadi gini ya banyak aturan yg agak kurang jelas dan sering lag jaringan, padahal jaringan nya bagus dan tolong kembalikan robux ku yg aku beli kan untuk ava se harga 128 robux tapi avanya malah di hapus dari roblox nya aku rugii bayar mahal² buat top up tp malah ilang ಥ_ಥ roblox makin lama makin kurang bagus, aku ingin roblox kayak dulu. mungkin segitu saja pesan dari saya sekian terimakasih. kembalikan robux kuuuಥ_ಥ",5,0,2.717.985,2026-04-22 21:20:23,,,2.717.985
f4ebad9f-0403-4a25-8257-23aeb83aac26,Lingga Putra Pratama,https://play-lh.googleusercontent.com/a/ACg8ocLW1_nbFVQSASMWIUPz0Az5hUxuu3thoC9a0pUGURwGTU2gAQ=mo,gamenya dah bagus tapi tolong agr bisa chat lagi dong biar seru,5,0,2.716.875,2026-04-22 21:19:29,,,2.716.875
2b847fb3-c42e-4041-9a80-19448b818bf4,Fitri Ana,https://play-lh.googleusercontent.com/a-/ALV-UjW7IZ569pAWJEw33NQNuItyuAzA0HslI8VooKHqjtRXa88gI66t,bagus tpi kenapa gk bisa chat,3,0,,2026-04-22 21:18:12,,,
300169b8-4e1d-40a0-b3de-d2a81c687fba,Dian Ekawati,https://play-lh.googleusercontent.com/a-/ALV-UjWgHy52JLmSf-pHMXdAZHgjiR-LMGOUGuLDgdHqn68kpaI1p0Uc,gemes nya banyak,5,0,2.715.1115,2026-04-22 21:17:26,,,2.715.1115
b3800f0e-4cc2-49aa-867c-9d59b564a28d,Aprilia Luvviee,https://play-lh.googleusercontent.com/a-/ALV-UjXdFPf-ysTnz-RH1QC7V15LXpgeJsQVqbXu-ln9f77UkmSkAXs,"huh roblok ihk jangn dikit dikit apdet donK, apdet gx seberapa sbulan bs duakali",5,0,2.715.1115,2026-04-22 21:15:04,,,2.715.1115
4c78448b-bc2f-48d9-90cf-18b347c9ce23,Nayaga Athaa Purnama,https://play-lh.googleusercontent.com/a-/ALV-UjXt5uxe2lYfiQU36y3fDE-dHfECqdBLrHQ7NuxkJQF_tjZOfYLi,lebih suka roblox prime,5,0,2.717.985,2026-04-22 21:14:12,,,2.717.985
db6ca3da-f791-4c52-bcec-4affd8858df0,Kontrol ANAK,https://play-lh.googleusercontent.com/a/ACg8ocJt82g59Aa35dwVYah1_F2Xj3rTcOCTbiBxZT13IRqj0aqm0w=mo,game nya sangat bagus dan menarik,5,0,,2026-04-22 21:12:54,,,
f980a427-1923-4ec2-a92c-35242cd83713,Nur Nabila,https://play-lh.googleusercontent.com/a/ACg8ocKpXaHXv-jwNF047CmX5810ov1JxHiiYjCznV7GEe9HV3SfTw=mo,game nya seru tpi ada velrivikasi jadi gk enak tpi kukasih bintang 5,5,0,2.717.985,2026-04-22 21:11:35,,,2.717.985
7aa66222-5377-49f7-a3f8-2eb2c607f8fa,Dede Juariah,https://play-lh.googleusercontent.com/a/ACg8ocIO-GXlFS3WEE0p0gjNRRjfaXKdwgJ3xLv3RO4uzfgDXw57ig=mo,apacoba tiba tiba dikeluarin aneh bet dah,1,0,,2026-04-22 21:11:08,,,
b88e1622-a029-4f9c-aae9-2bd34af44f53,Safadilah,https://play-lh.googleusercontent.com/a/ACg8ocKaXyMk3U07vTvgAB_k6I4_GmIFIUA7riP32sCzvzDzw5fy9w=mo,"game nya sangat bagus, cocok buat ngilangin stres",5,0,,2026-04-22 21:11:00,,,
1cf17fd8-dcbb-4d29-a3ab-3d6c655456cb,dimas pratama,https://play-lh.googleusercontent.com/a/ACg8ocI9BpQ31ck4M_AEMa-0uNuxpVRLWl0t7wyTxAmWh-vPjO8wmA=mo,gamee burikk di pause Mulu padahal sinyal baguss,1,0,,2026-04-22 21:10:40,,,
34e7b40e-e6b2-4915-92e1-8f971b6a53d5,Rasya Rafif Chanel,https://play-lh.googleusercontent.com/a-/ALV-UjW9Em5QM3kBufN4Yc4bASkmSuMuPWfgB_dI1wsiD4CQkl2p09E,Karena bagus,5,0,2.663.659,2026-04-22 21:10:26,,,2.663.659
5c8df404-3b33-415f-b381-a1ae26746800,Evi Puji,https://play-lh.googleusercontent.com/a/ACg8ocI9Fpbp5rlTi-zAIvv8M1SaUa8Xg4dbWZYriet0exzUMPlshA=mo,kalo di Roblox saya suka nya main VBL (VOLLY BALL LEGEND) itu game yang cocok untuk di main kan,5,0,2.717.985,2026-04-22 21:09:42,,,2.717.985
63609153-31ea-463b-a41f-24eb2e29bd63,Nisa Zidan,https://play-lh.googleusercontent.com/a-/ALV-UjWT4DQUeZqh1RHSo3WTXuoxbelOnlQQj3jrZCTAQu8F-BdSGYcx,menarik dan 👁👁🌹B-),5,0,,2026-04-22 21:08:01,,,
6d613be4-7c05-4155-bd66-c77e7bf6ba41,Zulkifli,https://play-lh.googleusercontent.com/a/ACg8ocIQAfjQ1_LH1CCY94T6Pmd7q1-cbKh6eFQr-boNVm9mjZz3Cg=mo,super duper lag,3,0,2.709.873,2026-04-22 21:06:45,,,2.709.873
4b62c71b-02e6-4432-9950-edbf69bc09b4,Widarti Ningsih,https://play-lh.googleusercontent.com/a/ACg8ocJ75jdp_2XViGYR8OCv0JtkY308qI3O_xZqFCfUo237atdkqw=mo,ga seru,1,0,2.717.985,2026-04-22 21:05:25,,,2.717.985
3bb78069-ce2b-4972-822f-d6a72c068352,Ultramanear,https://play-lh.googleusercontent.com/a/ACg8ocKbLBcdC67FnXS2J62JJKFzPuMGL5TW0i8GeOWnGYkP4fHqCQ=mo,capek aku kalau main tower jatoh terus,2,0,2.717.985,2026-04-22 21:05:03,,,2.717.985
2b643f41-c1a9-497a-b7d0-f260be5f7c21,Lukas Benya,https://play-lh.googleusercontent.com/a-/ALV-UjUHyGT5rgMxf8XZVJbBVUYh3L3YMzh0-orFoReOvVyz1B-7ULZQ,lag bgt pas loding masuk game karena saya baik kasih bintang 5 lah udah banyak akun,5,0,2.716.875,2026-04-22 21:04:37,,,2.716.875
8580c99b-88c8-42c7-851e-6d3665d98ee4,Athirah Mikayla,https://play-lh.googleusercontent.com/a/ACg8ocJTmbfkxwSp01ob9IfYFu2c9ZZ6_1qLIwR0CaneHCznshuoFw=mo,"nge lag tapi seru banget aku suka game nya tolong yang bikin game ini yang bikinnya yang gak nge lag gitu tau salah aku tau salah orang bikin game nya aku suka game nya gada ini aku galau tapi ini game sampah banget dah bagus main dah enak main nge lag, error apasih nih game nya mending dari awal udah Infinity robux nya kalau gada gak seru gitu gw nih dah instal tapi gak jalan jalan nih apasih game nya 😡😡😡",5,0,,2026-04-22 21:03:04,,,
15200228-84a1-4aa7-bf35-763b82ec239f,Muhibbuddin Alabrar,https://play-lh.googleusercontent.com/a/ACg8ocIFzJdBG4aO5YY5EztUuwBzVCEmvbGT_FMBfGdV4NoqtnGd=mo,game ini memberikan edukasi yang sangat baik dan bijak terhadap anak-anak remaja dan dewasa sehingga sehingga dapat melatih kesabaran ketabahan untuk anak-anak di usia muda remaja bahkan tua,5,0,2.716.875,2026-04-22 21:02:49,,,2.716.875
b5cc91b5-9dd9-48d6-9ca7-1fe9267c785e,Endang Ramdani,https://play-lh.googleusercontent.com/a-/ALV-UjUnjsFu9CQZPFbKq2eduSTvaf7AtSxZ7fAmggXUCkctg71Vt_8,bagus,5,0,2.717.985,2026-04-22 21:02:46,,,2.717.985
78a0ffe9-29a8-465a-b13f-0f51094f2b16,Zidan Zidan,https://play-lh.googleusercontent.com/a-/ALV-UjXevYthe9x5N0R-qS53JlTPnp7nPKW58VmhspljtMR5iPWsCkVq,bagus banget 💯💯💯💯💯,5,0,,2026-04-22 21:02:29,,,
9ab58744-8f23-4b6d-a3f0-964380f06700,Aulia Bela,https://play-lh.googleusercontent.com/a/ACg8ocK519uVWj7uYz7vkouYKBBnWJDjqK9z4nstycnZzOokvW9-Ng=mo,Harus balikin akun aku,5,0,,2026-04-22 21:01:34,,,
f79d6767-5f1a-4ad3-8d07-59fd740753cf,Lina Putri,https://play-lh.googleusercontent.com/a/ACg8ocIemtAz_zizJfgFWqkQpvSI2u4vkl7Ne9zLXEfWbO3M_qKaVA=mo,nih ya buat roblox aku gk punya robuk dan aku mau bikin T-shirt harus bayar 10 robuk pls dong kayak dulu 🙏,5,0,2.717.985,2026-04-22 21:00:08,,,2.717.985
824ae645-1e33-42f5-97b7-0992c2f5ba34,Fikar gaming,https://play-lh.googleusercontent.com/a-/ALV-UjVVeBSHfcQnzsQ6_jaYPaH02sAp25fs7DSD71HZMl2l6OcSHZA,pls jangan main masuk ke kepala braintot kagakjelas,5,0,2.717.985,2026-04-22 20:56:59,,,2.717.985
39bffaf4-65e9-4cce-bfa3-e2e030439fe8,Arif Abidin,https://play-lh.googleusercontent.com/a-/ALV-UjVpziJdMw36xi3b0_pwV3rigU3xDQtvOQNBnWNNn19a8x77BMC5,geme nya bagus sama banyak geme yang seru,5,0,2.716.875,2026-04-22 20:55:45,,,2.716.875
7d90e927-e665-44a9-a789-2dad5582bd63,Syauqi Arvan,https://play-lh.googleusercontent.com/a/ACg8ocLJ5aK1BSSmbNdT-32g1K1540NTEWDEqfC1DviRjbuq6RiypQ=mo,jeeeeleeek pokoknya gamenya kotak kotak gk bisa ngecet lagi mening main ff dah dari pada in gk pp gk ada pintu yg penting gk plagiat huuu masa ada ff disini hhuuuuh,1,0,,2026-04-22 20:54:41,,,
91c9a1ba-e91f-46cb-be05-a076532c37bc,Nesa,https://play-lh.googleusercontent.com/a/ACg8ocK7FjAMA91tQw0pJ2iU4CkOOYLfMmkJd7fEUDhLknLNbET9jw=mo,Game Nya Sih Bagus Tapi Tolong Setiap Ada Game Unik Pas Dimainin Langsung Dikick Dan Disconnect Padahal Wifi Lancar,5,0,,2026-04-22 20:54:18,,,
19f10414-6cac-49bb-b87a-558cd39bbefc,EDI MULYADI 12,https://play-lh.googleusercontent.com/a/ACg8ocIhNpWYYvuJmG2R8eQ5bCVz5EiIEBZ60s-0Ilsv4Y2ImgVY0w=mo,gem nya seru tapi ngelek Cuba perbaiki ya roblo,5,0,,2026-04-22 20:54:05,,,
37215476-c756-4321-8ff1-11c3556d322c,Iis Kurnia,https://play-lh.googleusercontent.com/a-/ALV-UjWaqV5akeDx-Xy94lVMzwLaMk2_HWXmQHW_tNdrYfVBJ5kiQcY,aku suka sama geme Roblox,5,0,2.711.876,2026-04-22 20:53:15,,,2.711.876
ccbc8e34-3741-4766-bbab-746ee9ead211,Adiva Destiyanashwa,https://play-lh.googleusercontent.com/a/ACg8ocJ77xzLjipSs5kQIfp0_q95G8dqV__QoAuBXcuaYQ6PoozAzw=mo,oke,5,0,2.715.1115,2026-04-22 20:52:19,,,2.715.1115
d2270031-6f1a-4bd3-96a1-3a0ce81bbb51,Yahva,https://play-lh.googleusercontent.com/a/ACg8ocI1y_MGY-qIasVm4FUdgaZADSoCBAYTa4XHCz7WN98bxEFO2Q=mo,"aku kasih reteng ya aku gak mau dikasih cek umur dan seken wajah dan dll sorry ya admin ,I don't know what robxol so much for your ,ini aj dulu pembahasannys aj dan robxol berbaiki seperti semula ya pls dibacain",3,0,2.717.985,2026-04-22 20:52:04,,,2.717.985
65a886c4-f737-4ac9-807c-46c50ca3f454,Milda05 Binjai,https://play-lh.googleusercontent.com/a-/ALV-UjXhCShHBtngDJnWzhNahP9qfenE7km7hKmXmBV77Ds5TEQVf5YN,enak dimain,5,0,2.717.985,2026-04-22 20:51:54,,,2.717.985
7c4c4883-1e12-4832-92ee-e359e51e2446,S futsal_roblox,https://play-lh.googleusercontent.com/a/ACg8ocL7XFqQcHWwC4svrl4qObkflMwp8Q33Mshr1HzMe0uFEIdrmQ=mo,permainan nya sih seru banget aku kasih bintang 4,4,0,2.717.985,2026-04-22 20:51:07,,,2.717.985
f7fd6788-1797-469a-be33-fd3055a2b3b1,Dian Setiawan89,https://play-lh.googleusercontent.com/a/ACg8ocJ_LiqUmh1sgokP1EMCWhDcyeUWm0BXy0yUtMvjSBiZp5ErpQ=mo,seru saat main sound,5,0,,2026-04-22 20:48:53,,,
8b6b7d62-ad3b-4a2e-8420-918db395bbef,Muhammad Fahmi,https://play-lh.googleusercontent.com/a-/ALV-UjUqdWzwrll8nEXRUZCkmqjbRovIjnawxBEu392b7nuzyslgok0U,game jelek,5,0,2.715.1115,2026-04-22 20:48:51,,,2.715.1115
2151dcbc-5337-49ef-be9f-5420e1badf4d,Fauzy Rodiyah,https://play-lh.googleusercontent.com/a-/ALV-UjWZkPLSyrD-om96eC-LLLdk-8CcrFUPSAqvENjyW0-sKMkU2akGRw,Bagus sekali,5,0,2.715.1115,2026-04-22 20:46:54,,,2.715.1115
e63c5a62-81a5-4c71-a743-09bd4ffd2070,Albizar,https://play-lh.googleusercontent.com/a/ACg8ocJc-F6lePnGLdP2-7gG_LpJr5LpJnQlXqXDgT78kzU1ZQnJeQ=mo,"guoblok,bnyak bug",1,0,2.717.985,2026-04-22 20:46:31,,,2.717.985
c5dfe275-8722-449e-ae51-f6ef0cb828fa,Maisyara salsabila,https://play-lh.googleusercontent.com/a/ACg8ocIP4v7OVJdvhG4l2uqZEnK34NxjyJwwOQleL-U6nyTKqCe3Ow=mo,update terus hpku memori ny penuh,1,0,2.715.1115,2026-04-22 20:46:22,,,2.715.1115
a65e4cc5-a823-45fa-a76c-4e65d8631c2e,Athaya Yudianto,https://play-lh.googleusercontent.com/a/ACg8ocLv7YZBn-S1HbFpAvF7m31jnU51WBqINLPQsW5pZpkgCUwhdA=mo,bagus sih but chat dan new versi 30 april bikin aku cuma punya dari 526 temen jadi 30/20+,5,0,,2026-04-22 20:45:28,,,
f4ccaf3e-86bd-4a02-8a4f-e746e18f4ec8,Randiansyah Pratama,https://play-lh.googleusercontent.com/a/ACg8ocIQ6Oi83sdH37SnqCSgul6r_0bK8gksgZNYQi2UcXgp_N5-0Q=mo,seru apalagi di masa temen temen ku jga main roblox,5,0,2.715.1115,2026-04-22 20:45:23,,,2.715.1115
164bcf94-17c2-431e-a625-51d1413b2a93,Nayla,https://play-lh.googleusercontent.com/a/ACg8ocLRGgyx8XUWmfcxZS48OFeC1BrnrNB1rInJa0jc9aec5i6Jng=mo,Bagus game nya kok tapi kok aku bikin akun ada tes apakah anda manusia 🗿,5,0,2.716.875,2026-04-22 20:44:17,,,2.716.875
9b04b525-a9ac-4296-a856-aee8149cfe5e,Herik Praharbama,https://play-lh.googleusercontent.com/a-/ALV-UjV2_s1m9dwBGT9LSGv-O5YYRdIzNR76oQiFqceSYd64zMvlH0BM,"udah jau jauh main bab 4 di ophelia tiba tiba sinyal hilang langsung kode eror dan kembali ke loby, sakit hati kami sia sia waktu kami. bisa gak sih kalau sinyal hilang t kembalikan kami ke mode permainan lanjutannya jangan ke loby SAKIT HATI GUA ROBLOX BABIIII.. 😭😭 tolollll",1,0,2.717.985,2026-04-22 20:43:00,,,2.717.985
aaf2db0b-76e3-41bd-9a9c-d74192d8088c,Wahyu Ramadhani,https://play-lh.googleusercontent.com/a/ACg8ocK900rJI3ZwCoB15ijY5usxEzSw50dIJ4GQ9UtiFx2FPk5GwA=mo,game nya enak bagus untuk waktu luang atau waktu santai,5,0,2.717.985,2026-04-22 20:42:41,,,2.717.985
44b8022a-651c-4e6c-b596-d31efdd93ac2,Levi Slwly,https://play-lh.googleusercontent.com/a-/ALV-UjWK2V-oD4nnMTRr211tiTETNP5t11lHpeyunpgKEtikrDZwaI0,uwu,5,0,2.717.985,2026-04-22 20:42:35,,,2.717.985
bb63891c-8177-44af-8e5e-57861e217ad5,luffy qia,https://play-lh.googleusercontent.com/a-/ALV-UjVLPLYGgIFrwrnv7yqOPDNKfe_pthbAvkutIjpYijtdDkzRoUM,"apalah game gajelas, chat aja gabisa",1,0,2.717.985,2026-04-22 20:40:51,,,2.717.985
c0c18610-cdd5-4e5e-a69f-e6a66c5b800f,Satya Herdiansyah,https://play-lh.googleusercontent.com/a/ACg8ocK-A5LJlJYZpm6Tntm3xcYtYiOZlXeeJ1-elLtLaKb7eiNoPA=mo,jika ditambah penghapusan semua pertemanan akan lebih efektif,5,0,,2026-04-22 20:39:01,,,
bda4bcc4-1159-465b-a905-fe882d78ff3a,Akun Editing,https://play-lh.googleusercontent.com/a/ACg8ocLHHGpOUTjORkPJIUT7JlDhdULLIUb9r2fj62BrHeiNuz6jDg=mo,game sampahh,1,0,,2026-04-22 20:38:47,,,
9dd9b420-167a-469c-8eb4-f858362922d5,Daffa Arkan Rachmadhani,https://play-lh.googleusercontent.com/a/ACg8ocL3ovFhNOorJqY_F0mRuXPjl5py3mE6_HS0rbaG4-KuxMNeAQ=mo,Seru sih tapi sekarang banyak aturan nya,3,0,2.715.1115,2026-04-22 20:38:10,,,2.715.1115
22e4b2ea-3613-426d-b48d-5d20f52f5d09,Jovan Narendra,https://play-lh.googleusercontent.com/a/ACg8ocINDncXgJC3iEkAQpO3EsKqoCDbisduRIkcr6Kthshr_MhY=mo,Roblox Jojo,5,0,2.717.985,2026-04-22 20:38:05,,,2.717.985
3540f600-bcae-4cda-9db2-b32a1a48f737,M akil Zuhri,https://play-lh.googleusercontent.com/a/ACg8ocL57Mhb__2TnzCMgqueLY4voa_UZcY53i1Tw88cMEYMQIulUA=mo,karena bagus,5,0,2.716.875,2026-04-22 20:36:57,,,2.716.875
b2a4352c-d6e0-435b-a0d3-1da5ccdf270f,Ernawati,https://play-lh.googleusercontent.com/a/ACg8ocLl7v5JJCLHjXZme-7sv8if04ecYpzpwbiTbqLeoAfx1inz4A=mo,"Roblox ny lumayan,tapi semenjak update melulu Roblox malahan makin gak seru, kebanyak kan temen gw pada pensi,gara gara Roblox update,Robux gw pada ilangan entah kemana, apalagi suka lag tiba tiba padahal sinyal ny bagus,jadi gimana gitu",1,0,2.715.1115,2026-04-22 20:36:20,,,2.715.1115
a47752a2-72d5-47a1-ba7d-15843b9b4335,Irfan Aja,https://play-lh.googleusercontent.com/a/ACg8ocJZFqkNCBw68PQTFxnSKqZlSfslJ7d1SkrzFnt63sizTdXYWg=mo,permainan nya menarik,5,0,2.715.1115,2026-04-22 20:35:25,,,2.715.1115
f62f9e1d-5402-4ca4-920a-4d2dc1f3ab3e,Mpd Cell,https://play-lh.googleusercontent.com/a/ACg8ocImiiSEWvegSI5Xgnh1rJGswyMGtRh7Y99iA8znJr5kYb_ERA=mo,Karena bagus,5,0,,2026-04-22 20:35:23,,,
87640a1a-ae3e-4511-8d40-9e1bf3cf9b39,Adel Putri,https://play-lh.googleusercontent.com/a/ACg8ocKcU9EUJoKOpK1CCJrPDsnfMTTl1pxYkxg2dKZzubo_oJxH1g=mo,"bagus sih,, temen aku juga banyak yang main",5,0,2.716.875,2026-04-22 20:35:19,,,2.716.875
6a1845ae-6d24-4ad2-93e0-a222b2bac681,Muhammad Maulana,https://play-lh.googleusercontent.com/a/ACg8ocJMMgGLAGDs5aT1Jpa2a_JuNOjc-mijDDYFiVYKRfMKx9ciPA=mo,bagus,5,0,2.715.1115,2026-04-22 20:35:18,,,2.715.1115
cd593862-e27d-49f6-a8e6-b6ce0e805b32,Vartan Areliano,https://play-lh.googleusercontent.com/a/ACg8ocI2nniIM62mndlBGEoFFuxtTIHzvK0BHy4OyuYvwUlCHX1Hrns=mo,kembalikan sound horeg yang dulu sekarang fitur nya bikin emosi dan gak jelas,1,0,,2026-04-22 20:34:15,,,
0f26116b-bc2e-4f19-9bb5-f6819abf1ccc,Masfri Fri,https://play-lh.googleusercontent.com/a-/ALV-UjX5qgG5AQQqzl4epBxKuUM1avjjKseok9AZL1HAblv7ibw6u4B5,seru banget,5,0,2.717.985,2026-04-22 20:33:44,,,2.717.985
929e36a1-121d-41ae-89fe-3dc6f58d6a6e,Arafah Almatar,https://play-lh.googleusercontent.com/a/ACg8ocI0mMe88WSaaaORPUvpWbGLBwEhQ4heAGReM3Sn9r6q-Cn2WQ=mo,sangat seru,5,0,,2026-04-22 20:32:07,,,
ca465b2e-66cd-43f2-9aca-edeb0ad9f434,Ricoaldian,https://play-lh.googleusercontent.com/a/ACg8ocIg39lsVP5S26c37LkFuXkS2O9bdGS3nl5D6R9g_zwQW0B4pA=mo,selalu pas event gak penting sinyal gw aman aja tapi pas event penting tiba tiba gw gak bisa login gw main ml ff gak ngeleg sama sekali game ini perlu di perbaiki sinyalnya,1,0,2.717.985,2026-04-22 20:31:39,,,2.717.985
c0d550d2-c38a-4cd6-8c76-79ba05bb0393,amar athallah,https://play-lh.googleusercontent.com/a-/ALV-UjU-D6Ir-forbigynOyJfUHtvjellMTLv-Ly2DxVSKP1FpsMFF0,roblox tolong banget kenapa pas gw masuk ada bug padahal tadi gw berhasil tiba2 ngebug,4,0,2.715.1115,2026-04-22 20:31:02,,,2.715.1115
1be0f75f-9cb6-4eaf-81f5-1fcfbc45812e,Santi santi,https://play-lh.googleusercontent.com/a/ACg8ocKxZBnqJJddtg6K7Fneb7RCecVsdozjBhDU6DYnQJPaD-W8Sg=mo,gim nya seru tapi di berokerefen adyang parah banget masa ada tulisan sus,5,0,2.715.1115,2026-04-22 20:29:42,,,2.715.1115
9ecd01de-5005-4532-9bac-c809b3352b1f,Ludna Awaliyah,https://play-lh.googleusercontent.com/a/ACg8ocJhfvTLL2qjCUZuPugPIKwwK-RwDYh6EUO3xM04_s7kqCun=mo,"banyak banget upgrade nya ,trus suruh hapus aplikasi lagi",3,0,2.715.1115,2026-04-22 20:29:36,,,2.715.1115
f1577cc6-e42f-426c-bdd8-7ff7844dd815,Surya08Maulana Maulana,https://play-lh.googleusercontent.com/a/ACg8ocKgxLfWEzSmkxZdBO5Ko-W6XUbVL4Tz1QfTv18IHCm7xqg7aA=mo,memang seru tetapi bayak yang memakai secrip dan juga sering leg ketika memasuki gem,1,0,2.717.985,2026-04-22 20:29:07,,,2.717.985
2848c923-415d-49c8-a9d9-e43b8667a2bb,Suciaty B Rosto Dg Ranni,https://play-lh.googleusercontent.com/a/ACg8ocIL0XGCfzkm8I2ImwTGgIkYc4494KKnvmhvv8i-uUyAj3kEUg=mo,karena sering upgrade,1,0,2.717.985,2026-04-22 20:29:05,,,2.717.985
fd236a61-134f-4c92-9150-83a84a40269f,Muhammad Gilang zetu,https://play-lh.googleusercontent.com/a-/ALV-UjXf8zLsVASaxG3gLuq0boOyv7-wpjTLQNlbrxFGUyQUE-rZTNob,"udah gk bisa chat ama temen karena beda umur, banyak aturan gk jelas kek item yang dulu murah jadi mahal, kebanyakan error bug dll, Chester ama scripter udah berkeliaran dan gak ada yang banned akun nya, dan masih banyak lagi",1,0,2.717.985,2026-04-22 20:28:57,,,2.717.985
d53f3063-8ee6-44b8-a422-b05a515365bb,Imam Boyatni,https://play-lh.googleusercontent.com/a/ACg8ocLg9zSV8YEOJtIRt8V4oHHsXxWVPQbMODL6K21EryqHbjnkWQ=mo,hanya membuat t-shirt saja harus bayar padahal dulu gratis,2,0,2.717.985,2026-04-22 20:26:13,,,2.717.985
2c8a0aef-1c5c-49f4-a01f-19e6a611e7cd,Rizqi Mubarok Pratama,https://play-lh.googleusercontent.com/a-/ALV-UjWvge9g4ZwcC4BiuSzA7q6D1trV1iyyuX1cFv8JAeWXrM2znNc,game bocahh,1,0,,2026-04-22 20:25:49,,,
2379a5b1-a3b8-4e09-a964-02c6d22652ff,Naura Syifa,https://play-lh.googleusercontent.com/a/ACg8ocJpabdJa7H0vTq-Rbjqy808d3ovfpSSjnwTcOIyziYNuAyweg=mo,"gw download ini karna iklan, trus kebetulan ada bg windah juga",5,0,2.717.985,2026-04-22 20:25:34,,,2.717.985
eb62654e-d602-4cf0-acdc-d43295f041e8,Wulan Wulan,https://play-lh.googleusercontent.com/a/ACg8ocJPlVDIRyDdYvN9kBr91ehNhZAmbJOv1nnpsh8LaZPVbT65NA=mo,game tolol asu disconnect maning aku gabut najis huh lagi men pula,1,0,2.717.985,2026-04-22 20:25:28,,,2.717.985
6a22879b-0240-45d9-bacb-c656ec9e755a,zanzs2005,https://play-lh.googleusercontent.com/a/ACg8ocLPhN1C-nfcrDsoC0_Jo7TRHBNK3-g_dtEDG6WSvhbKT078ug=mo,menurut aku Roblox tuhh seruu bngtt bisa main bareng bisa ngobrol bareng sama temen,5,0,,2026-04-22 20:25:16,,,
287385fd-0059-4ed7-9681-842231af7d75,anisa aplina,https://play-lh.googleusercontent.com/a/ACg8ocLwGSo0EgnOhjx8kJmin_aBwwOQ0LI8rf41LFU0oPOQqoc8MQ=mo,bagus sekaliii,5,0,2.717.985,2026-04-22 20:25:00,,,2.717.985
4cda02e2-ad54-4e38-bc74-0ec9549b652f,Fani defit efendi efendi,https://play-lh.googleusercontent.com/a/ACg8ocIiwoIkqfsxeILDKS1KEqdunDF4zJk76WEHz03njVSYmBtv3Q=mo,sound audio mau sama yaaaa,5,0,,2026-04-22 20:24:08,,,
20aaed13-a80b-4fb2-9259-474c194bf120,viuw biru,https://play-lh.googleusercontent.com/a/ACg8ocKCLQSjCSclIk0WmL0rODe-2p7FnNmGmNap7vuoxbTJexpoXg=mo,apik si tapi mb nya dikurangin y,5,0,,2026-04-22 20:21:39,,,
ecaf5144-9bff-443b-b59b-b16de817d293,DgPole DgSimba,https://play-lh.googleusercontent.com/a-/ALV-UjUT55KonbcddCgNNX9EGS_DZ95WjeJcN8a1feAma9syhx5n2YM,tolong perbaiki. geme nya sekarang gemenya banyak bug nya tolong di tanggapi secepatnya,4,0,,2026-04-22 20:21:05,,,
95af01ee-483e-46f0-9dd1-1a5c1a08b16d,Rizki Fisabilillah,https://play-lh.googleusercontent.com/a-/ALV-UjXBGEPmfI_INKlNR-IRe7zb0fXobryFJAEZWwNwODtMaogofZE,baguss bgt roblox tapi kurang chat nya tolong kembalikan chat di Roblox,5,0,,2026-04-22 20:20:56,,,
a4158853-2e53-4a38-a0c9-a0f4c2443f12,Eko Irianto,https://play-lh.googleusercontent.com/a/ACg8ocJkgBfqrXuIyM1ivu7javkGtVWIB2q6cM79jV7_X-Q52i41YA=mo,this game is so bad,1,0,,2026-04-22 20:20:23,,,
ca916c42-fe4e-4ef6-be7c-7682f863f19b,Razeta Zara,https://play-lh.googleusercontent.com/a/ACg8ocLXYS_dusS6AorRSiAON_3Gb1zaXVjpGd4sPbd_SmXnOCS_vw=mo,"bagus bgt no komen , banyak permainannya seruu. minusnya cuma sekarang ngga bisa ngobrol lagi bisanya cuma pake KTP jadi yang masih bocil ngga bisa ngobrol lagi😭😭😭😭",5,0,2.717.985,2026-04-22 20:17:21,,,2.717.985
04b3524e-eb26-4562-aff3-07239df3d6f1,Haki Editz,https://play-lh.googleusercontent.com/a-/ALV-UjXdZ4WHnsaN_RI6Ds-z5aCKdll-AuwTCWLpjh31Ek_bZE-lvus,"KEMBALIKAN GRATIS BAJU BUATAN DAN KEMBALIKAN FACE CLASSIC DASAR UPDATE GAK GUNA SOK MENJAGA ANAK ANAK, BUKAN GAK BISA BELI ROBUX. TAPI KAMI PROTES ATAS UPDATE TIDAK BERGUNAMU!!",1,0,2.717.985,2026-04-22 20:17:12,,,2.717.985
83bb16b5-360d-463e-9c8b-8825b4c8fda7,Juliah,https://play-lh.googleusercontent.com/a/ACg8ocLwMxW0LO8N5KW7uLUkRsR7NWoT6sXUmORT5jGHuXRondhyJw=mo,gem nya enak banget bisa Mabar pokoknya enak,4,0,2.717.985,2026-04-22 20:16:58,,,2.717.985
66c12673-f916-4ac9-ac0b-d5f4815849c0,Noah Azka,https://play-lh.googleusercontent.com/a/ACg8ocLnFpgP45_LcvRF_QbAsfYcSmb4u6LpX7a6md9ibuNOIqqOFQ=mo,seru banget banyak banget permainan nya,5,0,,2026-04-22 20:16:33,,,
22e3910e-62f9-4d5b-a67e-87d61c4f7d6e,Wawan Gunawan,https://play-lh.googleusercontent.com/a-/ALV-UjVhkFB1ZxqVogJ2jGejxbLf5_C9glrllWMs8T729OJWW32hC59-,ni game bagus njir gausah banyak ngomong sih gw yang jelas ni game bagus benerrr,5,0,2.682.538,2026-04-22 20:14:41,,,2.682.538
91581e49-5613-4af6-8d58-eb1e7cf4dca2,Alden Pro Gaming,https://play-lh.googleusercontent.com/a-/ALV-UjVV4yrKK6Q1QYAvrF03eB2z0YoAmnJGnFQHcGzV-Y91GhM4IQ,"nih saya jujur, ini game bagus bgt aplg saya udah bisa wall hop dan wall flick dan yang mau add ak nih name tag nya usn asli: botak_keritil001 usn desplay:bochil_biasaAja",4,0,,2026-04-22 20:14:23,,,
62e01706-f79f-4ef6-a25a-1bdd786be65f,Chloe Tridira,https://play-lh.googleusercontent.com/a/ACg8ocLGCWl-eFpMBRxLnCFAyk-a11wNFOCTd6-830t-e4y4vDWyIg=mo,seruuu bangetttt,5,0,2.717.985,2026-04-22 20:14:02,,,2.717.985
faf027f6-a278-4c1f-8b5f-b81876e83d95,Mike Sensei,https://play-lh.googleusercontent.com/a-/ALV-UjWf83E0xZb9ztxDi76OzaesoiXZ0vTIatfgTCtT0_EQ3h1Z_lZA,good game of my type,5,0,,2026-04-22 20:13:56,,,
05e9283a-b5a6-4247-a42a-7aa96fbe1395,Jihan Fauziah,https://play-lh.googleusercontent.com/a/ACg8ocKqJNWRfbn9Kahj-OKg7_9NmbDPxyWrlofGTBwVKt9wMu8dZw=mo,baguss sii seru cuman kurangin aja tuh mb nya,5,0,2.715.1115,2026-04-22 20:13:53,,,2.715.1115
a188fda6-b8c1-4af7-81a1-1768192124b2,Hafidz,https://play-lh.googleusercontent.com/a/ACg8ocIIkEFJAVkmMiCWbmgGA6Yyv8uCERDXGAzGuwrUjmOAVS6l-g=mo,bagus tapi agak ngelek,4,0,2.716.875,2026-04-22 20:13:41,,,2.716.875
e1d2b0e1-3171-4466-b1fa-eeb5137a3f3f,Kanza K4,https://play-lh.googleusercontent.com/a/ACg8ocIT1-Hnu7A_3UnTfXGWoRbhTlYan_M2JIkuAGOQbPIWI1aF1w=mo,roblox sekarang udah ga seru banyak peraturan nya banyak robux aku aja ga hilang mana hilang nya 1k robux lagi,1,0,2.685.797,2026-04-22 20:13:17,,,2.685.797
0155bbfa-d51e-4204-9c8f-0f64664a82f5,Qiong Zee,https://play-lh.googleusercontent.com/a/ACg8ocI6PDcF8gTElFSZPQAqQMyA1gcMo08rTB8QXFKJBrKpygk2UQ=mo,ini permainannya seru banget aku sampai ketagihan main sama teman aku apalagi kalau brokeven itu permainan yang paling aku suka sekali sama 99 malam di hutan,5,0,2.717.985,2026-04-22 20:11:09,,,2.717.985
2bf04cc7-940d-41d2-a675-65b416f9656e,Akun Mimimi,https://play-lh.googleusercontent.com/a/ACg8ocJlDDUkna9a0CaiLi36k5dcMhaS98Kb1wpRqFS-MEvKrJEBNQ=mo,Hai min saya suka roblox karna roblox itu banyak game nya seru kadang ada yg jail juga tapai aku suka roblox dah segitu aja bye bye,5,0,2.717.985,2026-04-22 20:10:22,,,2.717.985
52384c3f-2e2c-4dbf-8156-7c74e5d933da,Putry Pratama,https://play-lh.googleusercontent.com/a/ACg8ocJ711YJmzKfaqnI6E-XArB_-c4tozIDzBUDEVVGnTwGgAh2gg=mo,Roblox itu bukannya jelek tapi pas aku update di Google play store nggak bisa mampus aku main game the forest malah tiba-tiba koneksi terputus atau panggil aja TC tolong pemilik Roblox perbaiki ini ya sama Google play store perbaiki juga nih play store kalau busuk nih 😡😡😡😡😡😡😡😡😡 kode komplain ini yang setuju ayo kita demo di sini,1,0,,2026-04-22 20:07:36,,,
a6246294-97ab-4f16-95b4-0939e28e686e,Naila,https://play-lh.googleusercontent.com/a/ACg8ocI2XUuFvpF_h_YTQ6ek-dCvlr_zwtx_orAE9XIeih7f3A9QdA=mo,𝒔𝒂𝒏𝒈𝒂𝒕 𝒂𝒎𝒂𝒕 𝒂𝒎𝒂𝒛𝒊𝒏𝒈 𝒌𝒂𝒍𝒐 𝒂𝒌𝒖 𝟏𝟎𝟎/𝟏𝟎 𝒔𝒊𝒉 𝒓𝒂𝒕𝒆 𝒂𝒌𝒖,5,0,2.717.985,2026-04-22 20:07:19,,,2.717.985
07cc4437-a4fa-4596-8ca4-42bafff5acc7,Yanti Nelda,https://play-lh.googleusercontent.com/a/ACg8ocK8m3uLF5dYbKvX-Wo9obTjUdq7XBWJXZ3bf4KC5RUmvhw4GQ=mo,Roblox tidak bagus kalau main brokeven layarnya susahasuk,5,0,,2026-04-22 20:07:16,,,
bf8d7d53-95ae-48d8-849b-0b5b916dc828,Robih Suwantoro,https://play-lh.googleusercontent.com/a/ACg8ocLDTwKs2QKQZlHjw40ZXaOkgQV4dozCCIfGKSvCFvU_Z3PmIw=mo,seru deh pokoknya makanya cobain buruuuannnn uninstall,5,0,,2026-04-22 20:05:21,,,
4ccf7ea6-fa10-40b9-9a56-ef97cabd4ada,Zahra Almera,https://play-lh.googleusercontent.com/a/ACg8ocJXMPmCOTuvY4cHbg6HUSWTnSzhi9YKhuZDeQv9pvrDC7gypQ=mo,seru dan banyak map aku suka jadi bintang 4,4,0,2.717.985,2026-04-22 20:04:44,,,2.717.985
894997f1-495d-408c-8362-3cc562b3667a,Kkaiznn,https://play-lh.googleusercontent.com/a/ACg8ocIWO7hNHEW6vhiiyZE_nezN0Nj9ChL6haHpbWoPl-7WWW8aUg=mo,sangat bagus aku suka karena banyak map map yang seru,5,0,,2026-04-22 20:04:31,,,
50574c15-f07b-4427-b535-066ee4b22fec,Akun Ririn,https://play-lh.googleusercontent.com/a/ACg8ocLqhUA__8nUy3w2_-ibtCGKbYTs6LDxMhFzTq27G6fBijxBSg=mo,bagus,5,0,2.717.985,2026-04-22 20:01:56,,,2.717.985
98280f7b-c800-42e8-b658-c225d017f8e4,Aminul Ummah,https://play-lh.googleusercontent.com/a/ACg8ocLz9xLt-uYI31OL2CwVc6bJmIUIcV90KphNzZe2ASp9aAmhrA=mo,bgus aj si,5,0,2.714.1091,2026-04-22 20:01:29,,,2.714.1091
589a3aa6-e519-4e5f-b934-00550899b93d,Desak Srina,https://play-lh.googleusercontent.com/a/ACg8ocIRPkZXisqqsWjTF1-oXqpvbE_z0U5gHrG2VynLnOK8V3DFLw=mo,ini game gak jelas peraturan aneh aneh apalah,1,0,,2026-04-22 20:01:20,,,
dfeeac99-7252-4a07-a16a-ac21320168d3,angga ardiansyah,https://play-lh.googleusercontent.com/a-/ALV-UjXeMyb_RCzSCwRuxcDj5sFGRx8Vx4RwLjZGJHZ_XmKbPwGuhUrK0g,Saya punya game di satunya HP saya dan sangat-sangat bagus,5,0,2.668.660,2026-04-22 20:01:15,,,2.668.660
f7d27c27-a3ef-4c56-8e59-4879f4ce58c2,faqih Gilang,https://play-lh.googleusercontent.com/a/ACg8ocJd3iI5MbylsPcI8nwKhjz0Lr_fcVscBGFkwKFqrDerPUXg0w=mo,roblox banyak kali update in nya,1,0,2.715.1115,2026-04-22 20:00:52,,,2.715.1115
42dbc0bc-8a7a-4f02-b02a-29b89aa45a1a,Zaidan Zaka,https://play-lh.googleusercontent.com/a-/ALV-UjXitcpMWNRoiE3QfIxgxLIrw1fnF2sYHG0-L-Mkzx7G7_AvnSNeHw,banyak updatenya gak jelas,3,0,,2026-04-22 19:59:59,,,
701a7e12-ad36-4657-ab50-47ff6ef769f2,Faisal Fatahilah,https://play-lh.googleusercontent.com/a/ACg8ocJwN09HXT__dSWPGdkCCW5cn7-IIpSGmd3fusduZY5kmpvfjA=mo,"bagus ,tapi robux nya gratis in dong minn🤭love,love,, love deh kalo di gratis in 💗",5,0,2.717.985,2026-04-22 19:59:45,,,2.717.985
9a606091-bb2a-4af9-aac9-530646373611,Prad SixSeven,https://play-lh.googleusercontent.com/a-/ALV-UjX-89xCmq_spd1m4itgnsbSMj2bndouQMBDKUXrQecgH1MQB1w,NU KENAPA YAK RABU HARI INI ITU SERVER NYA GANGGUAN TERUS PADAHAL WIFI NYA BAGUS LOH AKU SELALU DISURUH COBA LAGI PAS GW COBA LAGI EH COBA LAGI APALAH ROBLOX KONDOM,1,0,,2026-04-22 19:59:27,,,
0b0ef412-7e4b-4298-bb96-c5e8b359715d,Mbah kung Sholeh,https://play-lh.googleusercontent.com/a/ACg8ocIlbpJRqCQKNr1UsJU1HD8O0uh0eGUxvTz7luMzLdkNf-MqYQ=mo,game nya seru,4,0,2.715.1115,2026-04-22 19:59:19,,,2.715.1115
5e3682cf-511c-4390-85c7-8136dc5723a6,Hizrina Nursanty,https://play-lh.googleusercontent.com/a/ACg8ocIVuhs_TWRDOuUG29mroU1ur_rtIEufjOVN_EdPxiut-bi70Q=mo,keren bagettt bagus pak,5,0,2.715.1115,2026-04-22 19:59:13,,,2.715.1115
bc4a796b-d89a-4514-8b92-862d8d1b24a3,Nicholas Hebron,https://play-lh.googleusercontent.com/a-/ALV-UjXkjb1hwHU3sSMSkzr1W-6Zb3dsrVCHWbaTgEzTvVVr_rPXZJc,alasan saya memberi bintang 1 karena saya perlu verifikasi umur saya untuk membuka chat dan malah harus seizin orang tua dan juga harus sertakan email orang tua jadi menurut saya Roblox itu bagus tapi cara melindungi orang lain itu salah satu cara yang salah dan juga dengan kebijakan baru untuk membuat 3 varian Roblox lain nya menurut saya adalah ide bodoh yang justru dapat menyebabkan game ini akan mati perlahan lahan dan juga untuk chat Roblox lebih baik di kembalikan tanpa verifikasi usia,1,0,2.716.875,2026-04-22 19:57:36,,,2.716.875
8f79d489-de6a-44e2-a15b-43da6e9cbec9,Aya Kelana,https://play-lh.googleusercontent.com/a-/ALV-UjXom8yvmMj93yR1GgX2xN-FIisRNmbRmTr4iC3qeVKPTEFh6CE,oke,5,0,2.715.1115,2026-04-22 19:56:56,,,2.715.1115
956a882a-7dad-40c6-9fb1-bfce5fdc0362,Suciyatik,https://play-lh.googleusercontent.com/a-/ALV-UjUt8VcaE4EDGIRTO5-w8uOZb5wj32DMDtFwk1ApZAR4tnjkniaE,bagos,5,0,2.717.985,2026-04-22 19:56:18,,,2.717.985
7c447f06-da2c-46b9-a29e-b548bf32cdcc,Dzulkarnain Lukman,https://play-lh.googleusercontent.com/a-/ALV-UjUOYeUwlvnnaeeFiyY43Xbypyy7wIsubC8lLoEaGYwoT2JsRhEa,barang dibeli hilang padahal bukan gamepas,1,0,2.717.985,2026-04-22 19:55:59,,,2.717.985
665752c1-22b8-41ce-909b-5545c3157aeb,Muhammad Syahdan,https://play-lh.googleusercontent.com/a/ACg8ocKMt6I962ppm_1j97cPpG7iPtJT8k2K5CDB8OHFcwU7_dee4Q=mo,kenapa di nonaktifkan chattt Roblox eek,1,0,,2026-04-22 19:55:56,,,
9312779c-1cc3-42af-ac1f-f56c7ca8e48c,Azam,https://play-lh.googleusercontent.com/a/ACg8ocIb54lIPCPVUaCX3v4w3X8EM6OE_C9TBNQ8mWhVk88_3gCGjQ=mo,jaringan di vpn Indonesia sangat buruk,1,0,,2026-04-22 19:55:31,,,
17288534-f663-4e1e-83f2-dd21efc8951f,Mecca adela,https://play-lh.googleusercontent.com/a/ACg8ocJs3EAI17rZfg4l7YFo8GCsKUqpJEC-B5c4-QXrHZ-pqTRI9Q=mo,"anak gua gara gara game ini nga mau blajar,tolong dong blokir aja gime ini di hp gua,",1,0,2.717.985,2026-04-22 19:54:23,,,2.717.985
ae81a79b-193f-493a-ada2-8048512eb63b,Pedurungan Kidul,https://play-lh.googleusercontent.com/a/ACg8ocLi6E5qZlq9SZfUwEjCwQByh8G-Bdj054xljzh-AkglGxgCLQ=mo,game ini gk baguss karena bug bug mulu jadi gk usah di main kan ya saran dan Terima gajiiii,5,0,2.715.1115,2026-04-22 19:53:01,,,2.715.1115
8d6702d3-bb7f-40c9-ab9c-f063bca81280,Syaril Syaril,https://play-lh.googleusercontent.com/a/ACg8ocL1RV8PxEZLFaG5IlTqx7FehSsQUxfFCnKAFqCfZf9wsdWP2A=mo,aturan ga jelas roblox game nya gak se asik dulu chat dibatasi,1,0,2.661.713,2026-04-22 19:52:52,,,2.661.713
b14956b7-9b6a-4b33-9276-caa54f880e1b,Raya gaming,https://play-lh.googleusercontent.com/a-/ALV-UjUYoGUFeQIR0nKgBd9EZri5E_Gw9gAk1wJXUUlRY2-FVVLTORU,makin lama ni game berkembang terus tingkatkan terus min,4,0,2.717.985,2026-04-22 19:52:41,,,2.717.985
61ce6626-9286-4252-9960-d48bdc6cd446,Gading Yudhistira,https://play-lh.googleusercontent.com/a-/ALV-UjUrPJxwVpi-3fMJu0DsCcsSn9PIsm9uDBVm_oYLcsl26v4UhYs,"Good,but i m don't like this rules",5,0,,2026-04-22 19:52:07,,,
f289e4df-1bff-457f-9998-caba878d4ba7,Ragill Geboy,https://play-lh.googleusercontent.com/a/ACg8ocJ60UDDeqibeQ7kKlYXD9ROr6KYx_g4wpjCUQAHO79GPcrc=mo,kasih aku robax ya 1.000 dan makasih udah bikin aku seneng (＾ｖ＾),5,0,2.717.985,2026-04-22 19:51:40,,,2.717.985
294b9f12-71f4-4bad-a715-3516fbf36042,nono athmo,https://play-lh.googleusercontent.com/a/ACg8ocLwV6shYDq8wNAgJtgtD75Q_g3BNoYjP1AIDduadF-unOGHyw=mo,tolong balikin chat atau aku pensi,1,0,2.717.985,2026-04-22 19:50:50,,,2.717.985
8627ada6-cb69-4e00-a633-c0eddebac07f,Sara alzahra,https://play-lh.googleusercontent.com/a/ACg8ocLMOQKiX5w21w1JUSunU8Ti4IgUKH4qvYFo9JVBnWxAxCNuQw=mo,"update Mulu jangan update Mulu lah bagus si bagus tp jangan sering sering sesekali update gt, GK ad kemajuan aja cmn di batasi apalah",3,0,2.714.1096,2026-04-22 19:50:33,,,2.714.1096
2e153731-5421-43bc-8bfa-33812269b33b,Sandi Kurniawan,https://play-lh.googleusercontent.com/a-/ALV-UjUwbZD2cKzTBt-fFP1RAutLJAgN_U70NpEosQKjR-Ptl1onzZUI,enak banyak geme dan aku suka,5,0,2.704.1060,2026-04-22 19:50:29,,,2.704.1060
46895ff4-c8c4-448d-9756-23ea33d462dc,Indah Anggraini,https://play-lh.googleusercontent.com/a/ACg8ocL1r17hzPjCe57tQG3utwgu0eRxldTDdiKZMIsG18t0Fk3pzw=mo,Bagusssssss banget Banyak permainan nya in the bestter,5,0,2.717.985,2026-04-22 19:50:28,,,2.717.985
c117c3ae-92f1-41e4-8565-24f1f27e788d,Al Ka,https://play-lh.googleusercontent.com/a-/ALV-UjU9VXBQI_IRi41xW5SDCCqWW-2NrSBdy-suGWhik8Dp5ZeaIyE,terima kasih,5,0,2.715.1115,2026-04-22 19:50:08,,,2.715.1115
2e9abc87-c1ba-4ed2-85f3-de780bf87c16,Afina Fiman afaita,https://play-lh.googleusercontent.com/a/ACg8ocKAJq6fikdN4TSI9CdJGy_F5jUqb1ubQ17qV2b_ej22Py07=mo,tolong jangan batasi usia sekarang jadi susah chat Ama temen dekat walupun sudah di batasi usia tetap saja ada orang yang bicara kasar atau cabul dan nakal,3,0,2.717.985,2026-04-22 19:49:36,,,2.717.985
e3013bff-9b29-4172-9e97-e5277704d52a,Kemal Ghazali,https://play-lh.googleusercontent.com/a-/ALV-UjWITgPbO_lM1fGP86KzJ9SQGs6WXx0TfT0mJc5JUpiHqg4Uk2Xq,seru tapi tolong buka chat yg di atas 8 tahun aja,4,0,2.715.1115,2026-04-22 19:48:36,,,2.715.1115
d95e149a-a5fa-4ec9-95b6-ac635fde93c1,Erline Erline,https://play-lh.googleusercontent.com/a/ACg8ocI6f9eA1iBScPShaDs5phgpk57bhObYIgjcyR2m02ghPyBi=mo,jelek ini game gak bisa chat dan classic face dihapus kembalikan chat dan classic face tolong banget game ini juga kebanyakan sensor,1,0,2.717.985,2026-04-22 19:47:46,,,2.717.985
dd542aa1-1796-4081-9e10-6f762f0b802b,Tegar Ezz dek,https://play-lh.googleusercontent.com/a-/ALV-UjW_TgT_JTEpOMpsWEeoyvpwwdqIXhbe4Nu2oM-I51QXLYG8yqM,masa setiap minggunya update terus mana makin ga ngotak,1,0,2.714.1096,2026-04-22 19:45:41,,,2.714.1096
4fbb608b-ffa6-4028-af4c-36ee8e3ec7cd,Elisabeth Lumuhu,https://play-lh.googleusercontent.com/a/ACg8ocLwtWF3GwQxIN1BRl-WrN7B1Gg8-2qkaaR4mvc6wnXPazaiQQ=mo,asikk bngt plisss,5,0,2.715.1115,2026-04-22 19:45:35,,,2.715.1115
ae98873e-6193-411e-b2c8-56d5fcf5f00e,Azfar rafif Bratasurya,https://play-lh.googleusercontent.com/a/ACg8ocIwB2pVQpmAL1cETEtM79AotfDOei-kQgB_KFls7u7wmhPm=mo,berisi adegan 24+ age saat bermain game roleplay.,4,0,2.654.474,2026-04-22 19:45:02,,,2.654.474
354456dc-1eea-44bf-b747-7b79db1157f2,Jsn satrio Widodo,https://play-lh.googleusercontent.com/a/ACg8ocIgLLIiVgSTI_BBoE64J2cId1KBWUchyDHnR5_pD8pd-z2VhA=mo,game nya update mulu dah,1,0,2.715.1115,2026-04-22 19:44:44,,,2.715.1115
c426a5fa-7249-4fad-98b8-52b9d632feb5,Along sibu,https://play-lh.googleusercontent.com/a-/ALV-UjXPu9QZJJrdR4UaFzBtz_yBCMc3IYF9FfsT5crW3HA6HB5GDN9T,kalau update lagi tolong dong untuk vasion skinnya diberi angka trialnya agar tahu mana yang original sama yang trial saya kebeli trial gara gara gk memiliki angka perpanjangannya,3,0,2.715.1115,2026-04-22 19:44:04,,,2.715.1115
77cd2c48-d4dd-4c75-8bdd-efb61f416d2c,Januar Radafa,https://play-lh.googleusercontent.com/a/ACg8ocKMizTfUjMgPqZN4xOja_7T-EKRS8d9LH8crs1hINmrUXk7xw=mo,"tolol,mau ketik ""pindahin chat wa""aja ga bisa",3,0,2.717.985,2026-04-22 19:43:02,,,2.717.985
88818d2b-6d6e-41dc-abce-0ac5ad8140f7,Aliyah,https://play-lh.googleusercontent.com/a-/ALV-UjUwZdaSg7NRYl9hu01WUJ4efolteWs9gC9ELbt1MKZ8iOaJZks,kalo ga ada game ini gw bakal mati konyol gara² kesepian.....,5,0,2.715.1115,2026-04-22 19:41:36,,,2.715.1115
cb25968b-d9ff-49e6-b0fe-34a8ad6c71d6,Arya Pradana,https://play-lh.googleusercontent.com/a-/ALV-UjUFsrSQmmUf29Qc0r-d0vD_Zuw-Ti3LT97F9_k9eC0Onv-9ZFc,Game bagus sih tpi gk suka ny kalo main game berat gk bisa kek khusus laptop kalo gk pc,5,0,2.716.875,2026-04-22 19:41:35,,,2.716.875
f1a45ddb-1573-4d21-9f3e-b75883bad9a9,Adiba Mbokeyek,https://play-lh.googleusercontent.com/a/ACg8ocJl3PNayvQIlu3gTBznEiCRQcgUoD9yn055_PP6SxA6WmPP7Q=mo,yah rada enak sih dulu aku suka bgt sama ini skrg jadi main ff gara² Roblox ngeleg,4,0,2.715.1115,2026-04-22 19:41:32,,,2.715.1115
a122e79c-ce57-4fa6-82c1-900e15113ad8,Yazid Febrian,https://play-lh.googleusercontent.com/a-/ALV-UjV1EDbAIKSHMW-ZVGMC-a1mp9yEAMWSM-qjsUlbs4jb4f0YqVGS,the game is fun but slow,5,0,2.717.985,2026-04-22 19:41:14,,,2.717.985
6994ef96-d449-4d7e-b2d9-0248c489cfb0,Tama,https://play-lh.googleusercontent.com/a/ACg8ocIss7OdlzE70z7v9_dGEu8Bhl4fflP4UARaZJw179bBebkOEw=mo,Update baru nya bikin kadang gk bisa masuk ps orang lain.,3,0,2.716.875,2026-04-22 19:41:09,,,2.716.875
4006e1f0-162e-4c8d-a3e6-d1cb0070802c,Sri fauji Astuti,https://play-lh.googleusercontent.com/a/ACg8ocJ7Mypff36Fc6eNWVAc1S8WlkNO1jt2cBuD62i_SPKuL55CBw=mo,wihhh bagus banget heme nya,5,0,2.717.985,2026-04-22 19:39:58,,,2.717.985
3f1b3d65-177d-4a6b-9634-87da37ac1a3f,Ria R,https://play-lh.googleusercontent.com/a/ACg8ocILckdGo49bmtlSyNHdo8SJJf_AvwIvXu6ep_Ngi7o8k8C0tA=mo,bisa membuat happy,5,0,2.717.985,2026-04-22 19:38:49,,,2.717.985
39f6a559-1a87-49ab-8a17-ea2f80bb546e,Apip Kurnia,https://play-lh.googleusercontent.com/a/ACg8ocIMURj6K6hDyGXsxdMThDif1vSPUbfppdGEkSQ8ZBSI7EqyiA=mo,AKU SUKA KARNA GAME SANGAT LAH BAGUS DAN BANYAK MAP YANG SERU!,5,0,,2026-04-22 19:37:29,,,
ba3d40ac-972e-4449-960a-a062a9218047,Kenzi,https://play-lh.googleusercontent.com/a/ACg8ocKppCFWCgj-6akNfhNR2qPzbcYIC3A3Ok5YMruDqn04DhAWNg=mo,bagus banget sihhhhhhh ini tapi sayangnya ini gak offline,5,0,,2026-04-22 19:37:27,,,
860e1b1a-392a-4a83-92e3-826a97dcb64e,Falisha ghina aulia,https://play-lh.googleusercontent.com/a/ACg8ocJNG6Tgk-JK_3hi9nF9MVOflMHr67uQU9PZIpuwMwntY4bvXw=mo,game fav aku,5,0,,2026-04-22 19:37:09,,,
7c569fbc-4257-46c1-a215-e3d2435306de,Nevan Abiyprawira,https://play-lh.googleusercontent.com/a/ACg8ocKYAE6zkQXkyp1Iv4hLwAXsmUkiB7oxZS90IQNh0jIaYViSOw=mo,woyy kenapa update beban ini padalah update dulu udah bagus kok di tambah yang jelek dasar game aneh,1,0,2.717.985,2026-04-22 19:36:50,,,2.717.985
79603adc-904c-4031-9bbf-511e63c7e2a6,Nima,https://play-lh.googleusercontent.com/a-/ALV-UjXIgX787ddILm7-7RscbD_-I7wRWi2hfOXXxVnSxCQjdF-7H2U,gamenya makin kesini makin gjls ribet banget aturannya sumpah,1,0,2.715.1115,2026-04-22 19:31:38,,,2.715.1115
e71ec008-4125-4c4c-b651-246ec8f3a520,Ratu nasya Akila,https://play-lh.googleusercontent.com/a/ACg8ocIaMo1bmyfsErO86JA4XNjF_RsjYKRiNL5eIF8e7Q6HvAB3mQ=mo,seru tapi kadang suka ngelag padahal jaringan nya bagus,4,0,2.715.1115,2026-04-22 19:30:36,,,2.715.1115
446f3350-a6ab-4ae5-9da7-4dd26c0e0d79,Templo Minamino,https://play-lh.googleusercontent.com/a-/ALV-UjX5HUiJhN15yPlFtIwOCP0BbM84H7z56XtdfSnFDu057EXLU1g,geme nya bagus bisa mabar juga seru banget pokoknya makannya aku kasih bintang 5,5,0,,2026-04-22 19:29:52,,,
326e916b-881e-4fe0-9171-1c8c5c5c2ba9,Sifa Julia,https://play-lh.googleusercontent.com/a/ACg8ocKia5b9uiJYEpvv9DCH1BI6BdSHiSs9P9kCBeryOYSZH0163Q=mo,gamen nya agus,5,0,2.717.985,2026-04-22 19:28:36,,,2.717.985
b6dc938f-b749-42d2-893d-5c96eeb05d67,Nata Andereas,https://play-lh.googleusercontent.com/a/ACg8ocLyCFdwAguyWH0iUwNw_EgqAZ1k0UzZIzAJZADyOwx3g-JHqg=mo,bagus,5,0,,2026-04-22 19:28:35,,,
7b204491-8420-45bb-9a57-be95e004bc1f,Dylan alparizki,https://play-lh.googleusercontent.com/a/ACg8ocIwEV55kBdYTleSsrY8abEBeq4UNNs91uRKFsYQiPJoVz1q=mo,grafik nya bagus player nya ada yang ramah ada juga yang marah marah tapi Roblox seru juga ko buat di mainin,5,0,2.717.985,2026-04-22 19:27:34,,,2.717.985
0edcb4bf-6cce-4654-ba5f-dad43c793566,Bofi Mario,https://play-lh.googleusercontent.com/a/ACg8ocKc1iVl8Gt_DDohgPbVVA7HCda6CMMYYVA383i-wg0qRJsZ97A=mo,game ini seru dan kita dapat bermain bersama,5,0,2.717.985,2026-04-22 19:27:34,,,2.717.985
c107e942-5bc3-48ad-8c57-7e094b1efa55,Revan Razendra,https://play-lh.googleusercontent.com/a/ACg8ocJxUnqpQSW3AGkBVkR_rpAZMxZj2y995JHnrtfvkYkc_frXTw=mo,yay,5,0,2.717.985,2026-04-22 19:27:02,,,2.717.985
9c2f7f83-43ee-4185-8a0c-6929721bfba1,Gracio Nino,https://play-lh.googleusercontent.com/a/ACg8ocKfzcrFAIDJr1tiQ1nJXOVytt57FWBuPaeE2RVxlCU6uoxa2w=mo,dulu Seru banget main game ini tapi sekarang makin gk jelas gk kayak dulu,1,0,2.717.985,2026-04-22 19:27:00,,,2.717.985
eed4284e-15fd-4730-87f4-7e60bb0ea441,Puput Permatasari,https://play-lh.googleusercontent.com/a/ACg8ocJo311mTqg1jD9E-ESfS3Qh3elWYA2SrTxesJYSYIYHiPpUxg=mo,bagus buat anak anak mainya seru,5,0,2.711.876,2026-04-22 19:26:51,,,2.711.876
f01de31c-b98d-45bf-9273-9e7b0fa89d9f,afkar deva,https://play-lh.googleusercontent.com/a/ACg8ocJ8DkgDaYZ2KaBBZau5UGk5VxvnXrnkH7EziUtbWqk0IwAI7w=mo,aku sangat suka seru sekali aku sangat senang,5,0,2.715.1115,2026-04-22 19:26:28,,,2.715.1115
d2fb4676-053c-4a8b-8f81-ede2fee89726,Melatianphone,https://play-lh.googleusercontent.com/a/ACg8ocLT7WasegpXWoHKQ6xZGiToWviqhQSbdWa7glhi5Y-5lXEKZw=mo,tapi kok aku gak bisa chat ya kalian bisa gak,5,0,,2026-04-22 19:26:04,,,
be99dde1-bd49-4e1d-82ea-a3865d5d0837,ANGDEL PIT,https://play-lh.googleusercontent.com/a/ACg8ocK3PHerSod8MOsN6gKY3UGKv98JXY-ZlhL_GF8rrGwn0BZkJg=mo,bagus dan sangat menyenangkan,5,0,2.715.1115,2026-04-22 19:25:49,,,2.715.1115
f37ae26c-f2fb-4681-9d49-c7beae28a9cd,Rasya Alvarendra,https://play-lh.googleusercontent.com/a/ACg8ocJMooY9xDlZorZ5E29-lt7QYg7bJrpTNv3vGUz5wWdHnbBKeA=mo,gamenya bagus banget,5,0,,2026-04-22 19:25:45,,,
6a1e18d4-210f-44c8-8fcb-6db7b6cdd10d,aldrick ahzasyah mahardhika,https://play-lh.googleusercontent.com/a/ACg8ocIA9mTdAcT8fVUq_6mGwMXjs6krVKiO1VaHvFYhNBHqUcLw1w=mo,"kenapa sih kamu updatenya jadi gini jadi gak bisa chat , hapus classic face ,nambah make up, dan nambah dynamic face padahal kamu gak update gini sejak 2020",1,0,,2026-04-22 19:25:04,,,
c42895c9-62a8-4c44-9628-9691bc8ee5a6,Ebhenezeria Simanjuntak,https://play-lh.googleusercontent.com/a/ACg8ocIwbm44stOjaHhdxCGL3gb9GrBzpttO1V_IUp12h-_pkFC7Mg=mo,permainan nya bagus amat bagus lebih bagus dari pada permainan lain,5,0,,2026-04-22 19:24:56,,,
7ebd2061-d228-44c2-915d-1309f5d6b6ce,Muhammad Fatir,https://play-lh.googleusercontent.com/a/ACg8ocIIFHkp4Mbdb7_OC346OI_qQoITaimDqR3S-0uo3W5q1ROuJQ=mo,game ini mah seruh bngt cuy,5,0,,2026-04-22 19:22:22,,,
c811786d-ec5a-4aa8-8b84-a55be66dfe89,KAI Commuter,https://play-lh.googleusercontent.com/a/ACg8ocK2BOdtKaiada5vJD0Q9MSRPRq7LkXh42ewzuuRXYJDJDQo=mo,wow roblox keren cuy bisa mabar sama temen-temen walaupun lag dan bug tapi okelah bagus👍🗿,5,0,2.717.985,2026-04-22 19:21:37,,,2.717.985
89220efc-9fdf-49d2-afc0-c8e2ca33ddf8,Solihin Zeana,https://play-lh.googleusercontent.com/a/ACg8ocIF0XXJM_bAEvVlrbEmA8OHlWJJp66q_cnHZCH_mZ4MnLaOLw=mo,gem ya burik,1,0,,2026-04-22 19:20:42,,,
c365f83d-8d78-4d9a-b623-1d176b356426,Nok Lilis,https://play-lh.googleusercontent.com/a/ACg8ocK_0fjTlk_TVd38009Q5atJxsURohJjS7oCvd87OqdmHI2zNw=mo,seru,5,0,,2026-04-22 19:20:38,,,
58c7b67e-91c8-4458-bd2e-e58477977c38,Mada Restu,https://play-lh.googleusercontent.com/a/ACg8ocInoWRnho_YLYkY2RAvFRh6Gokau-Y5PeiGo1WP82XpiLnB6A=mo,bagus sekali,5,0,,2026-04-22 19:20:27,,,
39077fda-8f43-406e-bf67-d7c24a72fef3,Shakilla Nahda,https://play-lh.googleusercontent.com/a/ACg8ocIDBaP-8vyFCIanj56eYLW2eikh5JcenrvZPzFZaKvIHIz-mg=mo,kalau main suka keluar sendiri dari map harus masuk lagii padahal koneksi nya bagus udah satu Minggu gituu 😭🙏🏻🙏🏻,3,0,2.717.985,2026-04-22 19:19:47,,,2.717.985
4373d9eb-ae97-4075-857b-08f09ab97aef,Atika Safani,https://play-lh.googleusercontent.com/a-/ALV-UjUIBnNYyPGa6QWH0F1d_Ljj1JHALbaY3M5MWM6m6AgBg2ifxYGh,sangat seru dan punya kawan baru,5,0,2.717.985,2026-04-22 19:18:35,,,2.717.985
64a1acc3-0e22-4581-b8e4-6c241f70f4eb,Riska Fans,https://play-lh.googleusercontent.com/a/ACg8ocJT6BX64bazOLf_K3fXzICwuKj4p1Xh7nA9qPneSbdD3SOMxQ=mo,game nya bagus banget dan bisa menghasilkan robux di plis donasi saya suka dengan game ini bisa main bersama teman-teman,5,0,2.717.985,2026-04-22 19:17:36,,,2.717.985
38af0b14-1d7f-4777-ab09-a68132b94126,Rania Oktameliza,https://play-lh.googleusercontent.com/a/ACg8ocJz3azr6wBHethZnpA-981hZDHgwGoB6n1bDIoMKCbj8qIH7w=mo,update nya terlalu banyak tapi ini serius seru banget si game nya online ya kalian wajib cobain sih,5,0,2.715.1115,2026-04-22 19:17:15,,,2.715.1115
ad5fd6f4-ff03-4370-a0a6-9982b634884a,Farell Farell,https://play-lh.googleusercontent.com/a/ACg8ocLl9UNBc2-Qryp8dzRg86GVzj3uU9g8mwxsAun8kEPKGUPwdQ=mo,aplikasi ini benar-benar menyerukan,5,0,2.717.985,2026-04-22 19:16:33,,,2.717.985
a5269c90-4b85-49ef-be59-7142132f3969,Rifki Keluar ga,https://play-lh.googleusercontent.com/a/ACg8ocIv5XAsF2Mm5aMRjyta8LdBNtO4vyCchi9SJrpXyGjDV-ft7g=mo,bagus sih tapi gerafik nya kurang bagus,5,0,,2026-04-22 19:16:08,,,
71047183-544f-44fe-b637-5aca6bf423cc,Harvey Heinrichs,https://play-lh.googleusercontent.com/a/ACg8ocKBDe2dd1gT5sDj8L0kDetAhoG_h8nuQgTYJ_lH7gvNYsrxQw=mo,game nya bagus banyak orang lagi yang main,5,0,2.715.1115,2026-04-22 19:14:11,,,2.715.1115
15cac108-b216-4fdb-840c-4566f064e730,Andra AndraST,https://play-lh.googleusercontent.com/a/ACg8ocKCxNtNG34okiJ_tBpBtJUr0vEwLlGzgk-SV_FQ5bxwyqlgqA=mo,mantap,5,0,,2026-04-22 19:14:05,,,
b7268bfd-c9e3-443f-9829-324f93dbbfd5,Sufi Yati,https://play-lh.googleusercontent.com/a-/ALV-UjVUQTGh5DOCFVrJcwPfiy--p_ZY4iCP0DCI0fZNObl9WE4InH5h,kurang puas sering ngelek,1,0,2.717.985,2026-04-22 19:14:00,,,2.717.985
1aad8b3a-7433-4a10-8b55-98a1d2af46dd,budi Hariyanto,https://play-lh.googleusercontent.com/a-/ALV-UjVqwiTm3kF7njTkIo5TOn2I3iRHOraZARELBEkUcuFYmtV4IBA9,I like itt!!,5,0,2.715.1115,2026-04-22 19:13:50,,,2.715.1115
3a25f80d-3870-44a9-8d59-ab8e456b9d7a,mohamad agung priyambodo,https://play-lh.googleusercontent.com/a/ACg8ocKXyd4qQhbnu63MG-QfSXk9P5fI9lRAHKqhQ9jC8I18Wmjk9w=mo,👍,5,0,2.717.985,2026-04-22 19:12:43,,,2.717.985
206481fa-e9e4-4f70-ab3e-8aa1f8c4eebe,Royo Royo,https://play-lh.googleusercontent.com/a/ACg8ocJxK6A2mRNes0n7d5ifvDKm6gr2EM07eONquMKr0OZQxyJ1CVI=mo,Roblox wow 🤩,5,0,2.717.985,2026-04-22 19:12:14,,,2.717.985
a03921e4-330b-42d2-b534-736c8d54567f,afin fadhlil azhimi,https://play-lh.googleusercontent.com/a/ACg8ocIWVqxiZbe0RhWiB4xipmxkWTZbjrX7up_DN1lGteA9e4SLdA=mo,jangan kebanyakan update vid makin penuh memori gw vid 🗿,5,0,2.715.1115,2026-04-22 19:11:48,,,2.715.1115
78fc2388-c2d0-497f-81f4-3dd4ed4818d0,Aulia Rahman,https://play-lh.googleusercontent.com/a-/ALV-UjXNYBEeN8nWay4KrKBOsSLZbSbvBlWeBlpYLe4K_FJsPkxfyiAk,sinyalnya ngeleg pas main tower,2,0,2.717.985,2026-04-22 19:11:26,,,2.717.985
a284ce18-7c09-40c9-9cbe-4154ab81c53b,Hening Malam,https://play-lh.googleusercontent.com/a/ACg8ocJZZ1NB99CpPyPGegb7kSEcru3HN-W9s3krOgm8jtTFrtbgKw=mo,"tidak bisa membuat akun, bahkan kelahiran 2010 disuruh verifikasi baru bisa chat, terlalu berlebihan semoga gamenya ga laku",1,0,,2026-04-22 19:11:07,,,
fda1c1be-dec0-4f3f-a9d7-f8dea6200c63,Aqilla Azzahra,https://play-lh.googleusercontent.com/a/ACg8ocKOtTRwBmMrTSjs87odh_SP7lRBJUG5g0LNGOXBCPZHdDna_w=mo,baguss bingit,5,0,,2026-04-22 19:09:38,,,
d0408b5f-1f2b-4317-8050-af5ae710e7fd,Avivah Z.k,https://play-lh.googleusercontent.com/a/ACg8ocJeDQomZ5uKMY6XLlip9bRB3d3AsukvJOamgradcO5MOUrsxA=mo,game nya tu bagus tapi cepet banget kadarwusa,5,0,2.717.985,2026-04-22 19:09:16,,,2.717.985
16c74384-305e-49fe-a24d-dae466639d76,Cayau Cayau,https://play-lh.googleusercontent.com/a/ACg8ocI2tip0tE6ovK7CKBIfIc7efPpIC8sBpdS1IdbRBR2bniJUYQ=mo,game nya bagus,5,0,2.717.985,2026-04-22 19:08:59,,,2.717.985
a55b1717-72f7-43d7-8eb9-46f6ae4c604e,Aina Sah,https://play-lh.googleusercontent.com/a/ACg8ocKrphMBBnRwvZOGvGDFEZ_LZzF4xHB9-MyEmB_TRiGvbdXHNA=mo,gamenya begitu seru,5,0,2.711.876,2026-04-22 19:08:54,,,2.711.876
a4a8744e-a41e-414c-b04e-90704363cbe1,Levi nelya Wati,https://play-lh.googleusercontent.com/a/ACg8ocLjuTspVS4AQn8sDA6vJEVlIE96uYGvatRAyyR2izi-vPjMsA=mo,lama masuk nya,1,0,2.717.985,2026-04-22 19:07:39,,,2.717.985
0a70d7ae-168b-4519-91c9-7016b28042bd,Romi Amdani,https://play-lh.googleusercontent.com/a/ACg8ocLmScB6iVuEY815m1ECByQioTHcG2p-sy83wUq_nc4QItIk-w=mo,1000000 seru,5,0,2.717.985,2026-04-22 19:07:08,,,2.717.985
d5d64026-4fb3-4e76-8dd2-57489e6b9f77,Fajar Erlangga,https://play-lh.googleusercontent.com/a/ACg8ocK_wB4z5tnIM_qqa4kS35xKZdQxKLxPLhQHl-M3fywGoGZNCA=mo,banyak aturan males,1,0,2.715.1115,2026-04-22 19:06:42,,,2.715.1115
21e09d79-da57-4547-bccb-10daf8813975,hafni rosifa,https://play-lh.googleusercontent.com/a-/ALV-UjUVSPYQPpQuIVGoGd7n0q19cDjH-mDbnoz71btW787HTaadZr_N,mainannya bagus 👍👍👍👍👍🔥🔥 mantap bosku 🥰🥰🥰🥰,5,43,2.717.985,2026-04-22 19:06:06,,,2.717.985
fa7e9ef6-2d5b-45fe-be51-b4724125e662,Afrah Cici,https://play-lh.googleusercontent.com/a/ACg8ocKlrlqBMZPvNDaTq_T37CIy8LawxUii6GP4LL5QmerLbi1nBA=mo,"bagus, tapi banyak yang demo,gara-gara ga bisa chat",5,0,2.717.985,2026-04-22 19:04:03,,,2.717.985
e537e731-5fd8-482e-aa7b-d234ada91e9a,Aab Zia,https://play-lh.googleusercontent.com/a/ACg8ocKYSqaFeDk-4jlTeDBpRhtv6SzU0H_p_pBDV7GO1Ds49fZM-w=mo,gem itu menyenangkan,5,0,2.717.985,2026-04-22 19:03:36,,,2.717.985
d40c73ad-0637-48f0-b1c3-e89244fd10ed,aeyaa,https://play-lh.googleusercontent.com/a-/ALV-UjUmGasVwoh8KERdYSxUaYt-rLr4t5CigGY7BIqr1Mksjh-Apw2bzA,tidak cocok untuk HP kentang seperti saya,1,0,2.713.912,2026-04-22 19:02:12,,,2.713.912
a33af7dd-8978-42c2-9f30-70ab8c3aee42,Samsul 12,https://play-lh.googleusercontent.com/a/ACg8ocKUMRYr2wCYI69rJJrc3bSYbtF9N1nUdr9K8vdlEkDCid1EgA=mo,game nya bagus banget apalagi ada game yang membuat santai tenang dan bikin nyaman di game ini ada juga yang membunuh untuk naik lever a itu bagus kalau lagi bosen main game gajales,5,0,2.717.985,2026-04-22 19:02:05,,,2.717.985
e13f1c46-c5af-4df6-8a32-93b70d18e773,Kakak Raffig4nteng,https://play-lh.googleusercontent.com/a/ACg8ocLkEKNuIk3gBEyPiZxj9bjOKLb0QwP7NSBqvleaOZUeZbSjCw=mo,game nya bags tapi sering banyak pake Delta di game memandikan bayi itu banyak sekali Delta to long di pertaining ya,4,0,2.717.985,2026-04-22 19:02:02,,,2.717.985
0b73572f-587f-49d2-b21e-df0ad08df64d,Hasbi Ahmad,https://play-lh.googleusercontent.com/a/ACg8ocLdXf5AhsgosmHZu6PxJiVsJvUdY7d5Ynllgn2Gn--T56hdnA=mo,"game-nya bagus bgt aku udh lama mainin game ini tapi ada sesuatu yg buat aku ga nyaman 1.ada hacker yang gangguin aku trs dan itu bikin risih bgtt 2.kalau keluar map tiba-tiba langsung masuk ke map-nya lagi udah si itu doang yg aku alami, semoga di perbaiki lagi ya☺️🙏🏻",4,0,2.717.985,2026-04-22 19:00:47,,,2.717.985
f3ae421e-0828-4fe7-afa5-31784de7266b,Jajang Permana,https://play-lh.googleusercontent.com/a/ACg8ocLDOZz8-L6NHIjb8PEyKtMqxKd7aukdg3akzUJEQOjXpZ3g2g=mo,seru ada game aksi seru banget ada game seram juga banyak game varian beuh seru,5,0,,2026-04-22 19:00:37,,,
48106030-ac5e-415f-af65-b4f977fe442f,Meyriska Nurlaila kasih,https://play-lh.googleusercontent.com/a/ACg8ocLzd2SPcT4QAw3rQe-agxSrZBIJ8o_mHhG6tufsAi6d6-VtxA=mo,seru banget aku kasih bintang 🌟🌟🌟🌟🌟,5,0,,2026-04-22 19:00:33,,,
e3c760f5-3588-4ecd-b74e-51812afd432d,Hasri 1504,https://play-lh.googleusercontent.com/a/ACg8ocI6MFymPFsFV89f5CN_fjtywMKxHsvJMg21sadblN-TWbp43Q=mo,seruu sih,5,0,2.714.1091,2026-04-22 19:00:15,,,2.714.1091
e9c788df-8897-4088-be81-d48813f2f249,Kalingga Setiawan,https://play-lh.googleusercontent.com/a/ACg8ocItW6_W7-bwH6HYUNLVy10TzB56_2Paa1pHsVF1-8B0Jzm0Cw=mo,CHAT BACK,1,0,2.717.985,2026-04-22 18:58:51,,,2.717.985
d998c5ab-6ec2-4184-88a9-62a1f48d9c67,Cherisse Seraphine The,https://play-lh.googleusercontent.com/a/ACg8ocLxRAh2eBhBwB5M2q2rLPTEqDO9uL4EqENo3Kc1lMD-MswW9A=mo,"karena karduarsa terlalu lama , ngeselin",1,0,2.715.1115,2026-04-22 18:58:49,,,2.715.1115
ea83f430-e18f-4598-b006-3c4b2c173fdd,Anindita Tambayong,https://play-lh.googleusercontent.com/a/ACg8ocLtB4giJBmALtKzT1L_m40I9MkIbRuUHTXNvWkt0MDytyHeNA=mo,Liermm21058 iyaa aku ada roblox buat posting guys main cosplay 12℅ ?,5,0,2.715.1115,2026-04-22 18:58:43,,,2.715.1115
46177698-4cfd-4948-b79d-acbd622e774e,Ayunda Navisha,https://play-lh.googleusercontent.com/a/ACg8ocL0Ftkc8mE79VTTCR8CVlauk4T-t_wMSZn9OkyIpMh3gI1Kew=mo,game ini sangat seru sekali ayo mencoba!,4,0,2.715.1115,2026-04-22 18:57:14,,,2.715.1115
9f150a18-84ba-4b5d-91cd-2ca2fd8e8099,Siti Aida,https://play-lh.googleusercontent.com/a/ACg8ocICv0PKSh6n4wxDyM2eyax6wifnkJLJj0iFjsWDxip9iG6dyA=mo,kenapa banyak aturan gak jelas,1,0,2.717.985,2026-04-22 18:55:40,,,2.717.985
f1c6d136-cb93-4ce0-a50a-7b1928a7cdfb,Oktri Yensi,https://play-lh.googleusercontent.com/a/ACg8ocKNVEI5siY7daRTRLHfvMGqcQ-6U0TCjnVzXDp2MvjYDLnS7g=mo,gamenya ngeselin banget apalagi pakai wifi boros duit,1,0,,2026-04-22 18:54:56,,,
02d2311d-7423-40a8-ab87-cfd664945e13,iqbal pontanakayang,https://play-lh.googleusercontent.com/a/ACg8ocLy_PJ61HqKuzi1Zd2_8Dzb2Al2K0OeVT9Z1WcFYo2wjE8eWg=mo,banyak citer gua main malah kena Ben padahal gua gak pakai cit,1,0,2.715.1115,2026-04-22 18:54:39,,,2.715.1115
cddfb686-7463-4156-984b-eca22a88560a,Sitti Hanifah,https://play-lh.googleusercontent.com/a/ACg8ocIR9YWDkPNLIZayquSXH__TPqIF6P7ZX9-b84DorLwMDOpP8Q=mo,1000/10 n_n 👍👍👍👍👍👍👍👍,5,0,2.717.985,2026-04-22 18:54:02,,,2.717.985
2bf4d8b5-1eee-46e9-ad36-47b600dd963c,Raunie Fathiyyaturrahma,https://play-lh.googleusercontent.com/a-/ALV-UjVR9TKY5_g9V7q18EGeeAxCzY1w0KPpIYlezLFa_qHQgTFwTQ,😋,5,0,2.710.707,2026-04-22 18:51:02,,,2.710.707
40d37c51-1187-469e-997e-5beca9b49e49,Adi Yunarto,https://play-lh.googleusercontent.com/a-/ALV-UjUwAahlXWpOfiW4BdnU6X_bxDNcrw0WObnAYQB3W9BKz5pwDcg,INI AKUN GW DIBLOKIR TOLONG LAH ADMINNN,2,0,,2026-04-22 18:50:46,,,
fb45b909-3ffc-4cf5-8d61-3bec06d4f132,Yoyo Imut,https://play-lh.googleusercontent.com/a-/ALV-UjWUw68Otnc2HmyCW4wWFOToKDIMIyPkFkxmklLQmr8P7qXlIYbR,ini game nya Bagus banget bisa bikin ava sendiri cuma boleh ga robux nya di gratisin ☺️,5,0,2.717.985,2026-04-22 18:50:06,,,2.717.985
0a9dff51-11d6-4c61-ac4f-424835b065ac,Amat joned Joned,https://play-lh.googleusercontent.com/a/ACg8ocIBJYX5LMJZft9GDsBehAVeCndr9gXNZ48D8lUx4aAsapIALA=mo,roblox permainan kesukaanku aku smpek beli 15 robux,5,0,,2026-04-22 18:48:56,,,
5d5bb793-fbe1-47cd-9c6f-33bce0570bd5,Calysta Razena,https://play-lh.googleusercontent.com/a/ACg8ocJChdjL5AmcLaBn0yiaD0nKKtBwbAD1y05wkxhOm4_U-pkZCA=mo,karen Roblox itu gitu gitu aja,1,0,,2026-04-22 18:48:19,,,
6b9580a3-eb08-48bd-80c1-0b274e1ab230,Alvin,https://play-lh.googleusercontent.com/a/ACg8ocIeqi97-M2FtWQ2ALTzQEYemLSlEV0o2_1Zpvee7e2xcb1N=mo,tolong yg kejelasan lebih dari resornasi ngk kluar sound ny,1,0,2.717.985,2026-04-22 18:48:18,,,2.717.985
47c6bbf5-79a5-42c5-8238-7f36a2d81dbf,iky,https://play-lh.googleusercontent.com/a/ACg8ocLJxBoRZSPv5_b3A-EBOAU1cK9KlZrYAmb53CGaSoRhbH7mEA=mo,banyak map yang kita bisa pilih tapi ada jugak yang tidak bisa karna 18+ jadi aman untuk anak anakku,5,0,2.716.875,2026-04-22 18:46:56,,,2.716.875
40b62798-52fe-4ed1-9b3c-0e5d1ef9cfd3,Ferry Adi,https://play-lh.googleusercontent.com/a/ACg8ocJGMS23OHj7V61EkVyLHAiXcPpYNz1kqgbDd5SX57q2aBMArA=mo,serusekali,5,0,2.711.876,2026-04-22 18:46:48,,,2.711.876
7fb186e8-146e-43b3-baef-178a252d97ee,Sugito Gito,https://play-lh.googleusercontent.com/a/ACg8ocLMDhkWEJvkpPQWxb3dqNHXjhH0ZmK5Ouh6MRA36qSj4Gd51g=mo,sound ne apik wooo|(￣3￣)|,5,0,,2026-04-22 18:46:41,,,
b6a14650-0432-489a-886f-a6dbc4718c22,raffa raffa,https://play-lh.googleusercontent.com/a/ACg8ocLtR41HY_y8XqP09uUq6BBMRv4R38LGMC_LIgsMxGf-DYYVsg=mo,"game ny kurang, bnyak bug tapi okelah ni game buat di mainin",4,0,2.717.985,2026-04-22 18:45:39,,,2.717.985
229e7ed4-f45c-4963-a6c9-04cd0d8c92ba,Hpp Bpp,https://play-lh.googleusercontent.com/a/ACg8ocIhWeTPTTi8_x6QL_SpYv3nfQF6NUuN2dFEWWyiE_pF0YRVug=mo,iya bisa main tapi nga habisin data harus diganti atau upgrade,4,0,2.715.1115,2026-04-22 18:45:35,,,2.715.1115
b04ef94b-35ab-49b6-bb3f-6bccf6af7cfe,Al Akbar,https://play-lh.googleusercontent.com/a/ACg8ocJGFQnA36LeuUasniJ40_9LfM_cDiMef7uBwlhe5k_paVIjAg=mo,gem nya bagus bgt bisa Mabar juga lg🥳,5,0,2.717.985,2026-04-22 18:42:41,,,2.717.985
548d3190-d8e8-4277-b107-8485c8bbe93e,Tien Hutagaol,https://play-lh.googleusercontent.com/a/ACg8ocJ1RiCCfjJcS8oeqiIsdN8ReZFBApupIgVZjtlxpU3P9TEQ1Q=mo,seru mainnya,5,0,2.717.985,2026-04-22 18:42:30,,,2.717.985
942148d0-0c00-42f0-8703-72ee0eb2c4d6,Akun Coba,https://play-lh.googleusercontent.com/a/ACg8ocJpyMjG6gLkmJbzV4u-Nyz76laNR0_B4-zPQiBrfXfglPwWWA=mo,gemnya bagus tapi aku di bener,1,0,,2026-04-22 18:42:07,,,
b0efce57-3204-474f-ba08-edc2d6732f17,Arthur Kenzi,https://play-lh.googleusercontent.com/a/ACg8ocIWNiqrbHtcfSs-b3LoFip8zekIG3m7QJqrfU1KK6APImVWhg=mo,ini game bagus banget aku main ini dari 2023 1 juli sampai 2026,5,0,2.648.781,2026-04-22 18:39:30,,,2.648.781
964fefd7-9184-4d0b-8a83-c319a23713c7,Chelsea Cantik,https://play-lh.googleusercontent.com/a-/ALV-UjWbTHZX7uXfBagDmIPqjtq04MEFkRdetXF1eQrhOS4b3aPFK8o,kebanyakan bug apalgi di Map vd,2,0,,2026-04-22 18:39:15,,,
77ba406e-3749-45d3-ba65-66af76c3bf99,Fiona Zea,https://play-lh.googleusercontent.com/a/ACg8ocIW3xiWi2_b5uDlkGZRGOY0FpbQXFSIhBeeopU_EImoGN8etw=mo,game ini seru sekali!,5,0,2.715.1115,2026-04-22 18:38:18,,,2.715.1115
19350d76-1c0b-48cc-83ae-23ac5ffc8b88,empip Pip,https://play-lh.googleusercontent.com/a/ACg8ocKP4vKZJ0wG5A_FmkvxtuVvY6N1C1nP2coinKeqwNwMSjmmyw=mo,"game ya si seru banget aku rekomendasi banget si,,",5,0,2.717.985,2026-04-22 18:34:31,,,2.717.985
f40aa647-639d-4f76-9751-31a38024bf57,Lissa Saimima,https://play-lh.googleusercontent.com/a/ACg8ocIL3i54GRF9-tcxJ1aGTY5IWWc_srM9JN9AY_PhldivY3OSow=mo,aku suka main roblox walaupun gak sering sering sih menurut aku roblox gak boleh dihapus kalo ortu ngamuk ya itu salah anaknya bukan salah game nya,4,0,2.717.985,2026-04-22 18:34:02,,,2.717.985
a641130b-574b-4cc3-b002-a6d0340d4ab6,Nourie Tamaela,https://play-lh.googleusercontent.com/a-/ALV-UjXmCO5Mdv_hxqDA2lAPr2RSE4w0aitny58Ce_LFmP9nBNbFm4Q,aku suka banget main tower tpi gak tau,3,0,2.717.985,2026-04-22 18:32:43,,,2.717.985
a63567c4-4de4-4c28-812f-6487c4da985e,Agung Mario,https://play-lh.googleusercontent.com/a-/ALV-UjV27GoszUl4si0U98azODqxVJUGYJVrz67-ThG2DBYEOE9zjEQ,bintang 1 karna chat gk bisa di buka,1,0,2.717.985,2026-04-22 18:30:31,,,2.717.985
5594ef54-44ac-4b5c-a710-77b8c51fcc2a,Alexa Masoara,https://play-lh.googleusercontent.com/a/ACg8ocKrrOFvEPAaAESIFKZ0PIkvqHpM9Jd4wZ-GORKIFhwWusU4Gg=mo,saya bisa bermain dengan nyaman,5,0,2.715.1115,2026-04-22 18:30:30,,,2.715.1115
39e7bfbd-2fd0-40e1-b58b-015ba7b44840,Nara,https://play-lh.googleusercontent.com/a/ACg8ocLB8TUI2Z0ov4kJMwzo0CkCybUx-EDy1lHcJoUQwMZdQ38McA=mo,Game bagus tapi banyak aturan gajelas + iklan yg ganggu banget,2,0,2.717.985,2026-04-22 18:28:16,,,2.717.985
7a95d0aa-dba3-4d2e-8937-6fbc0b1768ca,Zulfikar yunisar,https://play-lh.googleusercontent.com/a-/ALV-UjUggI2Zb1-cL7boxySFxauTxXHXcI7i08cYvBJH_y4vjnFfePM,game nya lumayan tapi ada kekurangan nya yaitu chat . ituin lagi chatnya,4,0,2.714.1096,2026-04-22 18:27:45,,,2.714.1096
0bfe7536-5c4f-4532-8478-0c988d96c1fb,Dewa ketut,https://play-lh.googleusercontent.com/a/ACg8ocL8x7Lkr_yN7Wef4jRGIiWGHBlo9eYLSHelfVGWLsbG04KhoA=mo,keren bisa memilih milih pakaian dan game di dalamnnya seru seru,5,0,2.717.985,2026-04-22 18:27:31,,,2.717.985
14e58611-bf64-4ccd-9296-e86e9525da56,Ayunda Dwi,https://play-lh.googleusercontent.com/a/ACg8ocKlYuG_A4VWPoQLaO6HWlN3wZad2X4DWgywrz3oylL98hSJKw=mo,gsk hrga brng ny naik turun sy miskin,4,0,2.717.985,2026-04-22 18:26:24,,,2.717.985
61b14fb2-b4c6-40a6-b99b-d0b158049843,randa Achmad,https://play-lh.googleusercontent.com/a-/ALV-UjXYJq1e2jZwitFAVzR5il_t7xikB-TvE1tK2NaQwPGGMIMf4ew,game nya bagus banget saya suka itu,1,0,2.717.985,2026-04-22 18:26:01,,,2.717.985
9abbb4f0-2770-4cdf-9e57-3785c902cb1c,DILAA CANTII,https://play-lh.googleusercontent.com/a-/ALV-UjWPq2Y1zMAxA3-rHUx325QlgRrZyUh4YBldrHyWus1t1-_kXkQ,"bagus aja tpi banyak bug,lag,dan kenapa harus ada fitur umur dan verifikasi?anak anak di bawah 13 tahun kasian ini merugikan bngt dan kenapa fitur on mic ga langsung ada di roblox?dan satu saran ""tolong kasih robux gratis entah 10-100"" bakal tetap di terima kasian orng yang ga mampu beli robux.",3,0,2.715.1115,2026-04-22 18:23:57,,,2.715.1115
2e2499d6-6976-480c-9eff-a68706e8f1a6,Luk Kk44,https://play-lh.googleusercontent.com/a/ACg8ocKA4fJTu1NauzLCbQjNJIqyXyv0CJfjL0Cp1_BPs_fU_0TPvw=mo,karena Roblox nama itu adalah main yang seru dan menarik,2,0,2.717.985,2026-04-22 18:22:52,,,2.717.985
42f93ba0-8065-42d0-9815-628fc0f4aa78,Zamri Zaki,https://play-lh.googleusercontent.com/a/ACg8ocLG42Fa-czsWW5RjCwo-eMAzgnjtjxPe5ibudPgd7mRuVPoKw=mo,banyak masalah di sistemnya,1,0,2.717.985,2026-04-22 18:22:13,,,2.717.985
0b808cf8-b23d-4888-8356-ced6168bfc03,Muhammad Faqih,https://play-lh.googleusercontent.com/a/ACg8ocJFD5VBUzDs7l9-GLaNRmezlubirR3Jyl3iu3k8wpXiSHVs0A=mo,aku suka dengan game nya tapi ada yang curang pake script biasa nya dia sangat jahil tapi chat nya juga dihapus demi keselamatan anak² di umur 16 tahun keatas,5,0,,2026-04-22 18:22:10,,,
5f20502a-8ec5-4bb1-b2e8-f1f0b8c59ef8,ghifa fizi,https://play-lh.googleusercontent.com/a/ACg8ocIO0XIlxfv058yGFXCgszUjsE0kXCyuUK6KxWPHl2IqotNCNQ=mo,udh bagus aj,5,0,,2026-04-22 18:21:55,,,
837e1a56-72da-476e-a6ff-9a893b9d5f42,Raisa Ica,https://play-lh.googleusercontent.com/a/ACg8ocJjnOtkk2W4oUrZRxaNJD8I1PPQ-X6b42kFBiX8v26JuY9PkQ=mo,game nya baguss banget game yang paling bagus dari pada game lain nya👍,5,0,2.714.1096,2026-04-22 18:19:07,,,2.714.1096
444e806e-b11f-45f1-b2fc-b4092ed10ab7,Adiba Felicia,https://play-lh.googleusercontent.com/a/ACg8ocKnxHykOxJnZcQdKlFWffl5XdQ1KOLNhBngAyWg9eQgXzUi3w=mo,terima kasih Roblox,5,0,,2026-04-22 18:16:12,,,
c4f9ee95-ff3c-4228-b3e2-ce41e27caf5d,Isti Rahayuningsih,https://play-lh.googleusercontent.com/a/ACg8ocJzQdOdtODBv8_HxN_cv5GW0NuZjT5oE5U5jYObBTrr3HELbsY=mo,gak bagus jelek gak guna,1,0,2.717.985,2026-04-22 18:16:06,,,2.717.985
339b7b1c-a110-4538-92d8-49c348941252,Inda sah,https://play-lh.googleusercontent.com/a-/ALV-UjWGm9-iqHQD61iksmjwoRCw9jvOUnT9aCLc_h78EjoHplIokbcI,bgus.,5,0,2.715.1115,2026-04-22 18:15:46,,,2.715.1115
d5920e06-f727-42a3-8fe9-1a3736b43d75,Andi Adila,https://play-lh.googleusercontent.com/a/ACg8ocJeZVJzaUAsi6IsLjsX4Hmtk_53EWfKO1SNe7atJSJ2CL3IVA=mo,bagus yaaa bag,3,0,2.714.1096,2026-04-22 18:15:44,,,2.714.1096
20f28cdb-1ca2-4c64-946f-56327eba9a11,Rizky Dwi,https://play-lh.googleusercontent.com/a-/ALV-UjU4gNEe0WzH99uwCPAPkvY2-5CQLR2w2UEYfF7ogDEqTh-Si_k,bagus banget banget tapi harus ditingkatkan lagi,5,0,2.717.985,2026-04-22 18:13:42,,,2.717.985
97e81133-3831-4daa-ad99-95fe4ed43dbd,Abi Iki,https://play-lh.googleusercontent.com/a/ACg8ocJ7bNbbyYRvu78DxT11LnE3MdGlTmXR4YOKMvXBViPGZfuLNA=mo,seru,5,0,,2026-04-22 18:13:31,,,
a25765c7-30df-4555-bbeb-05f11c365071,Rifqi Nabil,https://play-lh.googleusercontent.com/a-/ALV-UjUCM7na6agABfoRy5wDba-jqLuOy8DY7e4RfASOrpYVvpMTSR_A,suka lag padahal jaringan bagus,3,0,,2026-04-22 18:13:13,,,
da1f573d-dff3-4283-96f2-f4d68c4e5089,alya makka,https://play-lh.googleusercontent.com/a/ACg8ocIWqregGhoEFUnxAF2pW0bhVfY--EEGXh_87SAyE5chPA6jWw=mo,aku suka gem nya seru tapi bisa ga ROBLOX aktifin chet nya lagi kasian anak anak yang dibawah umur ga bisa ngobrol ya palingan dikasih tapi tetap di awasi plis roblox,5,0,2.717.985,2026-04-22 18:12:45,,,2.717.985
8e1fae31-588b-4974-aa4f-b050c509b88e,Carolina Carolina,https://play-lh.googleusercontent.com/a/ACg8ocK7bIxUlqgmONQ-_03aVrT4F5WZahJ45cZcuIP08C3D5kX-sw=mo,jelek lemot lagi di situ aku lagi main ava aku ilang 👎,1,0,2.717.985,2026-04-22 18:11:51,,,2.717.985
a765f8e8-0c6f-431b-8215-6adf7362e3b0,Adi Jb,https://play-lh.googleusercontent.com/a/ACg8ocIX0Z6c0B7wNmWIoOUB911mhCDmbG3SbkBOhasKTRKP39hTKw=mo,seru tapi untuk baju yah atau apa minimal geratis,5,0,2.715.1115,2026-04-22 18:11:37,,,2.715.1115
cfb5e1f1-18e2-497b-9232-1d60803a0ba9,Azka Rapli,https://play-lh.googleusercontent.com/a/ACg8ocLD_cXdctv0Ch2nlVYFuC2_4rxACWv38--d_pkkXKlWVshvjw=mo,membuat paket cepat habis,3,0,2.715.1115,2026-04-22 18:11:33,,,2.715.1115
069e6c65-189c-4b6f-bc24-9347a29ea736,Sidiq Kemiri,https://play-lh.googleusercontent.com/a/ACg8ocJvrCWMsRaGD1C9g6vHIQfBmxPun4ICyqUxUf2k-mgeRcUHmQ=mo,bagus sih,4,0,2.716.875,2026-04-22 18:09:51,,,2.716.875
f5831d17-26ab-42d3-ae0a-b647c369a848,Rafiqi,https://play-lh.googleusercontent.com/a/ACg8ocIJ6qGvzF8XV6T9lFMWGVy2095_Re6udiaeFjrs2959fxibWA=mo,sangat banyak pernainan nya,5,0,2.717.985,2026-04-22 18:08:00,,,2.717.985
07ea8c5a-a4c9-40de-b08c-d0abbd82d81e,Dea Riyandhotun,https://play-lh.googleusercontent.com/a-/ALV-UjUCawPqrfiwinG0yn5ldxt0EjSuVxTh5Z2--M6wE4RzKHBHWss,Seruu banyak macam2 game yg amazing,5,0,2.717.985,2026-04-22 18:07:41,,,2.717.985
e80c7a20-4dcb-411a-b1da-00240713fb4d,Citra Sakira,https://play-lh.googleusercontent.com/a/ACg8ocJMdRkEO1A65CmPIGrFSu38XQa-__Az-L0dlAA-Fa3HWVxlTw=mo,bagus banget game roblox nya banyak game yang ada😄👍,5,0,2.717.985,2026-04-22 18:05:44,,,2.717.985
956a2183-8a70-4bab-9cb9-e6e7a0f7c10e,Irma Vega Kenneth,https://play-lh.googleusercontent.com/a/ACg8ocLK6oQrCSix6FEjHdhGhELzGNRPZUPdbTLn8oQqXln79tv-1A=mo,Roblox 🥰🥰🥰🥰❤️❤️,5,0,2.717.985,2026-04-22 18:04:57,,,2.717.985
adf4dbf5-bb21-40b8-b103-164ed753a063,Yusnaeni aulia,https://play-lh.googleusercontent.com/a/ACg8ocIsLmkz6oFz2eLtfJYboZW6kKYE9jMl9ghi7OpDzIzYacohSQ=mo,game nya seru,5,0,,2026-04-22 18:04:43,,,
dba153df-7e5e-4c73-9c6f-afab027714c4,COBARXLolx IOS,https://play-lh.googleusercontent.com/a-/ALV-UjWjuSsZbD0xfOBsBKOk2y7RBbnwwEOMvSD6AfqwwdwaFlHMxds,"udah aturan ga jelas terus citer2 di biarin ini gimana konsepnya si roblox, minimal yg bersih² citer dulu daripada bikin aturan ga jelas, ngetik normal dianggap pelecehan tolong lah yah roblox ini game seru minus nya ya kek dibatas tuh #basmicheat",1,0,2.716.875,2026-04-22 18:04:42,,,2.716.875
1c764862-e762-45ef-8694-4360495fe807,amelia cahya,https://play-lh.googleusercontent.com/a-/ALV-UjWKo60NQ6l2UqFMlztfJ6wkii3OqHS1Uz3wQODElASKgAI3654,rblx pler,1,0,,2026-04-22 18:04:03,,,
551b0780-bf7a-4f56-a901-b63b651a664b,Dhanzz Supyadilah,https://play-lh.googleusercontent.com/a-/ALV-UjXUr3sODTTbQggA7ixOUkYWqm2Saw0I7vXNfkO3wXOEGzLGcywD,"roblox sekarang banyak bug nya, jadi tolong perbaiki bug min...",2,0,2.717.985,2026-04-22 18:03:03,,,2.717.985
6cc75246-6061-4d7f-8f62-62e43b8e2ae5,Kontos Spear Gamers,https://play-lh.googleusercontent.com/a/ACg8ocL2nlATUHJy5mU9jDf-kPduYfqFpU9Q8JiZ7bFgg2utaxd81Q=mo,"Rblx sbnrny punya sisi yg cukup mengkhawatirkan kalau kita lihat lebih dkt. Platform ini seperti menjadikan waktu luang anak-anak sebagai lahan komersial, dengan algoritma yg terus mendorong mereka untuk terus bermain tanpa sadar. Banyak konten di dalamnya terasa repetitif dn kualitasnya pas-pasan, tapi justru yg sering muncul karena lebih menguntungkan secara transaksi. Kreator kecil pun sulit berkembang karena sistem bagi hasil yg terasa timpang. yg paling sedih, anak bisa kelelahan mental",1,1,,2026-04-22 18:02:28,,,
3305da1d-4324-4c53-a995-d9ebfb38c9ea,M Hafiz,https://play-lh.googleusercontent.com/a-/ALV-UjUvpXg-N23toaeG2s2kGp4IcOzfbGlVhdmWJTaDiPOIRy4j7wrs,bosok apik ff,1,0,,2026-04-22 18:01:52,,,
8e4c74f1-08ea-4b3c-8372-8d0ffb8217de,Putri Qiara,https://play-lh.googleusercontent.com/a/ACg8ocKkEEbhypE06TYGD-3Jh5EF2bd1CutYXqsrRyDbIPYKO0HA0g=mo,game nya seru aku suka,5,0,2.716.875,2026-04-22 17:59:38,,,2.716.875
36a950e7-7b4b-48de-9f87-b57cc8a2e0d5,Hendri Yanto,https://play-lh.googleusercontent.com/a/ACg8ocKD-I38HcJ77o_JXxd2CYBz0QWAel-tCKfpw4GKquLVxzXg5Q=mo,game ini paling seru banget bisa gantia va bisa ngedit nama dan bisa mabar atau join game ini aku kasi bintang 100,5,0,,2026-04-22 17:59:23,,,
8ac9f51d-e92b-4268-98e3-0ec985f6cdd9,Yamate Kudasai,https://play-lh.googleusercontent.com/a/ACg8ocILD02JKoLgvJV-qYR9zyoEoBWs6S33d00BYJ4TfomEnqeMBg=mo,Roblox sangat bagus dan gitulah. Kita bisa berteman dan dll. cumn kadang suka bug. dan dll. TPI gpp,5,0,,2026-04-22 17:58:09,,,
0ea47df1-1bb0-4a31-8550-8bfabf56c0c1,pipied rochmy,https://play-lh.googleusercontent.com/a-/ALV-UjVcrfreaFLF76HAKKWIPfpPa3UGsWPyTj51TNJ84fPn105tdfhNgw,roblox sekarang beda tapi tetep seru,4,0,2.711.876,2026-04-22 17:57:29,,,2.711.876
d71f95d7-62e3-46cf-9997-7ad4ee050520,Talita Amira,https://play-lh.googleusercontent.com/a/ACg8ocLbu4qQp0PabD4cq2eQZQxt9Z4pFFm9-ogKiZv41go2984I-Q=mo,"gaje jaringan lancar tapi masa lag gajelas gabisa masuk ke map, padahal jaringan kuat banget gajelasss",1,0,,2026-04-22 17:56:52,,,
a05612ac-dbe4-4d3b-b2b4-a3f7374007f5,FajarRaharja,https://play-lh.googleusercontent.com/a-/ALV-UjXmqWIZFZSmrA0j0fXTiU0tM8tRk3P0WTeA335vo7V393_YEPE,bring back chat David😡,1,0,2.717.985,2026-04-22 17:55:06,,,2.717.985
4a0acb23-5ab1-49d2-a867-a245232ce659,ira griselda,https://play-lh.googleusercontent.com/a/ACg8ocL4X1AVfCK_YpKE107kVodUFDybSdL-9l4rxsduPzwWWmxNwQ=mo,"game nya bagusss, banyak pilihan maps nyaaa",5,0,,2026-04-22 17:54:42,,,
1bf8f06d-ffe4-4853-9ad7-508cd7674095,Bayu Bayu79,https://play-lh.googleusercontent.com/a/ACg8ocIW6y_1ujrdibhBeuXNW-_ONvxIEFXy5QU3F1AVS1gHipFb-w=mo,bagus dan ramai,5,0,2.716.875,2026-04-22 17:53:11,,,2.716.875
18080cf0-51e5-4ee6-9c0c-d9c3135df3b4,Ikhsan Nurcahya,https://play-lh.googleusercontent.com/a-/ALV-UjUPQHsa1gD1gagf_wDIyCr7VZA5AqK3Pdye-YXIuJqwdspXRC4,"game nya seru, tapi saya ingin fitur chat di kembalikan tanpa melakukan verifikasi",5,0,2.715.1115,2026-04-22 17:53:04,,,2.715.1115
8fbca2be-c6cb-487a-8b81-3ace0a27bee0,Nurhayati Rosita,https://play-lh.googleusercontent.com/a/ACg8ocIgffvJTTZcgU2ArYHXmZlQGx2AOWvjAwEthfmylsFWD8fB=mo,"ngapain ada fitur make up segala sih, dikira game sebelah apa..",1,0,2.715.1115,2026-04-22 17:52:20,,,2.715.1115
fab3c6d5-3cc1-4705-8a97-7345c067ce2d,Aidan Arfan,https://play-lh.googleusercontent.com/a/ACg8ocKGBgS5EZ4dNSAv9j70v0TU2d5keI3dnkdBtW-ebn3cwjUwhQ=mo,geme nya semakin update semakin GK jelas,3,0,2.717.985,2026-04-22 17:51:55,,,2.717.985
e16d0093-cc98-44c0-aa99-a7ccefc6ec60,Muhammad Wildan Al kafi AL,https://play-lh.googleusercontent.com/a-/ALV-UjV7g7-hJ3roTfnJsNabKJZ-grhsoHOVbTkgO_lrT8wRjcpOhNQ,geme nya ngeleg,1,0,,2026-04-22 17:51:09,,,
447181d7-0073-4a52-8fc6-7c6573d6debf,Willy Willy,https://play-lh.googleusercontent.com/a-/ALV-UjVPd5Oza6RvkE5iXAaK8E2sAU9ODAfECxe479hObBLuX5EHS2rh,"Game nya sering ngebug,",1,0,,2026-04-22 17:50:51,,,
733846d4-2905-4a3f-9b67-fa3502f09376,aries,https://play-lh.googleusercontent.com/a-/ALV-UjUB2i5t9U6rrpts9W7UXEx9NKdKb45tioEZKzjIchFLSU-I8Do,aku suka benget sam ribloxxxxxxx,5,0,2.716.875,2026-04-22 17:49:38,,,2.716.875
334dc0c8-cb88-45d1-b2ea-1c011d252c5a,Andi Adzhan,https://play-lh.googleusercontent.com/a-/ALV-UjUTg5xVAQalGH8SvKRz87KBSMBAD0PCMj_okBH6vd7UlZTZTxS0,scam update🫩,1,0,2.717.985,2026-04-22 17:49:08,,,2.717.985
2ce9df65-3605-4e2e-960a-f211af396ce1,Lorenzos Silitonga,https://play-lh.googleusercontent.com/a/ACg8ocLtSLxFivXgFQqQxTdu1fsz_QsYYFAUTP4_Xb2YQGafg9NZIw=mo,kembalikan chat sekarang juga,1,0,,2026-04-22 17:48:27,,,
22e625b2-f7e2-4087-bb99-8f6335d4124e,User Sembilan,https://play-lh.googleusercontent.com/a/ACg8ocJkZCGcM59T82ThsIfI7ntKLQ8mDlakl7eW_jPfSKh4hLVbuQ=mo,"jujur aku gapapa aja untuk update awal awal nya dan saya masih berpikir positif seperti ini untuk kebaikan anak anak tapi masalah nya mengapa harus menghapus clasic face? dan mengganti nya menjadi dinamik dan mengganti classic face jadi make up💔, aku merasa bahwa roblox belakangan ini bukan hanya beralasan untuk ke amanan anak tapi juga tidak mendengar kan para pemain nya roblox sekarang menjadi game problematik💔💔",3,0,2.717.985,2026-04-22 17:48:16,,,2.717.985
b687ca99-fd68-4bbf-9169-cb52f374196b,Alrais Dirga,https://play-lh.googleusercontent.com/a/ACg8ocJjFvIyYCoxgih9Bqu2dTk4G3uIpJyuCpoP_J2aHp4YOF9Nug=mo,seruu,5,0,,2026-04-22 17:47:07,,,
5da1be4a-f80a-4c17-806b-b80500a97ecb,Abidzar Altan mutaqi,https://play-lh.googleusercontent.com/a/ACg8ocKvwraO-1ECWegGmrXXqUXLFXZdT46yAuxf8oisxu8N9cHM-g=mo,gamenya seru banget ❤️❤️❤️,5,0,2.717.985,2026-04-22 17:46:20,,,2.717.985
94606446-15b3-42c9-9a83-305f17c1e089,AndikaZI AndikaZI,https://play-lh.googleusercontent.com/a-/ALV-UjXubZcWD7g6Ux4QtP3XRzFTpNTkwNtveRqh9D58yy9WzqwIC0c,Game Apa Ini Gw Gak Bisa Masuk Map.Ini Harus Dibenerin Kalo Gak Gw Gak Mau Main Game Roblox Lagi,1,0,2.717.985,2026-04-22 17:44:40,,,2.717.985
febac0ca-1587-4ebb-9970-6bed9a7b5f99,Dhari Rivano,https://play-lh.googleusercontent.com/a/ACg8ocIgvkpwev0JqBRb5Xk3TOSfkqW75JJATJcud4QsofrgavKqNg=mo,maindiroblox sangat menye mangkane sekali dan permainan yang sangat banyak sekali bermacam macam permainan adafisit ada geraugarden ada menjadi belok keberuntungan yang sangat seru bermacam-macam permainanlah pokok nya sagat seru sekali ada minikeref ada kusus permainan perempuan🚺 indah cantik dan ada permainan 99 bertahan dihutan sagat seru sekali enaklah kalau main roblox enak sekali mantap indah cantik ganteng pokoknya enaklah kalau maen roblox 😄😄😄😄😄😄😄😄😄😄😎😎😎😎😎😎😎😎😎😎😎😎😎,5,0,2.715.1115,2026-04-22 17:44:14,,,2.715.1115
666cae4f-134f-4e57-8b41-90e929b80729,Jajang Setiawan,https://play-lh.googleusercontent.com/a/ACg8ocJ_YXt_vcSXacZ4lOes8MlfopTwaL0TkVh_euUTmi9ktf8P8A=mo,saya jdi kecewa gara² aturan yang bru🥲,2,0,,2026-04-22 17:43:34,,,
2925fb71-53a9-413a-956b-0f960173bead,Carter Tampubolon,https://play-lh.googleusercontent.com/a/ACg8ocJfRZuONXlE-eKYzg6kaI5C94sGaC62D1CUxBXy8TtXDCpa2Q=mo,sangat seru dan sangat menyenangkan,5,0,,2026-04-22 17:43:12,,,
63ce5c38-49ad-4f1c-aacd-4689282e4190,Esel Tea,https://play-lh.googleusercontent.com/a-/ALV-UjVwZiFaCWNwQ6XW3pYX7ugSeIBiMD6N9LCfPgXojTFYOOIsi0OC,"sumpah deh kesel banget masa pas login ke akun malah harus di kasih 2 verifikasi dulu? padahal itu akun aku yang dari dulu aku rawat pas aku ikutin malah gak bisa, ini gimana sih",2,0,2.717.985,2026-04-22 17:41:43,,,2.717.985
d8f9032a-147e-47ef-a5f6-121b12264d29,Dian _roblox,https://play-lh.googleusercontent.com/a/ACg8ocIX7gtYlQRtcplhZdGdTrDn_e8D1_fenIjrnGg2D6Et1X3yJg=mo,map nya banyak jadi ga bosen,5,0,2.717.985,2026-04-22 17:41:06,,,2.717.985
530def10-e8c1-44e9-af0a-1e8a86efead2,Azka algifari,https://play-lh.googleusercontent.com/a/ACg8ocLJYSPXiAbbDFjloTbM8W-rvB3IS1cLDZPAdWOqb0v5MfrvqQ=mo,banyak aturan baru gak jelas,1,0,,2026-04-22 17:40:00,,,
32e8a402-3737-49d6-b0fe-13f47683d2c2,Pra Ka,https://play-lh.googleusercontent.com/a-/ALV-UjV5UeaX8tgReik4luOfJ7uZF1oWsgnlY-kggkuAZoHnubgRo_CC,"habis di update kenapa tidak bisa menggunakan command ""/re"" di map malah makin bnyak bugnya, lebih parahnya lagi harga di marketplace tiba2 dinaikkan dua kali lipat kacau kali emang....",1,0,,2026-04-22 17:39:43,,,
84a7aa62-a242-478b-a814-b1a1b475a7e2,Abizal Sah azami,https://play-lh.googleusercontent.com/a-/ALV-UjU4v0i5wWRoD4T73zd6dW0ccYiymcOwum0Si9b3x3ulsw4Lw0k,bagus👍,5,0,2.717.985,2026-04-22 17:39:24,,,2.717.985
9eb9ce05-6dcb-4d92-b16e-29e3f56ef980,Rizky Yandi,https://play-lh.googleusercontent.com/a/ACg8ocIAH1QE10MMk5l8tD8HwfMDqv7zS4sYOanVIfrb7DsCGKd52w=mo,game sok asik,5,0,,2026-04-22 17:38:10,,,
ceed594a-aa00-4c62-98dd-6503024a7ad1,Bams sp,https://play-lh.googleusercontent.com/a-/ALV-UjW9wXs54CGSfkKXHeHoNBBiltgZE6zbvaArKZJnLEAhEooamGWb,seru banget,5,0,,2026-04-22 17:37:54,,,
46df240e-7576-45b1-be00-e5e1a6f9a377,Lina Shaviraa,https://play-lh.googleusercontent.com/a/ACg8ocJlcMe3WZn1qTQE5ipzV9kdddk0Yw-0HtXmfxqG0dr0FArztQ=mo,bagus,5,0,2.717.985,2026-04-22 17:36:11,,,2.717.985
99b9d7e8-99b9-4aec-a7a1-cb078ac81d64,Annisa Faiha,https://play-lh.googleusercontent.com/a/ACg8ocJKC9cvFGG_cLU7KJgtLFJ0i9WZX7bbemNQisYO0sPjkV8gTg=mo,"roblox ini bagus banget tapi ada yg kurangnya juga ,aku main di hp kalo maj masuk permainannya pasti layarnya berdiri ikutin layar hp kalo idah masuk mapnya",5,0,2.717.985,2026-04-22 17:35:32,,,2.717.985
f6590c34-de21-48ca-be38-f882906502dc,Xeon Gt125,https://play-lh.googleusercontent.com/a-/ALV-UjV61miMTzi7yyRyxz2Rm_Nx86b74ptrUi3kOB7R9XHZzO6ZUJw,jelek jangan di dowload 😏👍,1,0,,2026-04-22 17:35:14,,,
41df4aad-6a18-4421-8114-f7fa082f7c81,Tifa Butar,https://play-lh.googleusercontent.com/a/ACg8ocK4AAzlZ6jNuV7iSfUN3N6BSyMtFQn3EauikLfu1fxjg254lg=mo,kenapa aku ngasih bintang 4 FACE CLASSIC DI HAPUS DEMI MAKE UP,2,0,2.716.875,2026-04-22 17:34:46,,,2.716.875
acc44764-07d3-42bf-a9e2-35e9725a1705,Muhamad Salman,https://play-lh.googleusercontent.com/a/ACg8ocJlbWb7Jo0leqqyYDxmxBpRsSSnnS74dxQ1mp0bhm-BqrCPJg=mo,geme bagus apa lagi aku pernah ketemu bang vincent,5,0,2.716.875,2026-04-22 17:34:28,,,2.716.875
194b1aa2-8ec8-4fba-89be-005b8f3dedff,bian ndn,https://play-lh.googleusercontent.com/a/ACg8ocLgLCW32I3Kxz2fWsOEHg7KmCTOpT-iumJXeXbyFBEcuhERRg=mo,game nya gitu gitu aja jdi bosen apalagi ada halangan ngechat,2,0,2.716.875,2026-04-22 17:34:13,,,2.716.875
6768b81d-7798-47f4-81a1-acfd14149ac6,Kar Romah,https://play-lh.googleusercontent.com/a/ACg8ocKBlpq11JNz-fwHuWdbdqnQEScieYBKw82w6j_ZWkL8CydxSg=mo,game nya keren,5,0,2.717.985,2026-04-22 17:33:21,,,2.717.985
a7922418-a790-4420-ae4d-381cafa202f2,Syahir Arjuna,https://play-lh.googleusercontent.com/a/ACg8ocJjOtNDYHlB891On2IPY4MSCZp4Ff7Kg7g1xexzY4CuLhoLrQ=mo,ini game paling bagus,5,0,,2026-04-22 17:32:43,,,
f9bbaf54-c480-45fd-82c8-c6ad3ef8e6e7,Fadhil DhiLL,https://play-lh.googleusercontent.com/a/ACg8ocIxTVEhoB7CQiXiDoABOBWmHniEAZ9paZOWYr_Yt0cuFcxILA=mo,"Game ny bagus ,tapi tolong itu diskonekny ganggu bgt klo lgi main padahal jaringan wifi aku bagus² aja mala diskonek mulu,aku kasi bintang lima biar dev ny liat🙏",5,0,,2026-04-22 17:29:53,,,
271769ba-223e-4ae0-a4b2-5d3bc52dc21b,Hilal Ramni,https://play-lh.googleusercontent.com/a/ACg8ocIHZZZRdt8JTLcA5D2_WGPyWBCRtNvwn7hwTxA3QAj9HYXhHhk=mo,Roblox ini sangat seru sakali dulu mah pas aku belum kenal Roblox aku sangat bosen sekali tapi sekarang seru banget,5,0,2.717.985,2026-04-22 17:28:39,,,2.717.985
56798aa2-4adf-43f2-9da8-0890142a75ec,Mishella Ella,https://play-lh.googleusercontent.com/a/ACg8ocLk3c9yAClmgHPTM4qwYu5ufBiKVf-vm5QthNqEkikmjFQLkw=mo,aaaaahhh game apa ini mana ada segala gala ada simulator bertahan hidup dan masih banyak lagi aku sssuuukkkaa banget jujur kasih aku robux dong wkkwkwkwk thanks ya game nya✌️✌️✌️,5,0,2.717.985,2026-04-22 17:27:23,,,2.717.985
abf3d0e5-e215-4f04-bb48-d85aaa9ba67e,Syahrul Syaputra,https://play-lh.googleusercontent.com/a-/ALV-UjUDNGCz02gzlS3P9yJCeHUuAsZpm5-YYN9MHCzYJWsPljO9IPMF,"dih, cwe gw selingkuh di game ini :)",1,0,,2026-04-22 17:25:23,,,
a55866c5-94c3-41f2-8496-c12b82c3dbab,agus mansyur,https://play-lh.googleusercontent.com/a-/ALV-UjUTYm5U_lesUij4HuTnsPnlMev8Y-MKd7TsQ-Xo2oN_bqSNubVn,Game yg bagus! Saya suka game di roblox terutama tsb :),5,0,2.716.875,2026-04-22 17:24:51,,,2.716.875
29b49d08-75db-48b0-bce1-e2bcb87ac203,Dirga febrian,https://play-lh.googleusercontent.com/a-/ALV-UjWdCRv-68DwYyAGYzQPSlz8xB_mv5jffhs64Enjks5AXosiN75l,"Game sampah, udah beli pakaian mahal"" malah ilang mana ga diganti lagi",5,0,2.715.1115,2026-04-22 17:24:34,,,2.715.1115
8a2a7395-4327-4d1d-aa58-7087f7ff4077,Rey Syahputra,https://play-lh.googleusercontent.com/a/ACg8ocJA19cz86kp64D_H69sTTeeT9wo26CvZ_UHzVNZwEV0Eu5x=mo,game nya seru 👍👍👍👍👍👍👍👍👍👍👍👊👍👍👍👍👍👍👍👍👍👍👍👍👍👍👍👍👍👍👍👍👍👍,5,0,,2026-04-22 17:24:21,,,
1ae53e0d-d34b-4dd8-8759-91d27c717532,Teguh Aff,https://play-lh.googleusercontent.com/a-/ALV-UjWMjRC64nIJvpcsEp0viXTN01WKeAFYm6r9a0Bopm9ahZzp5tA,"gilakk ini permainan serrrrrrrruuuuu banget akutuh suka main map""distrik kekerasan""permainan ini menurut ku gak ada kekurang sama sekali yaaa walaupun main nya harus pakek kouta sieh tapi seru kok",5,0,2.716.875,2026-04-22 17:23:25,,,2.716.875
329f14e0-e7c6-4ea7-a66c-a62de6c24bd7,Rasya Jayendra maheswara,https://play-lh.googleusercontent.com/a/ACg8ocLCbQhNS8hPAO6kPzyVos6pyT_wzJXBLEitBIcVROQkYG5inA=mo,Roblox ini kalau di pakai anak kecil tidak boleh karena ada robux,2,0,2.717.985,2026-04-22 17:22:59,,,2.717.985
d97e1f18-7eea-47b4-b43a-4fd48916a252,nola sloan,https://play-lh.googleusercontent.com/a/ACg8ocI1isi8XqweZUxP_28Z1FUm1QM_VVkXVoTRujqdz97s0NWPQQ=mo,bagus game tapi gw lebih suka main dandys world trs hehe,5,0,2.715.1115,2026-04-22 17:22:46,,,2.715.1115
0f49188d-14ed-46d5-8e4e-97b7a1757b61,Maryati Tuyem,https://play-lh.googleusercontent.com/a/ACg8ocLk43cl73PIq5FMcMgmCRrdkjvEyryF0a9SHd_Rynmx8Eu6gQ=mo,bagus,5,0,,2026-04-22 17:22:05,,,
bb8f64eb-8e0f-4836-bc82-e5fe6e38922c,Debila Zahra,https://play-lh.googleusercontent.com/a/ACg8ocJE6sE6896bAAxr0R-2D40xGA3mclftNEIt8NaqCL0gsPdo9w=mo,bagus banget,5,0,2.715.1115,2026-04-22 17:22:01,,,2.715.1115
aa7803aa-da4e-4a49-ad82-683a160294b8,Deco Abi,https://play-lh.googleusercontent.com/a/ACg8ocItTuYhETEL2C_g-Peog3Jcdtk-G2USQEKfIk9pNxwQ4DKL=mo,uppdet nya begitu ampas,1,0,2.717.985,2026-04-22 17:21:35,,,2.717.985
12e434c9-1df1-4021-b6c8-6f6682096cd8,Hanifa Sania,https://play-lh.googleusercontent.com/a-/ALV-UjX-EZJqZi75PvCbhAd4jmowlu4IQtCEWlR6vf3gYR5BmFS9gk4wiA,maaf yaa aku kasih bintang 2 soalnya selalu nge bug terus keluar sendiri padahal game ku cuma satu memori HP ku padahal 15 gb aku pakai tolong aja biar game ini gak selalu nge bug🙏🙏,2,0,,2026-04-22 17:20:19,,,
19501b1f-b24d-433d-93a6-4cf00510a5f7,TRES Noku,https://play-lh.googleusercontent.com/a-/ALV-UjUW_FebHLAkeFet725wKVTz33_pLr4WsKMLvfdOPCxvZziI7oc,burik robloxx,1,0,2.717.985,2026-04-22 17:17:36,,,2.717.985
63d14766-9c40-4e01-be92-c325d246b273,Fa La,https://play-lh.googleusercontent.com/a/ACg8ocItIGHYyqgYfma8AwvPXeD1RffD_GW7wp6l2__18aiEUk_E=mo,roblox gabisa chak gara umur doang,1,0,2.717.985,2026-04-22 17:17:26,,,2.717.985
91f70424-a06e-487a-91df-4a69d793bbd5,Baly Reload,https://play-lh.googleusercontent.com/a/ACg8ocIKb8b_bOB22fNWdZ6VevgyK89Rw67k-GORCrEhz88X6a6tFg=mo,gamenya seru bgt sih tapi chat dilarang oleh pemerintah,5,0,2.717.985,2026-04-22 17:16:35,,,2.717.985
38d00a02-49d0-4580-8675-e335b53157c4,Luth Luth,https://play-lh.googleusercontent.com/a/ACg8ocIFjT23cILCY2QfCpHvFUoKQoELUqSKJw0eziRcvd2S1MFinA=mo,bagus👍👍,5,0,2.715.1115,2026-04-22 17:16:16,,,2.715.1115
30ba3612-89ae-4f64-a5b5-a7062cb977e6,Dika Heker kw,https://play-lh.googleusercontent.com/a/ACg8ocI6ww6oEkiUMnGbJKQ6jqwpPmuRtaZSR4582S_aCR0eYxfHLA=mo,game roblox makin sini makin beda males kasih bintang 1 aja ntar katanya mau jadi 3 bagian?,1,0,,2026-04-22 17:16:01,,,
225a62cb-4785-4e68-9d00-0a2c2418af76,khusnul aryadi,https://play-lh.googleusercontent.com/a/ACg8ocLyHIJWiESKuTNeQ3rExbYJoEUnleP5uGk4R8dZtFzQER4Oow=mo,bagus baget seru banget juga pokoknya ini game bes sih,5,0,2.715.1115,2026-04-22 17:15:37,,,2.715.1115
5e7d0316-dfe9-41ed-bdae-133df168fabd,Yohana Yohe,https://play-lh.googleusercontent.com/a/ACg8ocIHVy6uRGX367EykeI0X9Yx1pV183lr3xuGwVz_880XYPmTrA=mo,Roblox bagus tapi bug nya ngeselinn aku suka Roblox tapi,5,0,2.715.1115,2026-04-22 17:15:02,,,2.715.1115
0c173335-2f44-4231-a5c7-46ecc464179f,AMANDA YASMEEN,https://play-lh.googleusercontent.com/a/ACg8ocLDepv-zFIdvPsFnvYqv0LVtsJggBCICC9hIwpdWNTRLDsGuw=mo,sangat bagus🤓👍walaupun boros kouta 🤓,5,0,2.715.1115,2026-04-22 17:13:45,,,2.715.1115
0d858562-453c-4247-a2ab-6b8ed65e3453,Yeshaqonita 1502,https://play-lh.googleusercontent.com/a/ACg8ocIhbSSg_t-zwxpr2ApRJDCNr3DTUNsSKScBsJZ8emWH7Pd8Lg=mo,seru bgt main Roblox aku ketagihan bisa pilih sepuas-puasnya pokok nya seru bgttt,5,0,2.715.1115,2026-04-22 17:11:12,,,2.715.1115
9b440787-d5ca-420f-b149-f25c86d93f59,Selin Pakasi,https://play-lh.googleusercontent.com/a/ACg8ocKUfW7nlGX4mZtjaubkxlEGZkDxsWtrtgTmCPA2yaEOEKR8dw=mo,game nya sangat seru,5,0,,2026-04-22 17:10:49,,,
734f854f-8f35-4f12-bc94-aa69847de067,Niko nopri yanto,https://play-lh.googleusercontent.com/a-/ALV-UjX6N4aSQec9gI1Va4fOCEmyD2FownzjN4sCLgIQIQhk7UYjy93-Og,bagus,5,0,2.714.1096,2026-04-22 17:09:01,,,2.714.1096
53ffebd3-2fb6-487c-b0fd-71b817697b4e,indrayeldi,https://play-lh.googleusercontent.com/a/ACg8ocLnlhiBu49l-MdhqoRSMHdFvN1DJS8uhf0AVPBwtbrIxCTJhg=mo,ini sangat seru !!!,5,0,,2026-04-22 17:08:15,,,
6fe0c88f-13ef-49fc-8833-d0b548c0b919,Mujiono Wonorejo,https://play-lh.googleusercontent.com/a/ACg8ocLTxcUSkXRiplrF0ICDyVcFo1CDPTG-Gp71qMEX9VFGPdYIHg=mo,mantap,5,0,2.717.985,2026-04-22 17:07:57,,,2.717.985
2fb823ab-82d1-4e4e-b6e1-d422a6bbce19,NAWAR,https://play-lh.googleusercontent.com/a/ACg8ocKjMaMAyKdZD9oHNHxTwASiYxy88qiaE6CcYHA0FPxtBphRLw=mo,bagus banget bisa on mic,5,0,2.717.985,2026-04-22 17:07:10,,,2.717.985
5fdaae7e-2e1e-4410-a4e2-0503f256ff26,Dwi suci Oktarini,https://play-lh.googleusercontent.com/a-/ALV-UjX88ieACkoM22f5dLVwos_XorY1mVJz_S3kBUPprU-zwidKYg,game ini seru banget sampai tergila-gila sama game ini,5,0,2.717.985,2026-04-22 17:07:03,,,2.717.985
e21b9989-1d9e-43a5-afa6-d11145b70b9b,nicaa 123,https://play-lh.googleusercontent.com/a/ACg8ocKtmqhBQCjf3L8h0UlvkKxNPZDmvxqCynp0jhPps0x6VPbaiA=mo,"bro... plis adain fitur riwayat gameplay, and bisa liat siapa siapa aja yg ada di server itu 😭😭.. tadi dapet temen asik bgt tapi lupa add 💔",5,0,2.717.985,2026-04-22 17:06:56,,,2.717.985
be31ca52-6131-45f6-a45c-90ffc5202d17,Fagan Tornado,https://play-lh.googleusercontent.com/a/ACg8ocITThV0O54NfXE-IsO_oAceuTfLP7RJgJ-DvzdSEXVZAQdkzg=mo,Roblox sangatlah bagus,5,0,2.716.875,2026-04-22 17:06:40,,,2.716.875
a7664046-8a02-45cd-8abb-894e93768c30,Zainal Elmi06,https://play-lh.googleusercontent.com/a-/ALV-UjUSslQhZ69qX6lpztaKrla2iTStmPFZF7X-tYPJFfiX0YAJrwo,g bagus soalnya aturan nya itu loh? g bisa ngechat dan mna sering ngebug,5,0,,2026-04-22 17:05:45,,,
749d7c6b-d86c-4dec-948f-e5f34c8a3040,Ghani,https://play-lh.googleusercontent.com/a/ACg8ocJAhz6b1ISydHSxzyliK2rC5L3wnL0CJu_38VToX8s6OFi1Ow=mo,akuRoblox,5,0,2.717.985,2026-04-22 17:05:16,,,2.717.985
777e7848-8bab-476e-9965-a0858b7ed743,Rafalya Kid,https://play-lh.googleusercontent.com/a/ACg8ocKcZbBUK1qvauW7QqvtsqPD4Xg_9GIOWHm1RAGcf3fPjbxd0w=mo,map seru seru,5,0,,2026-04-22 17:04:30,,,
4d03b792-78fd-405b-bff6-5879084df573,avidya Aska,https://play-lh.googleusercontent.com/a-/ALV-UjXZIHVMH6DlhgcPpNUqCZw-cIVWjhbQKEyA25cBO7jHSe5qE9uj,Isine brainrot kabeh tak taek,1,0,2.708.880,2026-04-22 17:04:15,,,2.708.880
18fcc5c6-aad0-44f8-a67e-7e1cbbb14829,arsteven asep,https://play-lh.googleusercontent.com/a-/ALV-UjX4Zoy1aii5PxL_Jkk4maSCCaH2Po7-a8KYUbBJ8OowXZv8kdU,setelah padet grafik yang semula bangus jadi jelek jelek banget,1,0,2.717.985,2026-04-22 17:03:55,,,2.717.985
7d1a4f33-4b58-4b19-9551-7d16038a2fa0,eviani pebrianti,https://play-lh.googleusercontent.com/a-/ALV-UjUwjfRURaG9ggSbCX0yQs-3Fp-6adGN7dCicOOlPlQ3DSwOUAt9,Masa game yang sampe bisa ngalahin platform platform lho kek steam masih banyak predator mabok emang,1,0,,2026-04-22 17:02:59,,,
459dbc27-8690-43e7-9d72-df478d4d999a,Gomloh 007,https://play-lh.googleusercontent.com/a/ACg8ocK54QfAx87OGqSvIyJjn8slUlCfh_Qcgv8yQF9-8R8yzSMOmA=mo,game nya sih seru tapi kadang suka ngeleg sendiri 😔,3,0,2.707.734,2026-04-22 17:01:34,,,2.707.734
0395fbad-64fc-4861-a977-c6b422012a8e,Kaharudin,https://play-lh.googleusercontent.com/a/ACg8ocJL8mPEpHM_sPKFy4TJzheAKfUjRrj8vyCouc69pYe5rbDKFA=mo,asik,5,0,2.715.1115,2026-04-22 17:00:40,,,2.715.1115
4ee4ebe8-befd-48ab-b3ec-8b6b78ce73c6,Aurelia Hafza maulida,https://play-lh.googleusercontent.com/a/ACg8ocKM1_Q3lhLSRK8hmX63mu1AGZUYxH3oejR2I2O6wMKKlCMa1g=mo,seru sih tapi biasanya lag,4,0,2.715.1115,2026-04-22 17:00:09,,,2.715.1115
3fe3b0dd-b8ca-454f-b840-482bed1857cd,Rida Apriani,https://play-lh.googleusercontent.com/a/ACg8ocIocCDb3g0T2HSwUnXtuTk9iOERf0OF_VX76nxTuMnosfwJpw=mo,karna harus padet terus,3,0,2.715.1115,2026-04-22 16:59:02,,,2.715.1115
9d27a50d-a41b-42a7-8dcb-db56660ac12c,Gugle Id,https://play-lh.googleusercontent.com/a/ACg8ocLtC10rHwt3_jUF3W8AZ8yEQCRL6tLGTdivmID9idnIDGhtzA=mo,Tolong kembali Fitur Chat David Bazucki,1,0,2.717.985,2026-04-22 16:57:53,,,2.717.985
1a35fee7-ae01-47d0-8ce0-0a2a55e75d57,arya eshandri,https://play-lh.googleusercontent.com/a/ACg8ocIQgWJ7EUDBFLOsGguwlchYx7zEmJ5LkYVC-g3-m2HaDpOJ_A=mo,"kenapa ya pas aku log ini akun ku Tiba tiba profil nya jadi bacon, please kembali kan akun ku Roblox ku:( karena saya masih memiliki barang atau apa gitu paling berharga dan saya sudah menghabiskan banyak uang untuk beli sesuatu seperti pvb,sab,gag bukan robux, tolong kembalikan akun ku nama pengguna saya adalah sheriff dan user nya jancokminpepeq please kembalikan karena saya ga punya akun lagi padahal baru ku hapus sehari langsung hilang Roblox ku;( plissss",3,0,,2026-04-22 16:57:52,,,
1da356de-d90a-4560-8648-d831c1f42879,Reyhan Andika pratama,https://play-lh.googleusercontent.com/a-/ALV-UjWLqvR7LysVhBI0PLq2v50bVmN8JYDpk7wrdQONoafaiL_CQQM,chat kembalikan tolong untuk berkomunikasi,1,0,2.705.924,2026-04-22 16:57:26,,,2.705.924
25a1d934-77b4-401a-99b1-cdc5ebefe42a,Arpino,https://play-lh.googleusercontent.com/a/ACg8ocIAJBzL_7k7PayGVgDLpFydhrYJ7PAEGv2hFDSo1F4xbBzjhw=mo,sangat seru tapi chat dan klasik face/wajah klasik di hapus,5,0,,2026-04-22 16:56:37,,,
f45c732d-c62e-4f06-984d-5f5cee1b68c0,Nurrahman,https://play-lh.googleusercontent.com/a-/ALV-UjWszYKhuZBUEEQlthgcKQVk5S22tamtodlftOP_N5G2LxUlHLg,bagus 👍👍👍👍👍 game de base,5,0,,2026-04-22 16:55:00,,,
90c20d22-3db2-4a1a-ace6-1d14dc0b6818,Akifa Naila,https://play-lh.googleusercontent.com/a/ACg8ocLxFmjseMgY_n6rEyPqB15mJ66h5Ry6O7kRhXBSCH5sIsVTeQ=mo,"agak ngelag, jaringan ku stabil tapi pas masuk langsung dikeluarkan apalgi pas main map langsung GK ngerespon:<,bnyk aturannya juga dikit dikit on mic ilang padahal GK ngomong kasarr >:<",3,0,2.716.875,2026-04-22 16:52:24,,,2.716.875
5c29f4ee-8e92-42fe-89ae-67205b51d126,N Naldi,https://play-lh.googleusercontent.com/a/ACg8ocJ92uUrhg9_U8uLqP2GvsTvX1GiNT1zES-OEmTPZ8KuvILAHA=mo,😡,5,0,2.717.985,2026-04-22 16:51:44,,,2.717.985
72fe687f-64ea-40ac-ae08-303dde1834de,raefal delvin,https://play-lh.googleusercontent.com/a/ACg8ocJ3SnKZz246ixlT07UaXjiRuYioQ2lcbN3AWEmqUAvVuhGKHg=mo,kenapa update robloxx bikin ukun gua harus di ulang dari noob?,3,0,2.715.1115,2026-04-22 16:50:55,,,2.715.1115
eab86ce5-12a5-4c73-b516-1e43580c279b,Hanifah Aja,https://play-lh.googleusercontent.com/a/ACg8ocJkJDdbJJCmcg4MK_837_i9q14KNUUjQ4OGAHrDb2XG3iXWig=mo,sekarang gamenya penuh aturan bisa gak harga robux tuh diturunin soalnya saya pengen beli tapi mahal dan aturannya boleh dihilangkan gak soalnya jadi susah ngobrol bareng sama temen,3,0,2.715.1115,2026-04-22 16:50:54,,,2.715.1115
253e7b0b-2b7c-4dd6-b87d-8f82383f4ed0,orva alveo sopian,https://play-lh.googleusercontent.com/a/ACg8ocJbPoJr4Yi_zo8IerilkOwXty6QathipdmtDKSxXwHSwlaf-w=mo,Gamenya bagus baner ada banyak pilihan seru seruuu,5,0,2.716.875,2026-04-22 16:48:52,,,2.716.875
04fb1ea6-fd66-44e0-94b1-ec0ce0f62a4c,Anderson Saselah,https://play-lh.googleusercontent.com/a/ACg8ocJ3wpSOKrySIbNDRF9kova6DmEVFFmPji4trg52uzP3DhHKWw=mo,kembalikan ceetttttttttttrr🙏🙏 rrrrd,1,0,2.715.1115,2026-04-22 16:48:39,,,2.715.1115
dbfd7051-11ad-4adb-9685-f3d047a8a6aa,Elies Nauaty,https://play-lh.googleusercontent.com/a-/ALV-UjXFGgiphURVgqY5haGD3yVJ97mB2UaTdKiM1Rv-GuR2PoMlKcI,baguss bgt gamenya and serruuu,5,0,2.717.985,2026-04-22 16:48:19,,,2.717.985
2118a2b1-ca93-4c19-8205-e5f2f85dede3,Kaifiya Dzikra,https://play-lh.googleusercontent.com/a/ACg8ocJ9m4FalQ4P_NNOUG7juxOyQlPVx_JvwvrGn4V_ed185oAOMA=mo,game ini seru banget tapi ada yang kurang bagus HACKER ada di Roblox jadi aku saranin yang mau main Roblox jgn beli robux karena nanti di curi,4,0,,2026-04-22 16:47:50,,,
6cd3a288-c4a8-4d3f-b944-8c5f7c14b914,Adiba Laila,https://play-lh.googleusercontent.com/a/ACg8ocJ72e9EW_XCMD_79cdz0rzcg9SbaIcX_PlkfUlJzl_yiaIUjQ=mo,aku sukabanget roblox,5,0,2.715.1115,2026-04-22 16:47:27,,,2.715.1115
919a7848-65a1-4636-8cba-f8233bfca972,Zayn 1989,https://play-lh.googleusercontent.com/a/ACg8ocKIUbGdfy0wMa1Q-HI9pSB8ajULRrURSEOe4W7Ub5zauWHl3w=mo,gamenya banyak dan menarik tapi kadang game nya suka ngelek,4,0,2.716.875,2026-04-22 16:47:21,,,2.716.875
67642748-03c1-42e0-a969-12085044ad90,Dapoer Manganwae,https://play-lh.googleusercontent.com/a/ACg8ocLHQuynTsg-PfLTW5NbXU891TigvQQxJe8vgoI9vcdmz2j5zg=mo,sukak cuman mls updateny harus hapus 1 aplikasi dan klo terus² ntar akunnya kadaluars,5,0,2.715.1115,2026-04-22 16:46:56,,,2.715.1115
3cafdaf0-0cbf-4654-a70e-b64967afb0d8,Jihan Salsabila,https://play-lh.googleusercontent.com/a/ACg8ocI0cRi8Firz87J6bhFd-n9lL4FhczziB4Rmsm2TucRh7dIxXA=mo,Roblox perusahaan mental dan fisik orang yang punya duit doang yang bisa main Roblox apa minimal uni itu itemnya gratis bisa didapetin dari peti kalau udah nyelesaiin rintangan,1,0,2.717.985,2026-04-22 16:46:42,,,2.717.985
79cfd39d-0805-4d44-b5b5-fc9fb4e1aacd,Asiyah,https://play-lh.googleusercontent.com/a/ACg8ocIh2GladrLLM_56OlYsD09NaZKOCZOn--XqayqRFY91nIJctg=mo,eeeeeeeeeee ini game aslinya gak rame dulu tapi gara gara youtuber yang mainin jadinya banyak bocil fomo ikut main,5,0,2.715.1115,2026-04-22 16:46:05,,,2.715.1115
cc407ee9-2194-4c95-95d0-e1a14b47b26b,Dio Elang,https://play-lh.googleusercontent.com/a/ACg8ocIFjgDhSVRq2eXh--S10bmWKxEihjzUwzLSV1tNd-91aHUbtA=mo,"Yang bilang ""balikin fitur chat"" fitur chat itu gak di ilangin cuma lu harus veriv dlu",5,0,2.717.985,2026-04-22 16:45:52,,,2.717.985
fc3eed22-74e2-447b-8daa-4750521e3b5c,Chana Putri,https://play-lh.googleusercontent.com/a/ACg8ocLCc3MOa4ZkrO90Rr-LVTG5Vls4UkZneg6l8f_Wtb_1e1rVQw=mo,oh omg i loveeee this game bro!!!!!😁,5,0,2.717.985,2026-04-22 16:45:06,,,2.717.985
c873bfa3-4788-402f-a29e-1bea5c375e7c,M.Athala Faeyza,https://play-lh.googleusercontent.com/a-/ALV-UjVxkUmW8gsZdFFP1sR5IFS3B9SUGpfaIMl5dys4_wzlvdgwx9FS,apasih setiap gw mau main game selalu ad iklan buat ke roblox,1,0,,2026-04-22 16:44:21,,,
3d59278d-64ea-4139-b5c0-cc34276ea9cd,SI citer,https://play-lh.googleusercontent.com/a/ACg8ocLTS5ShbpAipRqeelnIpSb2834Fvn_HcvHF1h6FdeF77BsEvg=mo,keren bet game nya,5,0,2.717.985,2026-04-22 16:43:49,,,2.717.985
beab3311-92cc-4627-8685-04a680448bf7,Kon Tol,https://play-lh.googleusercontent.com/a/ACg8ocKzYk175Tj0BluC2M6oXWgz49b0qLzPKCwx-piBlsTw0GYJkA=mo,aku sangat lah suka main iniiii lopyu robloxxxx,5,0,2.715.1115,2026-04-22 16:42:59,,,2.715.1115
f6a2efa2-c7b6-44b9-8817-bbe0aee62fcf,Alam Syah,https://play-lh.googleusercontent.com/a-/ALV-UjUGUK2flyBe4kdp_4qs_IRzzSPTBiWkl5E2hmmY6tWgt7TWsDUp,game ini sangat jelek masa harus pakek email kan akun ku jadi ilang tolong anuin akun aku lagi pliss aku udah keluarin banyak duit,1,0,2.662.537,2026-04-22 16:40:18,,,2.662.537
9ad36565-f299-49d5-8810-4b0c5a5c2555,Jadenkennethsanjaya,https://play-lh.googleusercontent.com/a-/ALV-UjXAZJlZ1TiHal3uqqu3rN9I9fU4_YbDwUES4b6vC-vjOZ4S8zY,ini game kenapa jier katanya dideteksi framework apalah nah abis itu close tholol emang,1,0,2.717.985,2026-04-22 16:38:56,,,2.717.985
8c4045a3-8662-4204-af01-4310e042b965,Abdi Gusti,https://play-lh.googleusercontent.com/a-/ALV-UjUaPWOB_9YZ9igj0yMoAiDtjrA3vd_bLO0dyIXK30wINMsrYqxC,Cuman gara gara pemimpin-pemimpin di indonesia aku gak boleh main roblox tapi game nya waktu aku masih main bagus kok,4,0,,2026-04-22 16:37:33,,,
0e866d77-1d21-4039-8999-2faadc8b1786,rusita tindan,https://play-lh.googleusercontent.com/a-/ALV-UjWcnK7UocQMrasDto1RHnVBorcvqkDU5f_lwVTzuA9iyam3MyMG,"game sampah bug banyak ,apa apa bug camera.ngeleg terus padahal wifi 5G hp khusus game.uninstal aja",1,0,2.716.875,2026-04-22 16:35:00,,,2.716.875
f7a9b0b7-53ac-4cae-b9b5-c512919de355,Natasya Suleman,https://play-lh.googleusercontent.com/a/ACg8ocLOjA26VCU-HiNSSGon1-z8lzF1OZUZz1MTD1FR1T4YOd5K0w=mo,Roblox nya bagus tapi selalu muncul untuk top up Robux lain kali hilang kan untuk top up Robux sekali kali Robux gratis dongkk,4,0,2.715.1115,2026-04-22 16:34:43,,,2.715.1115
5699097b-0897-43ce-9ccb-e803ec45ab26,Dino Dino alfaris,https://play-lh.googleusercontent.com/a/ACg8ocKlcVNINx18KtySFTRwMWcQzUtzcYvGDdSilhPKfpd0rLYr0g=mo,game burik🤮🤮🤮🤮,1,0,,2026-04-22 16:31:24,,,
48f14e50-4100-43ae-93c2-41f1a154690c,Zulkifli Nur,https://play-lh.googleusercontent.com/a/ACg8ocJ6B8eSeD-kQy63b9KO5vihYfGwSFnQLik6krD6RGaV4oGf8g=mo,ee💩,1,0,,2026-04-22 16:30:11,,,
eaa86055-a495-4fe4-a52c-9e836dff71a9,Nurul,https://play-lh.googleusercontent.com/a-/ALV-UjXiSIiMBV39SfdFj3AH52_VF9c2itSjYzeUbytWSPOxmuvIIe0,"kenapa aku pilih 4 karena kalau pakai ipad itu biasa ngelag baru kepencet sedikit jadi aku biasanya langsung jatuh kalau main tawer,tower wall hop,dll 😊",4,0,2.717.985,2026-04-22 16:30:10,,,2.717.985
1bf302c5-782e-4996-bdef-ed8133b05d0c,Resti Riya,https://play-lh.googleusercontent.com/a/ACg8ocLf8OrRvh0t8Y5tYorvi-Q3x2BNvNkMg3P7Ola-8_jlJP3USA=mo,tolong yaa aku kasih bintang 5 tapi jangan ngelag lagi yaa,5,0,2.715.1115,2026-04-22 16:28:56,,,2.715.1115
a7ebc638-b194-4cd9-a14f-714c78e9a4e0,Fahmi Bintang Pratama,https://play-lh.googleusercontent.com/a-/ALV-UjWfCQ1fjVad7QQOH7K-4C-tlvmYxUJZ8knftu1KLVOZ2eu7mlya,game ini sangat bagus karena banyak game yang bagus,5,0,2.716.875,2026-04-22 16:26:47,,,2.716.875
c0ed2fcc-3c66-4cad-9ca7-e3b7072bec11,Arjun Kaibey,https://play-lh.googleusercontent.com/a/ACg8ocJZZUSPr01sXODqwyqbSESozw4ZyxZMVCltnZt5WnzJq5bW6w=mo,Why lately I always get error code 279 even though my WiFi is running smoothly?,5,0,2.717.985,2026-04-22 16:26:03,,,2.717.985
1091e00a-48f0-4c6e-a542-8a2346f2e026,abc dina,https://play-lh.googleusercontent.com/a/ACg8ocK1k7rU2Gth1BJtLrAvsbaDWlR03ViqQmPKagN5B6rNcsUbfQ=mo,dia turun dianaik🙄😋☹️,5,0,,2026-04-22 16:25:59,,,
6f6fed64-3412-49e5-a580-9dd8a500c313,Dinar Rusnawati,https://play-lh.googleusercontent.com/a-/ALV-UjVrC1JM2SvXcFfRoPzTM7b9J9XrVbRGrkhMzLSwsn6yIFICIjU,lebih seru TPI maunya di upgrade,5,0,2.715.1115,2026-04-22 16:25:37,,,2.715.1115
ff1dfeb6-735d-4060-881e-9a3086a014e2,Sutikno Melawi,https://play-lh.googleusercontent.com/a/ACg8ocLrzqtSnerI1EJUjCdSPonJt7H_lkJXJWJzZ126Qj7i6jAFtg=mo,bagusssss babget sayang nyaa habisin paket,4,0,2.715.1115,2026-04-22 16:24:37,,,2.715.1115
7d606170-d991-41a5-a37a-e087b77037f3,Shopia Ramadani,https://play-lh.googleusercontent.com/a/ACg8ocI1ZD2l-NElAWGdzHTGxGkq9UZ7jzDVw2YH7-RxTgnfOvYCRQ=mo,seru main ya,5,0,2.715.1115,2026-04-22 16:23:14,,,2.715.1115
72762fdc-f26e-4746-97ed-59607b394dbb,Picco Onepiece,https://play-lh.googleusercontent.com/a/ACg8ocK9Z5Qe-5AsYv3aPcXj-SVJHO0UwVjDilxK8fvCaX2f8sWp9w=mo,"tolong kembali kan chat nya soal nya lebih seru menggunakan chat bisa ngobrol bareng teman plis terima kasih- tolong jangan pisah kan player roblox itu bisa mudah untuk pelecehan,penculikan kalau gitu munggkin saya akan jarang buka roblox sekian terima kasih",2,0,2.717.985,2026-04-22 16:21:36,,,2.717.985
934c4cf7-cce7-4c7b-aaac-efc0de39ca3b,Marcel Sinaga,https://play-lh.googleusercontent.com/a-/ALV-UjWicUi-K1UcX5_2D_ELRJuJUoSZni-zDSl38ewJIWvV0HgxxJQ,ya begitu lqh,5,0,2.715.1115,2026-04-22 16:20:18,,,2.715.1115
3659a9e2-0ddb-4e8d-912e-568a3624c012,Eblo Pebryansah,https://play-lh.googleusercontent.com/a/ACg8ocKYzb_wwAJUlyUqGvo8ltyIbRa_a64d8PDmPsjdgqKbJdJjSQ=mo,akhirnya Roblox jadi game jelek,1,0,2.711.876,2026-04-22 16:15:32,,,2.711.876
9cbd11b6-5824-460c-8770-af2428aa6722,ricart RAFA24JR3,https://play-lh.googleusercontent.com/a-/ALV-UjW_4VG3RHPectPSVQY-zI1YREgKLPvmZZo1APp0faFRuOlwXPs,defeloper kurang yaku aku sebagai pelayer mohon di kurangin ram nya ya,1,0,,2026-04-22 16:15:08,,,
d370f9fa-0705-49c5-bce7-0d1a23cd4214,Sulis TYA,https://play-lh.googleusercontent.com/a/ACg8ocLHdXuja70rfDSi7SXa5SXH-OOuN3rbDoPEfQ8pZPaEsgG5iQ=mo,ya aku suka sih main games ROBLOX 🌟dan gaada iklan juga aku bisa main sehari hari tapi ada waktunya bermain jadi tolong bug ngelek Mulu jadi tolong diperbaiki ya 😊,5,0,2.716.875,2026-04-22 16:14:26,,,2.716.875
8ac5d35d-6b25-48f8-b2e5-a5ffb8491c21,Saifur Saifur,https://play-lh.googleusercontent.com/a/ACg8ocJ-XCvYHsDUOlI2n9rR1AnUsYokCwqAU9QRPKA1UJnNzNeaAw=mo,baaaaaaaagussssssss bangeeeeeet jadi aku kasih bintang 5😁🤩🤩,5,0,,2026-04-22 16:13:32,,,
c0380b28-cea8-4372-93ee-9d5c5fedaed3,Mayang Intan,https://play-lh.googleusercontent.com/a-/ALV-UjVL_GnV_VBeonqQvJ7aQTLTCJ2fDpuJcFrt6F47btJFZengoE8srQ,game terjelek yang pernah ada. pls ilangin aja roblox,1,0,,2026-04-22 16:13:04,,,
1cc6d687-decc-48ea-a320-4957777b3298,Dolly Endri,https://play-lh.googleusercontent.com/a/ACg8ocLcCqiRZKsm8J0exXQ0kAK9ATG5npCIKLgLqIJkqE520QsycA=mo,permainan ini bagus enak sekali di mainkan,5,0,,2026-04-22 16:10:52,,,
24aaa9fc-cdfb-43df-a8a4-c7ea15b131f0,Nandana Bimasena,https://play-lh.googleusercontent.com/a/ACg8ocJOhRPQBbbo_kQ5xs2WU0eV1jNYEQMa5DHOAlxkWmmKoXLkng=mo,kadang bosen,4,0,,2026-04-22 16:10:35,,,
098979bb-9b0c-4b3e-b576-385e40eb5725,Iccang Mekar,https://play-lh.googleusercontent.com/a/ACg8ocJwPvjkRtaVkP1criWc-rlAnIBIQ0BLd2AiNmCl62zylLBERA=mo,"Roblox sekarang gak asik, aturannya tidak masuk akal malah ngebuat gamenya sepi, minimal mikir Roblox klo mau bikin upd, apalagi tuh ga bisa chat, trus yg make up siapa mw beli coba, gw dah beli emote tapi hilang itu emot jadi robux ku hilang begitu saja, apalagi tuh gamepass 200 robux sekarang 80 robux gw hilang begitu saja juga, Roblox kembalikan lah robux ku sebagian klo update nya gitu dan item yg ku beli tiba tiba ilang",1,0,2.717.985,2026-04-22 16:10:19,,,2.717.985
3981aafb-c15b-46fa-8dc1-8e4bac35c445,okta Via,https://play-lh.googleusercontent.com/a-/ALV-UjVcUXIQJvLBZEmtl3LlyTE88M1mLF_ptA749-sFK8M8SFhHusg,gamenya seruuu bangett,5,0,,2026-04-22 16:09:52,,,
9042ffc0-19e2-4c8b-9d6a-e839e560c3f9,Aqila Putri,https://play-lh.googleusercontent.com/a/ACg8ocJF25sM7_uXO9AN_c-XywiI9BuEXnqknsbtHyyZAregJ0r0uA=mo,Roblox ini sangat bagus dan rami tapi GK boleh juga main kelamaan 😁,4,0,,2026-04-22 16:09:02,,,
b92fcaa9-7749-4ada-8462-170d1d81ccfd,Samsung Duri,https://play-lh.googleusercontent.com/a/ACg8ocLS0sOJDDZAS-34siGUSupzokCRK8JurRRCFv11esl9Mk_emA=mo,bagus tapi buka chat woi!,5,0,2.717.985,2026-04-22 16:03:59,,,2.717.985
e2139196-27fc-4713-94a3-4a7a37144e33,Rice Laurens,https://play-lh.googleusercontent.com/a-/ALV-UjWJysXdH1xPq6Y6rABcTM81Yj80xWv09vu8kfOzkIRNVZGdqz-x,game nya bagus tapi kembalikan chat dasar David,3,0,2.715.1115,2026-04-22 16:03:45,,,2.715.1115
fa674496-957c-4af7-9b95-1547b121c903,Putra Bahrudin,https://play-lh.googleusercontent.com/a-/ALV-UjWu4QCxUNA0ulGzRY7BT0_RMwOb1p2Y9d3TzlT1Xwd3VAKhX9Y,ini game haram cari aja di Google,1,0,,2026-04-22 16:02:18,,,
55c77bc7-b66a-4cdf-bc20-94b19ae5390e,Dwi Priyoko,https://play-lh.googleusercontent.com/a/ACg8ocJWa5N-XEoGkCKWhlFP6jKQO7hhUpHNpilFaHbC1tre3FMh0g=mo,so good this game and the best game for me,5,0,2.717.985,2026-04-22 16:01:34,,,2.717.985
2ce6f8dc-9594-4268-b5d6-5f3ee654dc1d,Syaa,https://play-lh.googleusercontent.com/a-/ALV-UjWGybK8P1OVMs0ORqBNvAjG9FwE_di8Y8TatUb5e25dbxtvm-8,bagoes kaleee,4,0,,2026-04-22 15:59:26,,,
fcc23350-0ec7-4ba3-9606-1d5e56a3824c,wiwin lianita,https://play-lh.googleusercontent.com/a-/ALV-UjUM-SzLHr_2ra7AC9lFMZoWfn18p9dk1nUSI3ZRYIIjq1T5mMA,"bagus, tapi suka bug",3,0,2.717.985,2026-04-22 15:58:34,,,2.717.985
43bf973b-99e0-4017-8f27-a6a1efff30b7,Himatul Mahmudah,https://play-lh.googleusercontent.com/a/ACg8ocIjVXjaS-AkJkTPysF6fh40gfBOAUeCkCG18V8BNJOEKzhBrg=mo,I can't log in to my account why is there a problem when I log in why is there a password reset I'm not a bot,1,0,2.717.985,2026-04-22 15:57:37,,,2.717.985
1b07c1ea-eccb-4890-8948-33648c5900a8,Anindya Faiha,https://play-lh.googleusercontent.com/a/ACg8ocKx1h34MKE0_b0M_OwiC8hjL2-Y--27dA8vzu6U8nirGR8OtQ=mo,Bagus dan ramah,5,0,2.715.1115,2026-04-22 15:56:52,,,2.715.1115
a1336218-c618-4740-8582-86aa78de1f29,Muhammad Nadhif,https://play-lh.googleusercontent.com/a/ACg8ocLLzWU2Jvc3ZaESQaepv3KWk3-Pn3MsnhYIg96Rg44jHNwisw=mo,aplikasi ini mahal dan jelek banget banget kalo saran ku jangan main game ini karena banyak bocil pick mee 🥹🤭🤭,1,0,2.714.1091,2026-04-22 15:55:13,,,2.714.1091
b6db1601-2000-4ba7-94ac-db757e975387,Leonardo Devanno,https://play-lh.googleusercontent.com/a/ACg8ocIEYLwGFRKU9dPeV50AGu00A5P_duRC1xPTyS8uIQO4CrvTiw=mo,game nya bagus tapi yg mendaki gunung yg serem kurang horor,5,0,2.715.1115,2026-04-22 15:54:46,,,2.715.1115
dc5ca624-9a7f-44d3-962a-1c2fbd7b4ae7,lia_star.gaming,https://play-lh.googleusercontent.com/a-/ALV-UjVzB7wbVzz8N7-TFPqFPzl1dJq27N1RG7Jdu_F9z9iiYZuflBo,bagusss bgtt rekomennn buattt yggg maw mabar🫰,5,0,,2026-04-22 15:54:19,,,
c24f4568-658e-433e-acbe-7ef405253663,Raihan Edo,https://play-lh.googleusercontent.com/a-/ALV-UjV8DOFmKDC7C0TvieoM3ysstSR46vKJbK34GFmM1jRbyiclfIU,makin lama update nya buat player marah,1,0,2.711.876,2026-04-22 15:54:16,,,2.711.876
a182ee54-1064-4d22-bfe1-7ab444b56444,Wa'dan Masulan,https://play-lh.googleusercontent.com/a/ACg8ocIVxR4ZprNV0PwPe0aLTgk6dwWRlu8a3N9DA9dLrnrtiw6Nfw=mo,karena banyak hal yg di batasi,4,0,,2026-04-22 15:54:01,,,
7b8adf21-ab41-4f36-8ed5-159be8f40bcb,Clairinee _kecee,https://play-lh.googleusercontent.com/a/ACg8ocJpv4DBHxjrzZIBntjWhMP_8JKfELnswv575xByzVqC-5ki2g=mo,game nya bagus... udah bagus ada fitur chat tapi kenapa malah ke gembok jadi aku ga bisa ngomong sama teman ku tolong ya Roblox.... di kembalikan fitur chat nya aku tau kalo Roblox niat nya buat nyelametin anak anak. tapi... makin banyak aturan ga jelas. dan juga saat saya main banyak banget yang make script atau pun cheat tolong ya roblox... di tingkatkan lagi keamanan nya tapi jangan gembok chat nya yaa🙏🏻✨,3,0,2.717.985,2026-04-22 15:49:39,,,2.717.985
066f2e44-e31e-4f9c-8a47-78653145b5a2,Khairun Nisa,https://play-lh.googleusercontent.com/a/ACg8ocLeIDN1ixdR1Lf-RiG73dk-T2YnYcpR9nWaoxIUu3Z23aSJUA=mo,bagus sekali 👍👍👍👍👍👍,5,0,2.715.1115,2026-04-22 15:49:03,,,2.715.1115
d452d195-01a0-4e65-bf13-4bcde514ceea,Nayla Gemoy,https://play-lh.googleusercontent.com/a/ACg8ocIQnhY7TvXaY0axn9RX_CFa_7rgMlxQVrAB6gQY6uBxf9A7LA=mo,Saya mau jadi anak Roblox ok saya pokoknya mau main Roblox kembali lagi Dan lagi okay para warga Saya pengen sekali Saya mau mainkan Roblox okay okay guys guys guys guys guys mau banget aku main rob Nayla pengen banget Nayla pengen banget main rob Nayla tidak tahu juga permainan yang lain apa cara mainnya gimana Cemara blok yang Nayla Saya pengen banget kayak orang-orang tahu kawin,5,0,,2026-04-22 15:49:00,,,
f35a1efb-fb80-48af-89d5-40071dace3ab,claretta geavelli,https://play-lh.googleusercontent.com/a/ACg8ocIHvV23PqFv50IZIeM05Lk4sIkXBo9pi6j0CEviFHPok4fsmw=mo,"Tidak seru, tidak bisa main game, semenjak roblox bakal keluarin roblox select, roblox kids, dan roblox biasa, saya jadi gabisa main game, sebelum ada pemberitahuan ini roblox saya masih bisa dimainkan, saya mau mainin beberapa game disini tiba-tiba muncul error code:279, yang saya mainin disini cuma secret staycation, ninja parkour, dan koki gila, yang secret staycation pun masih ada error codenya juga sebelum masuk, wifi saya sudah kenceng loh, saya udah bersihin semua aplikasi tapi ttp gbisa",2,0,,2026-04-22 15:48:55,,,
272f5fe1-9fb2-42f8-bef0-7fac9fe78819,Kun Ciro,https://play-lh.googleusercontent.com/a/ACg8ocLdOut1b3BjXFoEcUIkjkoq2VpthBVuYBRljBbfVzG_nLkm5Q=mo,bagus tapi sayang pakai data,5,0,,2026-04-22 15:47:31,,,
c7301776-3fff-4b64-ace9-1896e54e8131,Hikmah Suci,https://play-lh.googleusercontent.com/a/ACg8ocJtHPgjWePg97ge2HRB03NbD5aO1VdCPpsZSxeU10Wpjq69UQ=mo,seru banget kalo lagi gabut seru main ini,5,0,,2026-04-22 15:43:34,,,
d09e1ebe-bbf7-43aa-99ae-c59e1d5b8013,Nur Sangadah,https://play-lh.googleusercontent.com/a-/ALV-UjWB2ljAIKArSEqj61rSycR57z6TWbnKSRYOeGiwq0qGM8g0Si4,plis jangan of chat nya harus bngt 9 THN,5,0,2.717.985,2026-04-22 15:40:14,,,2.717.985
86cfd3fa-fb70-4b8c-8620-3a782c366fa1,Ahmad Alfarabi,https://play-lh.googleusercontent.com/a/ACg8ocIO30VddVEDrnQSQfU6_cMykI1hfbhCCMtGlfTJ1aGpf5bbGA=mo,jelek,1,0,,2026-04-22 15:38:10,,,
d735678a-3159-4677-879e-a26a17ae77d2,Sumilan Sumirah,https://play-lh.googleusercontent.com/a/ACg8ocIXI7iAfxvupB82Bh1iPCVsfs__rdD8tJBdjL2A8yL8HLebew=mo,geme nya bagus tapi bug nya bikin aku marah kayak udah login malah GK bis masuk udah itu aja,5,0,,2026-04-22 15:36:49,,,
db6218be-499c-46e3-ba88-2e1109690e7e,Raissa Ananda putri,https://play-lh.googleusercontent.com/a-/ALV-UjVJk5WNReCmAj25jvse0JPxeF6VIMGv4ipNpIJKvbIvcEScua4A,bagus tapi..... gak bisa chat,2,1,2.714.1091,2026-04-22 15:36:39,,,2.714.1091
1186a6b2-5df7-4e48-92ba-bde72f0c9513,Hazza Clarissa,https://play-lh.googleusercontent.com/a-/ALV-UjVWTIdazPUGWzb4bx4MWi3KbKhyk6Ul2g1gzIWHI3HnH-Mv_Q,GEMENYA BAGUSS,5,0,,2026-04-22 15:36:22,,,
eef2decb-7073-4345-8abf-dfd47b9dac64,Rafal Arsya,https://play-lh.googleusercontent.com/a/ACg8ocLyor1FC8mxHjMEVB0gYTFFBlVHnEDNrorZzR8Is5UXfCQYBQ=mo,game nya bagus ada game gunung juga,5,0,2.717.985,2026-04-22 15:36:11,,,2.717.985
b9dcebca-67f1-497c-9823-939d7d181c45,Ihsan Ramdhan,https://play-lh.googleusercontent.com/a/ACg8ocIaqZrSg1hknCZrDEVoICrWjQF-eT4QO1esksI3Ond7Nc7o5g=mo,seru bet anying,5,0,,2026-04-22 15:35:52,,,
15120258-385a-4adc-8738-b25968ed283f,Kayra Alfathunissa,https://play-lh.googleusercontent.com/a/ACg8ocKrwZ1sxKLcxQTKisROsgxSN_pA_vMqqY4_Y8hGmgx0R65e9w=mo,bagus sih tapi bisa nggak robux nya di ilangin aja semua item langsung gratis soalnya aku nggak beli top up sama mama aku udahlah bagus-bagus mahal-mahal pula itemnya yang setuju coba beri like,1,0,2.717.985,2026-04-22 15:34:21,,,2.717.985
8e6ca1d3-69e9-4295-8b9d-cf739156c2e3,Siti Kunengsih,https://play-lh.googleusercontent.com/a/ACg8ocLmeaWKhDakcupomo3JIU4H1a7zArFUK0rGH05uoyzW-4_emQ=mo,game nya bagus bangett aku suka game ini aku main selama bertahun tahun dan tidak di hapus sampai sekarang pokoknya aku suka bangetttt 😻❤️,5,0,2.715.1115,2026-04-22 15:34:17,,,2.715.1115
4f9a3dd1-49aa-453f-ba2d-2c2bc9e83edd,AIDA PUTRI GEMBOK,https://play-lh.googleusercontent.com/a/ACg8ocKQ_aJQJy8RrZ5APySauKjMLSvYhQL1w9Rtnz2RADIAZKcUnA=mo,ini knp sih kok suruh di update mulu pdhl udh di update blm lama itu ehh skrng di suruh update lagi,5,0,2.715.1115,2026-04-22 15:34:12,,,2.715.1115
79e0b3bc-1d78-4e13-ad01-d3972351c529,Meisya Karina Zahra syifana,https://play-lh.googleusercontent.com/a/ACg8ocLyPXkYgA94JCv27MsUzH2KunYM3QjOgLlugdGp9fj0tbOmeQ=mo,ga bisa di download Padahal udah ada yng di hapus,1,0,2.700.937,2026-04-22 15:32:23,,,2.700.937
e4e59167-24bf-4a88-81c0-ad0054373f87,Almendo,https://play-lh.googleusercontent.com/a-/ALV-UjWpoRkptLCLPQbUMeDslE0D7ogsYsulTzSIxA6cg8Zc-t0UzJA,bagus,5,0,2.717.985,2026-04-22 15:29:59,,,2.717.985
64a3b7cf-e0ad-4ee8-b314-63a3e0935217,alfaith filth92,https://play-lh.googleusercontent.com/a-/ALV-UjWPq8JoL5twIk_FECVGbLjr5Di-yoHDYbYHS3HAR2PW0vPMSBkj,"game eror mulu, banyak bocah toxic, jenis game ada yg fulgar",1,0,,2026-04-22 15:28:29,,,
faf263dd-a15e-47f9-8001-a6b404404618,Nana Vira,https://play-lh.googleusercontent.com/a/ACg8ocL3tqYuCvp_ZC7wmwbZLfwsN-etCjchR3c8hgOhYh_4BPkKLg=mo,bagus banget game nya jadi mau main setiap hari,1,0,2.716.875,2026-04-22 15:27:43,,,2.716.875
ce5355a8-fd95-49e4-bd7a-dc8f4acbd07a,Marse 123,https://play-lh.googleusercontent.com/a/ACg8ocIpom2vCuriQE0q44eezJiZQBRkGFgZ7adnspH0HvFdy-0KUg=mo,jang main geme ini ada,1,0,,2026-04-22 15:27:36,,,
f1b6859a-f162-4aa8-8258-ab8d785fe1f4,Khansa Hanif,https://play-lh.googleusercontent.com/a-/ALV-UjVCZAEyu3bb_XCgIC3G6zcdcrbvJOVtxfJjKx2N3PtbxiLoTl58,gara gara gak bisa chat saya gak mau main Roblox lagi,1,0,2.711.876,2026-04-22 15:27:30,,,2.711.876
35c3565c-f718-4be4-ae19-148139193348,zPark Sulbi.ᐟ,https://play-lh.googleusercontent.com/a-/ALV-UjWvIfn68YPAmt0wBYILOe0jx-RReFyyvdyCRVrtTEV6GD3kxKc,"bintang 1, gamenya aneh, Hp saya cepat panas gara² Game ini, Terus Gamenya Banyak cheater yang ga Dibanned, Terus Avatar saya rusak gara² Update ""Classic face Removed"", Dan Waktu saya Main Belum Apa² Malah Disconnect padahal wifi saya bagus² aja, terus banyak yang pake Ava go0ner sama Femboy disini saya tidak suka karena menunjuk kan Avatar tidak senonoh didepan anak² 13 tahun kebawah.",1,3,,2026-04-22 15:27:29,,,
b10313a3-3cf1-4a73-a7ba-57b6b5e63c24,amilia Alia,https://play-lh.googleusercontent.com/a/ACg8ocLUHqszBT9u4jsZdFTcHh05OFulFIltV67hukXWrPUgrK84oA=mo,game nya bagus dan sangat baik untuk orang orang yang main Roblox ini aku suka banget sama Roblox ini ❤️❤️❤️❤️❤️❤️❤️❤️❤️❤️❤️❤️❤️🧡❤️❤️❤️🩷🩷🩷🩷🩷🩷🩷❤️🩷❤️🩷🧡❤️🩷🩷❤️❤️🩷💚💚🧡💛💛💚💙💜💜♦️♥️🩶🩶🩵🩵🩷🤍🤍🖤🤎🤎,5,0,2.717.985,2026-04-22 15:26:10,,,2.717.985
4b6ac9c7-501a-4433-9524-0945622f1d87,Satria Adiwijaya,https://play-lh.googleusercontent.com/a/ACg8ocIiZyR9Ln14w98GIksbX-5iMZtiTAHa-uYO4eUR1tGOZ293Ow=mo,game nya keren,4,0,2.717.985,2026-04-22 15:26:09,,,2.717.985
96aeadd7-b16a-460b-a1ef-d1c7d3790bd8,Safia Nur,https://play-lh.googleusercontent.com/a/ACg8ocK4mVhzVN3pyC5Y-zSZ2Ox_e44GNk-SFzb3WDFaYGNaulMggg=mo,Roblox sebenar nya sangat seru tapi banyak hank nya jadi takut,4,0,2.716.875,2026-04-22 15:25:51,,,2.716.875
ce3e26c3-2da9-4076-a36e-39ad2eb5a8c5,satria Ch h,https://play-lh.googleusercontent.com/a/ACg8ocLxlDTr2ZyyPBydw6GQ5odAqU7b39SQV8ly-OvSACJOl47stA=mo,this game is very exciting,5,0,2.717.985,2026-04-22 15:25:21,,,2.717.985
0d547acd-6ca5-45c7-96e5-aede9d3ca132,Liee'GOD,https://play-lh.googleusercontent.com/a/ACg8ocKbSZrplRi5K4kurjxV6OH8iF6D4HkR1_Mf9ZqjCXMhSFlmJg=mo,bintang 🌟 3,3,0,,2026-04-22 15:24:57,,,
11817072-f47d-4c10-ab82-04f0e320b8e2,Medan 2021,https://play-lh.googleusercontent.com/a/ACg8ocI-mPPlQIFsw4Emsx_u3_kZ6NG4k-02Fvk3Ouy-jRQaRbGO=mo,gamenya enak namun bnyk peraturan yang membuat pemain menurun.....,5,0,2.715.1115,2026-04-22 15:23:43,,,2.715.1115
44d01734-a0da-486f-ace7-8bcfb864e34b,Tri Oppo,https://play-lh.googleusercontent.com/a/ACg8ocI6ui0skO3rDjVqK90NpIIOJdg9fdK0-Tp2PVro9n_afvZ4jQ=mo,Game nya seru,5,0,2.717.985,2026-04-22 15:22:48,,,2.717.985
c2fbefe8-bd6f-4aad-a37b-8eb4311a7f84,Nanin Alfiana,https://play-lh.googleusercontent.com/a-/ALV-UjUdk7t9e-4BaU0hHCZVFJBONo2FNO0D42BSdCw7dRSFHYixltx7,terlalu sering upgrade,3,0,2.715.1115,2026-04-22 15:22:46,,,2.715.1115
8f065ec5-31a1-4b0b-bf82-321092297bee,Siti Hajar,https://play-lh.googleusercontent.com/a-/ALV-UjV0yFxE91LfXTicnBLKXwVLdGz0Sw3bKa2_HewtlosyyShb0Cvz,geme ini seru loh,5,0,2.717.985,2026-04-22 15:22:33,,,2.717.985
f2edd4b2-4715-4a8f-83e0-adff276dcfad,Safar Udin,https://play-lh.googleusercontent.com/a-/ALV-UjWlMm7LOTZsxrsu_KaWIOtSOw7U97EJxdz2WY80cKrA9lMBSVk,"bagus banget game nya, sukaa banget",5,0,2.717.985,2026-04-22 15:21:25,,,2.717.985
7ecf8593-3ce3-40c0-9152-18487ece1a29,Ayeeza Zharli,https://play-lh.googleusercontent.com/a/ACg8ocLPdTwRmhBbKW5Zes-zRLYG_HpHJLWeel1ck7PVq3lgVy9Gsg=mo,seru,5,0,2.717.985,2026-04-22 15:21:14,,,2.717.985
4df9c7f6-7ba1-46c4-9c05-8a5ade423d4c,Al Is,https://play-lh.googleusercontent.com/a/ACg8ocLH3P8RdCpzY2WytW7eFhAYoWNNGWxQM5mxJD_g1eFqEbz8pQ=mo,sumpah gak enak main nya,1,0,2.717.985,2026-04-22 15:20:45,,,2.717.985
6cc95690-5a70-4756-84fb-a83ec26b0c93,Sheza,https://play-lh.googleusercontent.com/a/ACg8ocKjWnxs_MyExxaK19V7No7Y0cO6lbWMBiC_AAwzqHKCoMIh=mo,"sangat bagus dan seru sekali,tetapi seharusnya jangan pake robax",5,0,2.717.985,2026-04-22 15:20:18,,,2.717.985
404b2c42-d986-4946-9172-43ccf972eb25,Nova Azzahra,https://play-lh.googleusercontent.com/a/ACg8ocJX3OFLSY3jMvnPpFxlUv6pDSQV8vY3YxlAFHCq5VjdWd63=mo,permainan nya seruu banget aku sukaa dan GK lemot pokonya seru deh,5,0,2.717.985,2026-04-22 15:18:26,,,2.717.985
46edbed6-9919-4cdb-aa5b-84ea6c9818ee,Jami Muhammad,https://play-lh.googleusercontent.com/a/ACg8ocJsR-TL4uNEcxpEF7zU3GBu1srTkhRcTgBoHZTtzgZUvOfq5w=mo,game nya seru,5,0,2.714.1096,2026-04-22 15:15:00,,,2.714.1096
50dde91b-0845-4f61-86ea-cec6dcd3b301,Sabrina Oktavia,https://play-lh.googleusercontent.com/a/ACg8ocKOi35JHNrhrVrzqH_398BakJluL-A2pV1LMNLNdFXF4gSYjQ=mo,"aku kasih bintang 5 karna udh baguss, map nya juga makin banyak jadi ga bosen itu' trs apalagi sekarang bisa on mic itu udh baguss bgtt😍cuma masih ada kekurangan yaitu bug, tolong ya buat developer nya segera di perbaiki... 🙏🏻",5,0,2.715.1115,2026-04-22 15:14:18,,,2.715.1115
1241ef31-cd90-45cd-b892-f43001b6341e,Amora Chika,https://play-lh.googleusercontent.com/a/ACg8ocJbCZd4Ffwm15Zv67hb-VCgWjcKG1ILbx0sI2ZdA3f03xjrJw=mo,"bagus sih, lebih baik dari sebelum nya 👍",5,0,2.715.1115,2026-04-22 15:13:31,,,2.715.1115
2b514aa9-de27-41e3-9f34-a020733020ac,Risa Adelia,https://play-lh.googleusercontent.com/a/ACg8ocJJk4c6_rEpoyPKqIMImvfl4_lGDzVQi1PsOIihU72LZYnlfQ=mo,,5,0,2.716.875,2026-04-22 15:13:02,,,2.716.875
559b34b3-690e-4e95-bbc9-c859375012e8,Muhammad Rijwan,https://play-lh.googleusercontent.com/a/ACg8ocJVK3sOjANeLqhxFzXytQzC8Jgki14nuo2lCRMGRDPK2U1gIA=mo,Beh ini hebat',5,0,2.715.1115,2026-04-22 15:11:38,,,2.715.1115
bda385a6-8c48-4167-80bc-5659bb2b13c4,Bayu Suseno,https://play-lh.googleusercontent.com/a/ACg8ocIggOLgbuJL3Z1EBdzUOl5U7FHp0-TFbrMFcCOVAjdXzzYhdg=mo,aplikasi banyak yang cari jodoh. aneh. ketemuan deal,5,0,,2026-04-22 15:11:33,,,
057dcc52-f0c7-46bc-b83b-8af5f8219857,Runaa Naaa,https://play-lh.googleusercontent.com/a-/ALV-UjWNM4HdmlDiuYUB5-cXekirufmVs6O7oektXdR13_RPLNOxGVU41w,"roblox, jangan pecahkan roblox menjadi 3 bagian. aku anak pertama yang ingin punya kakak, tapi itu mustahil kan? sampai akhirnya aku menemukan sosok kakak di roblox. dia berbeda 2 tahun denganku. umurnya sekitar 17 tahun, sedangkan aku 15 tahun. Aku tidak ingin berpisah dengan dia hanya karena roblox terpecah menjadi 3 bagian. menemukan sosok sepertinya begitu sulit untukku, aku tidak mau berpisah dengannya.. nanti aku kehilangan sosok kakak yang aku inginkan. tolong dipertimbangkan lagi ya..",2,0,2.717.985,2026-04-22 15:10:49,,,2.717.985
89b2e197-b614-4534-93a2-f0d34f22ae2d,Akbar Pratama,https://play-lh.googleusercontent.com/a/ACg8ocKMUAINuYl-tz1wqNLO4wF7oa5A4SIIIw9dznFLVI8QX8cokA=mo,permainan ini sangat bagus sekali,5,0,,2026-04-22 15:09:17,,,
1b74dd6a-c254-48e4-b9d7-4fdb2c1f8642,Ilham Wahyuajie,https://play-lh.googleusercontent.com/a/ACg8ocIraNnCN88zNnQsl2SdnrNyEmfmDFoAO9ooGEf4AVMkyxrHeD8=mo,sangat seru dapat teman baru dan Mabar gamnya sungguh seru,5,0,2.716.875,2026-04-22 15:08:48,,,2.716.875
8178719f-3a99-4dff-9a35-dd42fe8a8f63,Andrean Al zayn,https://play-lh.googleusercontent.com/a/ACg8ocLekofjx8PZcsuuVHkqKCCz8nQMFyCt4m4QTw8WnRAeLWs8HA=mo,game nya bagus banget! aku rating bintang 5,5,0,2.715.1115,2026-04-22 15:08:41,,,2.715.1115
9a241dff-a0cf-4c24-8a3c-3ad4bc3cc691,Revi Revi,https://play-lh.googleusercontent.com/a/ACg8ocINsiKLjBur-muZaSmsnQyhQxDY_HsEGU2StF_1yLCfqHp6=mo,lag banget padahal jaringan bagus,2,0,,2026-04-22 15:07:21,,,
6aeae970-5d17-468c-9fe3-384e7c63e789,Trisna Afriani,https://play-lh.googleusercontent.com/a/ACg8ocLiuHZkE_roXDsPMzwMMlkTNb7Beyfnzuc2AEeounRkG6so9Q=mo,gamenya ok ok aja sih tapi akun aku yang dulu hilang cuman buat ava cowok doang lohh? kok malah di suruh buat lagi akun? dan gamenya agak-agak ngeleg sihh tapi is oke aman-aman aja tapi..... gamenya agak gak seru soalnya gak bisa chat tolong di kembalikan tapi aku males juga sih biar bisa chat harus ada muka asli gituu......,5,0,2.717.985,2026-04-22 15:06:51,,,2.717.985
9ed575ed-f590-41fd-b311-71bad5e57a67,Afuan,https://play-lh.googleusercontent.com/a/ACg8ocIRc1sQ8FtpVydc6K2JQAV_cLHvwedS0MG52PlZFU3rTetYCA=mo,bagus,5,0,2.716.875,2026-04-22 15:06:16,,,2.716.875
523f455a-8b06-4117-b5b5-4572263410b8,Rip_Rc7,https://play-lh.googleusercontent.com/a-/ALV-UjWSWtnnq0v16EFMzi-nrbqyOF49_U3O2xqzhuDJsuwpV8bzfAw,"Hello Roblox Support, ‎ ‎I have a problem. My WiFi connection is very good and stable, but Roblox keeps getting error, disconnecting, or stuck loading all the time. It's very annoying and makes me unable to play comfortably. ‎ ‎This happens in every game I join. My internet is fast but Roblox says connection lost or error code appears. ‎ ‎Please fix this bug immediately. Thank you!",3,0,,2026-04-22 15:02:42,,,
ef7d93b9-cd49-40e7-9c9e-87aa92475a1b,Sutra Nabela,https://play-lh.googleusercontent.com/a/ACg8ocJjfeFUwUUOfdYvAKqK6llpx_s_pMQEaergBmmxlQJnNDiCyA=mo,bagus banget gm ya tapi suka emosi,3,0,,2026-04-22 15:02:02,,,
4fd5ff2d-9b69-4c2b-b0b9-00c1ceec44c8,aily Aily,https://play-lh.googleusercontent.com/a/ACg8ocJbuzp-2AsLSfqH9VnXqQtYoxC_62IrGYFTmHynfEOVWEeBUw=mo,bagus banget asal jangan di update yang sangat jelek bissmillah admin nya lihat,5,0,,2026-04-22 15:00:47,,,
df28d238-9b05-43b8-9223-ab5bd177c7be,Agus Riyadi,https://play-lh.googleusercontent.com/a/ACg8ocIk5o0hceHhMrhLuQdq5Y5xkv9DSw73Yc-hI6EurKcFhhEfqw=mo,suka,5,0,,2026-04-22 14:57:57,,,
2d88cdfd-9f12-4ec8-8f4f-0c508e8db9ec,Mickyla mickyla,https://play-lh.googleusercontent.com/a/ACg8ocJ7ZQH_8r2jVOveO5jCSCWUaFAGP-8sw-nOtBvJ6uhMrtgz=mo,"game yg selama ini aku pakai kalo ga ada di HP sih bosan pasti nya, tapi andai aja bisa main tanpa internet, tapi bagus banget banyak game nya aku suka bangett,pokonya aku rekomendasi in ke kalian buat instal game inii karna emng bagus nya minta ampun woey, di dalam game nya ini ada tower, ada map map horor, ada permainan yg seru juga, di roblox ini juga bisa mengajarkan kalian gimana cara masak gimna cara berkebun dan gimana cara membantu hal""yg seru jg,tunggu apa lagi yu donlod",5,0,2.717.985,2026-04-22 14:57:42,,,2.717.985
ed9fd08c-c129-4402-a989-f9f54682403c,Pengguna Google,https://play-lh.googleusercontent.com/EGemoI2NTXmTsBVtJqk8jxF9rh8ApRWfsIMQSt2uE4OcpQqbFu7f7NbTK05lx80nuSijCz7sc3a277R67g,seru sih tapi sering patah patah tolong di ringankan ya jika sudah aku kasih bintang 5 geh😘,3,0,,2026-04-22 14:56:42,,,
f1d0c462-c015-4595-9c52-86da320855f1,Kelvin Angkara putra,https://play-lh.googleusercontent.com/a-/ALV-UjUGczLgLMij2chK7B39EYGY9-Y3VKmG_2lpuE8wCTuNnlvh494,ROBLOX sangat bagus dan enak dimakan sat bosen,5,0,2.717.985,2026-04-22 14:56:41,,,2.717.985
0d21aa0f-fe03-482b-bc22-377ff71241c3,Ziyadatul Hikmah,https://play-lh.googleusercontent.com/a-/ALV-UjWfGpepeP6s0iyNSyU730KsAV_ezpW0dYa1bjQSHCmsa57XqBw,ini kenapa ya saya gabisa main Roblox setiap kali mau login maah coba lagi Mulu padahal jaringan lancar lancar aja??,1,0,2.700.937,2026-04-22 14:56:35,,,2.700.937
12019acf-a673-4a3e-bb11-1ca2cd50283d,Nanang Sutisna,https://play-lh.googleusercontent.com/a/ACg8ocJBwQ_xtGqyvjviDOPztjN9W0iwiERdPc_LSwvaVh23UOuU3Q=mo,geme nya makin rusak hp gua sampe penyet ganti rugi,1,0,,2026-04-22 14:56:04,,,
e18bf0d7-90c0-43e2-9a98-055f01a2276f,Diki Januar,https://play-lh.googleusercontent.com/a/ACg8ocKrgCixGVRiOXthkAQfkY1E9qj68hIUCa1piCq0hm469h9zWg=mo,kadang2 suka bug tapi baguss ak sukaa,4,0,2.715.1115,2026-04-22 14:56:03,,,2.715.1115
bf928482-fafd-4a2a-b6c1-d3709f751264,Nabilla Safitri,https://play-lh.googleusercontent.com/a-/ALV-UjUfPBp7ncHMmIkDow5oMu2mZZO6TjzAhxdEfA_zVVraOouxZ6mX,seru,5,0,2.715.1115,2026-04-22 14:55:45,,,2.715.1115
2db01e8e-160c-400c-ac1a-8de932f2bfe1,Salsasiregar Siregar,https://play-lh.googleusercontent.com/a/ACg8ocLG8bGK6GS0Qszcznm55-ceqVB52R1RXm_7yRUbZRKwxSkvbg=mo,aku suka game nya tapi sekarang udah banyak privasi jadi aku kasih bintang empat,4,0,2.715.1115,2026-04-22 14:54:58,,,2.715.1115
b5fcb723-7a33-426d-9f37-a47484d3395b,Siti Rahmah,https://play-lh.googleusercontent.com/a/ACg8ocLw2uFSf6Cl-9s0dygWijkSSfdpcpKwCMUVK36lIFquA0nXsg=mo,game bgus banget,5,0,2.717.985,2026-04-22 14:52:38,,,2.717.985
76288be0-84de-47e5-a625-425b5d349f95,Husnul khalid Yusuf hamzah,https://play-lh.googleusercontent.com/a/ACg8ocKA6ljkbpt5JCkCf-cAtDMU8jhZIYK-HnUrwj9RnfutIu0sOg=mo,BACK CHAT ROBLOX IS BAD UPDATE BACK THE CHAT!!!!!!!!!!!!!!!!!!!!!!!,5,0,2.717.985,2026-04-22 14:51:30,,,2.717.985
bed7b567-2ce9-4e36-8255-01e4e8f2352e,Deni Deni nopriansyah,https://play-lh.googleusercontent.com/a-/ALV-UjUpX_qg729NuGT5xKcaQ9Uo9WxWUqtJ33-LMas7SA0hgG80gjo,"game roblox ini seru tapi saat update , kayak ga enak gitu kaya ngechat harus bgt di kontrol orang tua? apalagi kalau mau main tower jadi gabisa karna umur , padahal game ini kebanyakan yang main anak² bukan orang yang tua",4,0,,2026-04-22 14:50:19,,,
884813d5-7e2f-4013-a67c-5c7b08502eef,Amora Praja,https://play-lh.googleusercontent.com/a/ACg8ocINmxXOKas6oRK8vViBJyAoSO8s9Wf2ASjiDAL3PfWKIuv9cA=mo,𝘴𝘦𝘳𝘶 𝘣𝘢𝘯𝘨𝘦𝘵 𝘭𝘰𝘩 𝘎𝘪𝘭𝘢,5,0,,2026-04-22 14:49:04,,,
907dbca2-e830-4734-a883-345a11648f28,zayn alif,https://play-lh.googleusercontent.com/a/ACg8ocLioFuTLoJRnOVkTKszuVbrOC46bKH2xP7PiJLz5GsKP_-8tQ=mo,geme ini bagus,5,0,2.715.1115,2026-04-22 14:47:20,,,2.715.1115
7b872c90-d8b7-43d3-ab6a-dc54f910d938,Gugun Gunawan,https://play-lh.googleusercontent.com/a-/ALV-UjWwy9UgPgw6qGBaxJ1B9ajSacTDYekpiA7EWmUHyHp9ly0MmV9i,game Roblox itu bagus untuk anak-anak tapi dia juga bikin kita pintar kita semua suka game Roblox gambar blogs itu bagus/,5,0,,2026-04-22 14:46:57,,,
ecf2cffd-2dd6-44fa-8e3c-8ba210b0aeed,Nur ali Nur,https://play-lh.googleusercontent.com/a/ACg8ocL7e-OYHcRLWgatI5zvd4PwSrJ7bdJX1MdiBrCQDtnxmq5MOg=mo,permainan ini menyerukan bikin orang keasikan main hp,5,0,2.714.1091,2026-04-22 14:46:27,,,2.714.1091
017e3c51-c174-4cc7-9850-6390081332af,Nunnik widiastuti,https://play-lh.googleusercontent.com/a/ACg8ocJ6diVyV2ZnGz9pL1uif11SwlsutWHcCRrSqu4kLvMA0BrxCg=mo,game ini sangat bagus tapi ada kekurangan sedikit ada banyak citer,5,0,2.717.985,2026-04-22 14:46:25,,,2.717.985
ebe66f74-c88b-4641-ba1a-6e827c1056b1,Adityaajah Ganteng,https://play-lh.googleusercontent.com/a/ACg8ocIdMGp3HJ4Te1UG5zCIdaMBMKpnWp9OGmcnOZVR2CiXqnrZAA=mo,bagus saya suka dan saya juga kasih bintang lima,5,0,2.717.985,2026-04-22 14:46:15,,,2.717.985
64c2f2c3-fe59-4177-8046-8228c2e56ae2,Muhammad Naufal azam,https://play-lh.googleusercontent.com/a-/ALV-UjWO0KyYEgRPDU50p1jGKOV3HXA89VXbeoeHch4iixyrH-SCo2U,mantab,5,0,2.717.985,2026-04-22 14:45:48,,,2.717.985
4f58aee1-e5b7-4290-bc4a-4e204ccdc3e1,Ariana Wahyu,https://play-lh.googleusercontent.com/a/ACg8ocLr1Tu3vWbdtqJ4Ql_SDzyGAL-rpnbiqr3RztoAG9j-6DGLhQ=mo,hehe Aku suka Roblox 😉,5,0,2.715.1115,2026-04-22 14:45:04,,,2.715.1115
64d2fde1-98ed-4a75-9ccb-e2c6ad9761d3,Ading Ading,https://play-lh.googleusercontent.com/a/ACg8ocJnQOUfJyvsmeHd5upjh50FSsiV6Y-xDfJAX-zqg2K9fPe1Sw=mo,kembalikan chat,1,0,2.717.985,2026-04-22 14:45:01,,,2.717.985
df964d0c-9bc4-462b-a9da-49e76b0f9e41,Tsar Serkan Prisya,https://play-lh.googleusercontent.com/a/ACg8ocI1WQo1rV2Kv0bsVSs4wPXvmEnxMgDLkk-NEeFGp9xFUM4X8wM=mo,"sering ngebug ngelag tiba"" terus keluar roblox padahal sinyal udah 4g",1,0,2.717.985,2026-04-22 14:41:29,,,2.717.985
e3b98aa6-c724-41f9-a872-bb741f09f019,Chiko Arganta,https://play-lh.googleusercontent.com/a/ACg8ocJX9nM2zsd1bL_x1JuuTj4RI8_OjASBiUekjWvTJ8V5agZcQQ=mo,"bagus , tapi aku main Roblox di forsaken aku disconet terus",3,0,2.717.985,2026-04-22 14:40:35,,,2.717.985
3a46bc30-55d8-457d-8253-fcea14a16a0a,cahya wiguna,https://play-lh.googleusercontent.com/a/ACg8ocKTkUBePxsUA5b-oQULmzl2Yxhli7e58SoAkUfPeAaeOueIaw=mo,aku suka banget,5,0,2.717.985,2026-04-22 14:40:22,,,2.717.985
bcba020d-2561-4594-99aa-4f617896b6a8,Aliyah nabila Zahra,https://play-lh.googleusercontent.com/a/ACg8ocJtNJ36YSBIxIUQpWKCpCbjx_BjE_Lq9DTI2elWks06LUO6bg=mo,permainan yang seru dan bisa mabar dengan teman,5,0,2.716.875,2026-04-22 14:40:15,,,2.716.875
58286ef7-9e49-4e7d-8312-195e32e5d234,Iis Yunita,https://play-lh.googleusercontent.com/a-/ALV-UjUIBg3sQOKtx-lrZs7SstAJXTRB8nZp6J82ZkIk1qy-z6QK49HlNw,"Game nya seru banget tapi ayolah Roblox jangan kasih update yg jelek kayak chat dibatasin, classic face diganti dinamic face, dan masih banyak lagi",4,0,2.716.875,2026-04-22 14:39:51,,,2.716.875
35faf3fa-ed84-431c-b450-03ebfbb0050f,Heni,https://play-lh.googleusercontent.com/a/ACg8ocIQpCxuFLtLhSfZ3qUKpA0uS4_AgleBeQgSmggt50mbabVv=mo,lumayan untuk bermain,5,0,2.717.985,2026-04-22 14:39:38,,,2.717.985
fed0a16a-1be2-41c3-9349-b9185055f519,Valdi Sersan,https://play-lh.googleusercontent.com/a-/ALV-UjXkPdQKw9Nq78xGZJ9P54Anmr_yoFXvQkOOFoGLvaGecQTVP-Hq,"untuk roblox terlalu banyak bug, kemarin gua masi ada 69 robux dan besok nya sisa 2 robux, padahal gaada beli apapun, gw kecewa bet si, soalnya dari 69 robux itu masi bisa beli rambut atau face, dan aksesoris lain nya, utk roblox, tolong perbaiki bug ini, karena sangat merugikan player, apalagi player yang jarang topup, dan sekali topup robux nya hilang. 🙏🏼",2,0,2.717.985,2026-04-22 14:39:21,,,2.717.985
13fc4f26-3ba0-4c73-b502-3cea37b95595,Mpah Viks,https://play-lh.googleusercontent.com/a-/ALV-UjUsonzHMKvkjRlKF50jvZKUY4ngNn39lzpq6oGdHX2fJuzDU8CD,bagus,5,0,2.717.985,2026-04-22 14:38:43,,,2.717.985
1f18b9f2-0c8c-4d96-ae88-a799a1c8d43f,Arman,https://play-lh.googleusercontent.com/a-/ALV-UjXnvpisgS-ztC16YOUPPkd4u-DrXGhh4JC5bhhE-yEspRnhR40,guys data kalian bakal di ambil sama Roblox percaya gak percaya bakalan di kirim ke presiden Amerika aku juga tau dari konten kreator,1,0,2.711.876,2026-04-22 14:38:15,,,2.711.876
87a9f5d7-e371-48c2-b77d-80c3b9778bf2,Wakdul Wakdul,https://play-lh.googleusercontent.com/a/ACg8ocJht0ppWidst26oiI5lj3Jx_NLduEccXP6oGOgDCsJJhE-9GA=mo,kenapa yah dulu roblox seru seru ko Sekarang g bisa lagi chat kembalikan wajah KlASIK yang dulu💔,1,0,2.717.985,2026-04-22 14:36:35,,,2.717.985
4c42659a-5e63-4fd5-a777-d2dab268f0dd,Lenoy cakepp,https://play-lh.googleusercontent.com/a/ACg8ocK-VFArXgdai4xCgMCawNN2VIX9ySGylzICkzJYDsQ8kopvUA=mo,jlek bgt mkin kesini,1,0,,2026-04-22 14:35:42,,,
673730bb-26b4-432c-8ad8-84bb66469c13,Rafif Ali,https://play-lh.googleusercontent.com/a/ACg8ocLOraqWQUFdBkKU8HtSTISKMuZtkqdH8G2Zf0_Zrp5fkjUnGg=mo,terlalu banyak abdet jelek,2,0,2.715.1115,2026-04-22 14:34:57,,,2.715.1115
e98cc8e8-d91f-490a-830d-77ebc0f8ffd6,AzumaFakih_,https://play-lh.googleusercontent.com/a-/ALV-UjWZaWxkVoX4p1TPRjI6eX2QKMPVt7ja6WEoTbkQBAHbO3XPzofJ7Q,bagus,5,7,2.716.875,2026-04-22 14:34:14,,,2.716.875
ec586fec-aabf-4e2c-88f8-a454fb224d5a,Arsene Keenan,https://play-lh.googleusercontent.com/a/ACg8ocKqmuNs_Ol5hDUYqocQD332UDIXUebW1vvm2zDTiCDKbCUO3Q=mo,sangat seru tapi minesnya kg bisa chat jadi nya udh g seru klo dlu seru bnget,5,0,2.715.1115,2026-04-22 14:32:36,,,2.715.1115
d8553282-7287-4ad7-a191-a3833463f1d2,Mariyah Kurniawan,https://play-lh.googleusercontent.com/a/ACg8ocJpthON3DFYkI2H92Nhs_Sxlf8T_jzCd_VwxixKXqKdMXkHpQ=mo,selalu peringkat 1 tapi please chatnya balikin,5,0,2.717.985,2026-04-22 14:32:28,,,2.717.985
3097d691-53df-4e68-9ec0-ed232da56eb0,Nia 1978,https://play-lh.googleusercontent.com/a/ACg8ocJe_a0BcYduyCN7SauzofSwS6JNUkERisIB9QxESyow8jlEvw=mo,game ini sangat seru banyak sekali game bisa saya coba,5,0,2.717.985,2026-04-22 14:31:16,,,2.717.985
7ce0371d-149b-4367-bb04-a61d2ffb9e30,Santi Saraswati,https://play-lh.googleusercontent.com/a/ACg8ocJfxPjCMn34CctS_9VcCrh54ujB5OvlDTsK95M_QPeN-euhfw=mo,gamenya aneh semua banyak brainrot semoga game ini cepet di blokir,1,0,,2026-04-22 14:31:01,,,
3102d2ef-d4ba-46a5-b67b-7361a9428609,alby ghani,https://play-lh.googleusercontent.com/a/ACg8ocLDd_MYYfHWT4k1uMm9wAvXzr1iYRvZXM4oxb483pujqn6QiA=mo,"ada update verifikasi umur,saya kesal karena saya masih belum bisa verifikasi,malah gagal terus",5,1,2.717.985,2026-04-22 14:30:44,,,2.717.985
38304603-8586-4eae-92ef-1c528d19ff7f,Aisyah Lea,https://play-lh.googleusercontent.com/a/ACg8ocJb5HBr7zwPgzSG_B86a2cqoOdxYopeN3rx8QlrjV3NOxqo1Q=mo,bagus banget,5,0,,2026-04-22 14:30:30,,,
f433cc36-a911-464e-841a-5ed2a5c939f7,Aneu Rosdiana,https://play-lh.googleusercontent.com/a/ACg8ocI4CiL-_6Zb1R7AKDg3XV8ZbGvTvDZphRlm69K1FbGxVxIDAA=mo,permainannya banyak,5,0,2.716.875,2026-04-22 14:29:27,,,2.716.875
84017162-7c19-4330-84e7-f69bd70fee29,Aiti Ati,https://play-lh.googleusercontent.com/a/ACg8ocLaMyOtBqn3lvnkZJgYkfEo3D1h-EG8Fm8wO9X5TDLIOnuTlA=mo,gamenya bagus dan sangat banyak sekali permainannya dan seru banget 😊🥳🤩,5,0,2.715.1115,2026-04-22 14:28:34,,,2.715.1115
7fd2b39d-7d25-4dc7-b0a2-e456d361f201,Keysha Najua Putri,https://play-lh.googleusercontent.com/a/ACg8ocJfvSDRyDXBGSaasjromvAO4tbJuH89tik1t8A69_8sVkY-9w=mo,game kaya tai,1,0,2.717.985,2026-04-22 14:27:22,,,2.717.985
d4d79551-cc9d-4c79-aaf5-75385feb3633,Dion Yp,https://play-lh.googleusercontent.com/a-/ALV-UjXnVnqTdlMjUrTDGlGz8n-YpQYt_KCmshkYNfVrTIzz_y3plmsr,TOLONG PERBAIKI UPDATE NY,1,0,2.717.985,2026-04-22 14:27:14,,,2.717.985
530e89b6-2f33-4595-9746-68aa1f4540ab,Noufal Jr,https://play-lh.googleusercontent.com/a-/ALV-UjVylX7hZGmL8hQZh7-xiju5Qt0v5q3_L_5CVITzV37CdqmXpBg,tolong di perbaiki robloxnya kok error sih udah gk bisa ngechat juga padahal udah banyak robux di keluarin pas aku masuk di Roblox kok loding sihh terus lama banget lagi lodingnya padahal jaringan bagus dah lah Roblox udah kagak bagus udah buruk,5,0,2.717.985,2026-04-22 14:24:38,,,2.717.985
07892da6-c12b-429d-8968-e99ad61079a9,Maslaha Rohmatulloh,https://play-lh.googleusercontent.com/a/ACg8ocIdnN8W6vzkW58q2s_I7E6heqTNLZ62TF2O-nAhtBtw7lxHmA=mo,kenapa sih sekarang verifikasi umur,1,0,,2026-04-22 14:22:44,,,
bfe1b14c-b3d4-4153-b222-09138ce9213b,Anim Fahra,https://play-lh.googleusercontent.com/a-/ALV-UjWRmogiM7b9kh9ieEobVKU2RnPxVTjhTLlJOCsad6TDkKlot_o,bagus suka sakali tapi adakudupagwiFi,5,0,2.717.985,2026-04-22 14:22:37,,,2.717.985
12874baf-7c14-45ea-96ad-94b672f660b9,Dewi Pungki,https://play-lh.googleusercontent.com/a-/ALV-UjVJWmu7rE3H62xQRtp4xOPig4EzaxonyQgCF1-liJZsf71uPqzD,bagus bingittes,5,0,2.711.876,2026-04-22 14:21:29,,,2.711.876
5a38a413-d32a-440d-9f49-ed97bffa382b,Razan Abir Atariyan,https://play-lh.googleusercontent.com/a/ACg8ocKj4Z4PjI9-LLuKu6Ckg6KnfphcX-U4x83KGx_y7U4lYbynQQ=mo,game yang seru,5,0,2.717.985,2026-04-22 14:21:09,,,2.717.985
c02e7262-ee33-4b19-b2ea-a3d2881080b5,Adha Maulana,https://play-lh.googleusercontent.com/a/ACg8ocLQ33dJ-i6X98tyYC-VauptARPmO7Lyp3Xl0w-_MyIc3i43=mo,👍👍,5,0,2.717.985,2026-04-22 14:21:06,,,2.717.985
8efbeef1-8b20-46ad-bbce-09e4b50d964d,Menik,https://play-lh.googleusercontent.com/a/ACg8ocKzu18MVNXEqt9WHN6vrTS29AH0c5UvYfbGwPMDCg23T1yiOA=mo,"mohon maaf pihak roblox saya ingin mengeluhkan tentang game ""lanjutkan"", menurut saya itu sangat mengganggu apalagi jika kita punya game favorit dan tidak sengaja masuk ke mini game lain, apakah tidak ada fitur untuk mencopot game ""lanjutkan"" yang tidak sengaja masuk ke dalam fitur ""lanjutkan""? terima kasih mohon di pertimbangkan, dan di usaha kan untuk di perbaiki pihak roblox🙏🙏🙏",5,0,,2026-04-22 14:20:06,,,
bdbbdf4e-b931-4572-b97f-0456fd2bcf88,Ayra Alfa,https://play-lh.googleusercontent.com/a/ACg8ocITqlMAiHN224WRFHt4QoR9QyWqstej5I0OeP1Na1QJMPA9VQ=mo,game nya seru sih tapi kalo nulis kadang kadang suka di ##### kaya gituin padahal cuman nulis normal,4,0,2.717.985,2026-04-22 14:19:45,,,2.717.985
ee174906-4a14-4cf1-b773-3bcab1a7daf3,Zaini Zaini,https://play-lh.googleusercontent.com/a/ACg8ocKT7-IUSe8XHYL_ZIZeAV-ye_Ba3Bltm04OL2GD1ZKss4jKMg=mo,bagus dan seru,5,0,2.717.985,2026-04-22 14:19:12,,,2.717.985
a7415119-4376-4dfc-8a0f-0163d8d2f349,Adreena Dwi,https://play-lh.googleusercontent.com/a/ACg8ocJbRC_F_e2BrSSuG2qSIXLEOavWzGZ760sqEQYU_SL4Xtu4oiQ=mo,aku senang sekali bisa bermain game ini karena banyak yang bisa kita mainkan makasih Roblox☺️,2,0,2.715.1115,2026-04-22 14:19:11,,,2.715.1115
b8b6a1f5-2d5b-4170-9f25-5165cbe13c5b,Dias Atta,https://play-lh.googleusercontent.com/a-/ALV-UjXG7Pp7406YRcP4S6PKXNkY53smRMF6wQl87jYAtj24sMLu_qWOXA,upgrade terus aku jadi hapus semua aplikasi,1,0,2.715.1115,2026-04-22 14:19:01,,,2.715.1115
fe9cc6fb-063f-4057-9e71-2a268f092d2f,Herminanto Design,https://play-lh.googleusercontent.com/a-/ALV-UjXDiOy7_ozS2JU9ppR__lUGBgsuqj9GG6Z6trhUAbFsoJJENbDK,game ini keren banget aku suka,5,0,2.717.985,2026-04-22 14:17:22,,,2.717.985
48df21bb-617d-4278-8300-14462febc91f,Dul Waid,https://play-lh.googleusercontent.com/a/ACg8ocKD7qTzzXOYRWHkm5U6ULVB3Tf-t2j-qEBKy-SF2HLbUCzJPQ=mo,Catik,5,0,,2026-04-22 14:17:14,,,
9c8f7772-a4be-40dc-964c-6d059d924978,Nur Solikhah,https://play-lh.googleusercontent.com/a-/ALV-UjWEWkrtGPT3JuhbHv5navggIMbPVfPaZZsEL7IY_AUtKPPt8rw-,gem rusak cok,1,0,2.675.1718,2026-04-22 14:16:32,,,2.675.1718
52025d27-ef60-4f0c-98fd-f59af0958ba9,pandy priyo tanoyo,https://play-lh.googleusercontent.com/a-/ALV-UjW9cOAAQ27VlzXZC539Zzy3zPZffGO4fcHkKFq4A0RE0MK3BlH-,sangat bagus cuman banyak Avatar yang sangat SUS,5,0,2.715.1115,2026-04-22 14:16:05,,,2.715.1115
02ceadfe-679a-44cd-8e70-c1b4f01e6eb0,Sofia Apriliani,https://play-lh.googleusercontent.com/a/ACg8ocIiPxriprLYTlGDWRzY4hdqyam2RM0gQKHyjIJMBoLmLaPB8g=mo,kenapa Roblox aku apdet terus sih jadi malas main nya 😑😑😑😑,4,0,2.715.1115,2026-04-22 14:13:34,,,2.715.1115
3c6c04b5-f927-463d-9684-2521fd92c23c,rina elfi,https://play-lh.googleusercontent.com/a/ACg8ocIbiSOFC43eBgfGgamrpJ34wJqJSGzg9hWSrhDXRlhunP593g=mo,bagi ku geme ini seru banget tapi kenapa chat di hapus ayo tolong di jawab ya David bazuki,3,0,2.717.985,2026-04-22 14:12:59,,,2.717.985
bcced83e-a53b-4a73-82c3-0c7b3456f3f6,Naufal Ryadhi,https://play-lh.googleusercontent.com/a/ACg8ocLjfDmymF1thtWYWJqqEsu0ZvZQUbqAvgl8A83vryJFg6cUVg=mo,aku suka dengan game ini karena bisa menghibur ku😁😁,5,0,2.715.1115,2026-04-22 14:12:32,,,2.715.1115
964440b7-7da7-4060-b793-07b068ff76c2,F H A Channel,https://play-lh.googleusercontent.com/a-/ALV-UjWF-1jVkR4b0WolaiUB7hVQtOxPy9gpBrC6_30e-qil6Gi_3BKi,game makin lama makin g jwlss,1,0,,2026-04-22 14:10:25,,,
6466b212-8b74-452e-8001-c70ac78a820e,Riziq 32,https://play-lh.googleusercontent.com/a-/ALV-UjVrs1t6imgfjf0IZ9noWG3yDImKgjuBIZmlqgxcGVLtxXs7d1gd,i love Roblox.,5,0,,2026-04-22 14:09:37,,,
23b95a15-ffcc-4135-aec0-9971ddbd482d,Purwati Tukiyo,https://play-lh.googleusercontent.com/a/ACg8ocJsbcjlatZQV8RnEC90_nvo8zf8nRgawd9i9EPCzEyBLlhmwg=mo,game nya bagus banget aku sampai kecanduan 🤩😊,5,0,2.716.875,2026-04-22 14:09:34,,,2.716.875
2a3cfb28-c359-4274-bf1f-f68e9e22b050,Irena Miranti,https://play-lh.googleusercontent.com/a/ACg8ocKzq4P7g2VCMIhDiupbOIPDD_-cxcYDKTxdDMnrbp-c2hNuBw=mo,bisa kembaliin cht gk gw mau cht temen gw lagi 👎🏻,3,1,2.715.1115,2026-04-22 14:08:28,,,2.715.1115
fccc6b91-005e-47ae-8beb-1540ed2d0bde,Aditya Advian,https://play-lh.googleusercontent.com/a/ACg8ocKPbwhzXvRWdSDRa0JlLRoqUDkvfldXUQcRTjbIkCyEqsrfq4o=mo,Kerennnn,5,0,,2026-04-22 14:08:09,,,
b2113d63-657b-482e-9c63-365986047579,Deki I,https://play-lh.googleusercontent.com/a/ACg8ocKBQtuT7H9HmC3khI38J51vwhpQklXKNdKiClX6He-GGrPikw=mo,de best,5,0,2.716.875,2026-04-22 14:07:42,,,2.716.875
0a82f6fe-811e-4746-9c8a-e897a6dfa664,Kaka Ramdani,https://play-lh.googleusercontent.com/a/ACg8ocIeOtQAnEIXn1NZtTNHK6sEl880-p1UvZwu8bXn_70v_Ovj0w=mo,"Roblox nya bagus tapi di fc,dihenfon mudah leg tapi bagus",5,0,,2026-04-22 14:06:52,,,
6fd37ae9-0caa-4b9e-9f67-214c6b4bab3e,Zidan Galih,https://play-lh.googleusercontent.com/a/ACg8ocJ3_BUlFxK1xwJX_mQqimnY8YEVaRieDgjoN02z4hUcEtwgUg=mo,aku suka banget game ini karena saya sering main bola dan lainnya 😄😄😄,5,0,2.716.875,2026-04-22 14:06:00,,,2.716.875
6cb4de09-1ae7-4b51-beb8-1253b142770a,Ghina Ulya,https://play-lh.googleusercontent.com/a/ACg8ocIuwGP-ljp1P0s-VNixcYi57oRP_oQG0nw9z9bilv2owkn2qw=mo,suka gag,3,0,2.715.1115,2026-04-22 14:04:24,,,2.715.1115
5510daa0-1313-466c-942c-838949b3b505,Aditya Maulana yusuf,https://play-lh.googleusercontent.com/a/ACg8ocJCQd2HdlgGb7NzxNjioBMLmWt4bKXqEvi3hUZGEeHI4pJZW74=mo,ini mau masuk mental muluu woyyy,1,0,2.717.985,2026-04-22 14:04:06,,,2.717.985
cdba88c8-b0fa-46a3-8259-77a417e5978e,Edianto Sitorus,https://play-lh.googleusercontent.com/a/ACg8ocLb71pd9Lcr1kBTlV3_vJutcxeyS_rLVLod0M8FeE4EYOhgWA=mo,seruh,5,0,2.717.985,2026-04-22 14:04:05,,,2.717.985
c81facd7-4a4f-45bc-b520-1cd9d8300bcd,Pura dalem Sareseda,https://play-lh.googleusercontent.com/a/ACg8ocL3d6n1AauPReYWqHaIirWiwfFLk-wysliX_p7Jc89l9cHD3g=mo,seru sekali,5,0,2.715.1115,2026-04-22 14:03:59,,,2.715.1115
7cf10c1e-0e14-49aa-a428-4c12f022d1c9,Vandi Gendol,https://play-lh.googleusercontent.com/a-/ALV-UjXMk4tl-xXzIbXm8iN3mQ5bACx-ajdp1Hs4sGNtW99jJgBLc_kX,geme gak bagus,1,1,,2026-04-22 14:03:18,,,
df57b21e-78bb-4718-9327-dbb8e3e4d671,Shafiyah Zian,https://play-lh.googleusercontent.com/a/ACg8ocJrP7zDXKQ-r1Nj4hfEw8KhBV8SYQLCC2MIc7EXGM97XP0SCg=mo,seru GK bikin bose,4,0,2.661.713,2026-04-22 14:02:43,,,2.661.713
17ce31cc-d43c-40e9-b4c4-e1273db94b35,Dasep Gumilar,https://play-lh.googleusercontent.com/a/ACg8ocL2OMytl9GoGlVBNSHu4wRPyyaJE_Uk2ABzsf2Q9tH8umlU3g=mo,gamenya kalo di-update suka tiba² di kembaliin udh 100 malah jadi 0 lagi pas update nya,5,0,2.715.1115,2026-04-22 14:01:13,,,2.715.1115
889a108e-5d35-4a2f-aeb1-3cbe365cb041,Tianka,https://play-lh.googleusercontent.com/a/ACg8ocI_hca5nuhgk9KgOloXW36ulAgey62E2lzSyPfBUfFlML5uwQ=mo,updateny bikin ruangan hp penuhh,2,1,2.715.1115,2026-04-22 14:00:30,,,2.715.1115
399441fe-3dcd-43ec-8a46-b65eb7319fc3,Yuliana Laian,https://play-lh.googleusercontent.com/a-/ALV-UjWzmZgH1bg0h2DgrJnL3_5mHK2YuI8oR3n2mcl1UM3KIny-Qm054A,bagus dan seru tapi sering bug terus sering error padahal internet lagi bagus dan sering error kek tiba tiba ada map masuk di favorite padahal gak pernah masuk ke map itu dan pas ku cari eh ilang ilang pokonya ngelag banget tapi seruu sihh,4,0,2.715.1115,2026-04-22 14:00:24,,,2.715.1115
0c9a6d7b-eb1c-411e-9ca1-188fa66b9777,Joice Daullu,https://play-lh.googleusercontent.com/a/ACg8ocLWm0Pyv6N0saR8sNUS3dKkLAG5A-hUrrK4bRx5jEiPvwFhCQ=mo,bagus bgt,5,0,,2026-04-22 13:58:33,,,
91e28e36-d0c5-4de7-b4d1-aa9564723783,Eka Ka,https://play-lh.googleusercontent.com/a-/ALV-UjWQa8cRbiiCO5XOGTyVeJFLS769Z8yFfvpiMOY3qCb7ln6CbBc,gamenya sering ngelag dan banyak bug,1,1,2.634.417,2026-04-22 13:57:22,,,2.634.417
ed5fe425-857d-4538-9aa3-6110c1a31e94,Pajiyo Jiyo,https://play-lh.googleusercontent.com/a-/ALV-UjVO9PN0Wp5_1_lF_n9LEsVwO1TpgyyXBFBPuR24xO4yuZbjyi54,padahal saya suka game ini knp saya pas mau login hari ini ga bisa?,5,0,2.524.408,2026-04-22 13:57:14,,,2.524.408
4630b61f-5e6d-4b6b-8835-f4ef1b843f93,Muhammad Ali,https://play-lh.googleusercontent.com/a/ACg8ocJ-kHPfv1Q5zvIDK62m4mYPCwJAAYpZq4xJeRCNzKcBQdFIVQ=mo,masih seru mending instal dari pada free fire alergi ya sentup bos,4,0,,2026-04-22 13:54:31,,,
7c08ffb9-f8b2-4654-9c0d-709e6948f8b9,arahar rahar,https://play-lh.googleusercontent.com/a/ACg8ocIlZWBrFaTRhCCf3qKcIhbZ0bG82dq82sfLCfpghjklxaEacA=mo,bagus 👍,5,0,2.717.985,2026-04-22 13:54:12,,,2.717.985
38900002-f090-46a2-94da-75b9e2d70cce,NAWRA ALMAAS TYFARA,https://play-lh.googleusercontent.com/a/ACg8ocIbk3HwYD6gcQix6vfbviTO1bfnUEkZGm0lQrVtAvPSrEnNkw=mo,gamenya sudah bagus tapi tolong ROBLOX BISA OFFLINE TAMPA INTERNET,5,0,2.717.985,2026-04-22 13:54:10,,,2.717.985
adf381e2-84b8-4db5-9f40-4ad703ba506f,Soetta Bagus,https://play-lh.googleusercontent.com/a-/ALV-UjWXwvHWYfJLCwTK1A1nEpTTZa9viIDcArmLz3ipwUP3FhqMe1yN,Seru dan masih banyak game di dalamnya saya suka memainkan game ini,5,0,2.717.985,2026-04-22 13:53:47,,,2.717.985
a3e86c41-c03d-4d7e-b998-27f0162c0856,Mario Minardi,https://play-lh.googleusercontent.com/a-/ALV-UjUBqSLtnt3rYLrehkXMbsC_pTIrmJLERrImZL7l1Tk_379DnG4,banyak lag nya,1,0,2.717.985,2026-04-22 13:53:31,,,2.717.985
9a490084-4d4e-4135-ad8e-aab93f1b04de,anjar,https://play-lh.googleusercontent.com/a-/ALV-UjWFYIjFqw20ibg4u0et9OSI4jLjXh39bkpMTze64epa1nDg8DY,game wallhopnya seru banget terus bikin aku terhibur juga banyak banget map map yang seru aku sampe gk tidur karna main map map yang seru nya poll,5,0,2.717.985,2026-04-22 13:52:23,,,2.717.985
f107ebbc-0357-4a4b-9a5a-ea149ac609c4,kristy mawardha,https://play-lh.googleusercontent.com/a/ACg8ocJl0ftWEnCrOZH4oF2CoTkM4OYu173hSjwWQvkJI1qMpz9Lkw=mo,"seru sih tapi ya gimana ya, hilangin itu nya plis apa nama nya, verifikasi itu plis ilangin ga suka",4,0,2.717.985,2026-04-22 13:51:49,,,2.717.985
df11ca15-720a-433b-81d5-5580ac994d72,Fery Helinda,https://play-lh.googleusercontent.com/a/ACg8ocK4wkOjXp9ns0dxFaDWD90nIstr9HJq8S4YTLl9TmlpG0TLDQ=mo,game ini sangat seru beragam game di dalamnya,5,0,,2026-04-22 13:49:42,,,
f1ffb4f7-65d5-4897-bd65-96362f56bc13,Konter Cigolat,https://play-lh.googleusercontent.com/a/ACg8ocJ2RQP79YnZeIkzRcExTX6ixkbJY4PGqAzZzOY9c6qamkXwbg=mo,"game nya tuh seru pake banget , cuman suka ngebug seidkit kaya suka keluarsendiri terus gak bisa main , jadi tolong kurangin bug nya ya , tapiseru kokk",5,0,,2026-04-22 13:48:07,,,
45d30f09-3672-452b-b80c-ee60e06dae62,Emon Saja,https://play-lh.googleusercontent.com/a/ACg8ocKwH8O5hsjS8F2Mfg9243HS4EevnuffvthAmfAkajdwjvBV1w=mo,gamenya bagusss banget walaupun pake internet aku suka sama Roblox ini ayo ramaikan game Roblox dadah,5,0,2.715.1115,2026-04-22 13:46:32,,,2.715.1115
978b2753-25a1-41f8-aa9d-c8887abc2679,Laila Mffa,https://play-lh.googleusercontent.com/a/ACg8ocIk4GCN9dUrIILfAfGD2jCTPC7RkkD7o5upUGKVxEx6l8BhGg=mo,seruuu banget sih kalau main Roblox tapi kesel nya suka ngeleg oke aku kadih bintang 5,5,0,2.715.1115,2026-04-22 13:46:19,,,2.715.1115
4cf45743-d834-45e3-a0f5-5ae57c122f2e,desriyanti Tandi,https://play-lh.googleusercontent.com/a-/ALV-UjVp3gTvlBgZPq3eC9nC2CYFPALqNzZfQlN3DQh7E6tzjtUNzeyK,seruuu sih tapi gk ada robux gratis aku pun juga gk tau gimana cara ambil robux di robloc,5,0,,2026-04-22 13:45:56,,,
e9c556f9-b8e4-4f26-b90f-956ba4465936,Inar Itsnain,https://play-lh.googleusercontent.com/a/ACg8ocJBAMrkHRcl9ycHeyHOSgvFQbQAZYkyuJ5DBvwV7f8B2PKCEA=mo,sy sanggat suka ribox,5,0,,2026-04-22 13:44:47,,,
fbe7569a-53b8-455b-8e55-04aeeacafd17,Septi Asih,https://play-lh.googleusercontent.com/a-/ALV-UjVGphNtIN_eAbDk0SbPMIRxktF_fkJm9N-QnfayLgw6MJ64F4GJ,again and again bugs for no reason oh yes it's also a trash game 😒🐔 and the best of exploiter game 🤓🤓and many people are dating in this haram game 🤓🐔✅I will delete this game and will not download this game again forever 🤓and again i can't get into any game other than brainrot game,1,1,2.716.875,2026-04-22 13:42:03,,,2.716.875
491be54e-29ed-452b-aa5d-187b18f20d21,Al Afsy Putra Chandra,https://play-lh.googleusercontent.com/a/ACg8ocLdX7XhhM6LMEloIRFd4y0SphSfV9bdJStynmScCFoQS54cRg=mo,roblox bagus bayak gem ya,5,0,,2026-04-22 13:41:01,,,
a43194d7-b424-4783-91c6-3625660c59a5,Soni Tanjung,https://play-lh.googleusercontent.com/a/ACg8ocILhQqNNgHiuD77CUKaqp_rklEFEhDWapi4cJmrUELZtSdxYg=mo,"bermain roblox itu sangat seru ada serius, nyantai eh minta robux 1k atau 2k dong pliss nama akun roblox aku its_lexa",5,0,2.715.1115,2026-04-22 13:40:33,,,2.715.1115
9c55ff08-41fc-4e34-b5b3-c5f0f812abb9,Adiba Almeera Kuswara,https://play-lh.googleusercontent.com/a/ACg8ocIn0BlCYw2JtkGVdg9zggLZ9eiDGzex1tVg5mbzCNL-8BeDqA=mo,seru banget aku jadi ketemu bnyk orang dan jdi sahabatttt njirrr,5,0,2.715.1115,2026-04-22 13:39:32,,,2.715.1115
174f1329-1ded-46d3-a981-ea0064a0057b,Wildann Wildann,https://play-lh.googleusercontent.com/a/ACg8ocLm0dsYYfILYUpRWODwJKvYPbBeAXzWM2FwwCMyhU9R3KQkoQ=mo,aku suka tapi kadang-kadang ada bug tapi aku kasih bitang 5 ko,5,0,2.717.985,2026-04-22 13:38:35,,,2.717.985
e2262cf5-f12b-4bdc-b550-04f959022592,kezia adilla putri putri,https://play-lh.googleusercontent.com/a/ACg8ocKtbt8D30x6PV-79gLfXSDDY6GMWTHBPDWXAwx9-RN1qfui4w=mo,bagus tapi sesat,1,0,,2026-04-22 13:36:53,,,
a5ca88c3-c6e2-41b2-8c6e-8cbddbb9ecb1,Naila Muazara ulfa,https://play-lh.googleusercontent.com/a/ACg8ocKDvO2PyWiJEOG_3d5CJtyyY3kI462aH0zPM_AgLTnC-3wW8A=mo,seru.... tapi sayangnya gak bisa chat SM Kaka online 🥺😥,5,0,2.716.875,2026-04-22 13:35:17,,,2.716.875
91c3bdaf-0805-4459-81a3-8fd40e3ee295,Terong Belanda,https://play-lh.googleusercontent.com/a/ACg8ocKrzkxbet-nCl8AwwDgHuCcOuh3Fk410KiFhgiGmEIzyYI65g=mo,gameny bagus sih tpi update nya gk jelas kayaknya roblox perlahan-lahan merusak gameny sendiri🗿tpi kgk tau ni Update apa lgi selanjutnya aneh lgi kah🗿 robux gw di korupsi harus ny sisa 4 tpi mlh 0 jir lah,2,1,2.717.985,2026-04-22 13:33:13,,,2.717.985
dc2d13be-93ee-488c-ba93-033e9bad193d,Rigen Maghfiroh,https://play-lh.googleusercontent.com/a/ACg8ocL9Ui0USFufM2QzkLw5nWAWzxScWxEEkT43gydhW2W_bCaKOw=mo,bagus,5,0,2.714.1096,2026-04-22 13:32:01,,,2.714.1096
e5b0f17e-2638-4180-81d9-4a005ab92e80,Qiqii Itoshi,https://play-lh.googleusercontent.com/a/ACg8ocIFbb1EPQqep1pHQ8aNsEuFHnoekrn2CBtBskej9Foacl-FAw=mo,ANAK ROBLOK NIEEHHH😋,5,0,,2026-04-22 13:29:31,,,
5db56c29-2389-40a0-8016-62e4eb2be010,akbar albian akbar,https://play-lh.googleusercontent.com/a-/ALV-UjW4wJStXRGGK1ZYaFzPF398Ex3q56QHVxpiCeok4yvrT7AHynEn,sangat seru,5,0,2.710.707,2026-04-22 13:29:30,,,2.710.707
13dd0d46-820f-4c99-a635-a9c569c2e87b,Lia,https://play-lh.googleusercontent.com/a/ACg8ocK9FvnAxOa-UESaGZPeOBVsnzmmmdKfwhfFO68tkm5HvgcxAA=mo,"d best pokonyaaa stay yang main ,klian hrus sownlod aws klo (now a'i down) no no no yah downlod .",3,0,2.715.1115,2026-04-22 13:29:18,,,2.715.1115
b8b158b7-2c46-4eda-bae1-9c5277a2b8ad,Arjuna Ahmad,https://play-lh.googleusercontent.com/a/ACg8ocKZT4Gdv1AcD-wihu8kIR8-txx5Vaaa72MswDDbuZf6njy_SA=mo,inilah game terbaik,5,0,2.711.876,2026-04-22 13:27:50,,,2.711.876
f2fb65df-e5b4-4001-8a0e-3c00a88d76a8,Lhyna Lin999,https://play-lh.googleusercontent.com/a/ACg8ocJ4LjE83ca8vRCFRGEuR2p0GggNKcdSWzgdUncARDiZpu17kg=mo,gem ini sangat seru,5,0,2.716.875,2026-04-22 13:26:44,,,2.716.875
f144c844-52a0-481f-8557-35dd5471076d,Arham Asmar Anas,https://play-lh.googleusercontent.com/a/ACg8ocJboBilgzsee0ZuhdTjxRpLWOtKGgY8ZAzCLZT-_zPiO3CXOw=mo,sangat great aku sangat suka ini💖💖💗💗,5,0,2.716.875,2026-04-22 13:25:33,,,2.716.875
41f4f098-a94b-4b04-b927-305d81edeb21,Anto Wijaya,https://play-lh.googleusercontent.com/a/ACg8ocKRVnaWHvDSzCr-yQ2kVHhnMKWfe_KwvOWlzdHfIo9sqY5L4w=mo,bagus banget ni game udah aje sieh pokoknya bagus lah ni game👍🏻,5,0,2.717.985,2026-04-22 13:22:20,,,2.717.985
e02cd6f1-b774-4155-94f8-8cf949364eac,Ignazio Gilbert,https://play-lh.googleusercontent.com/a-/ALV-UjVHbLxdO7pr_tqJe30Ac9h22MwSEVtC3464T70FG_xvJFSC-mYj,This game is fun,5,0,2.715.1115,2026-04-22 13:21:27,,,2.715.1115
ad317989-291b-4398-943a-dfa847d105a1,Sya Sya,https://play-lh.googleusercontent.com/a/ACg8ocIi_IGuNwVVLL0YOKUgk7C36y5sEJgEf-FRrBBO8Q38Dk0rrQ=mo,game nya bagus cuma kalo gak dimainin sekitar 2-5 harian harus update dulu trus kouta/ wifi lancar malah bug trus map donate robux asli itu banyak banget ngambil potongan robux nya soalnya udah pernah didonate 10 robux malah masuknya 5 robux tolong perbaiki lagi trus mau frefikasi muka juga benci bangat kalo pakai muka muka gitu soalnya umur udah 15 malah dikasih umur 8 tahun jijik banget sumpah!!,3,0,,2026-04-22 13:20:42,,,
1b6e675b-d6c7-406a-9536-b01de89a9974,Umriah Ria,https://play-lh.googleusercontent.com/a/ACg8ocJRJwXiSmKsZM89dcErP4FcU1QwWDWyRAJMPpFfbTeDIyTeMA=mo,seru sekali bisa mendapatkan banyak teman dan sahabat,5,0,2.715.1115,2026-04-22 13:18:51,,,2.715.1115
43a04539-93a5-41bb-9203-8134a98c6389,Davitjuniar@gmail.com Juniar,https://play-lh.googleusercontent.com/a/ACg8ocKMQexafJQKBMnw7z3_HhnR3TXA23iWRySEa5FaOA-aZpmoug=mo,seruuu,5,0,2.715.1115,2026-04-22 13:18:29,,,2.715.1115
84366df9-3f7a-456c-a2cd-47cc9a08c941,Trisna Ngodu,https://play-lh.googleusercontent.com/a/ACg8ocKS-hnF7TCT7mrilPEWeU7vTITJkG6d4aaKlEh1npSH-tdw0w=mo,banyak hilang robux tambah bikin kesal,1,0,2.715.1115,2026-04-22 13:18:29,,,2.715.1115
253f3cac-425e-4a81-870a-99fe10a3ea85,Gibran Ahmad,https://play-lh.googleusercontent.com/a-/ALV-UjWVbgXfJI0nyTAh-OapZCcmoUVYWfYawzsPw-3FO78GJm-Jht_P,bagus,5,0,2.717.985,2026-04-22 13:18:24,,,2.717.985
ed36d15e-75e6-4104-a2fa-abc7c48f1c0f,Icaa Cantikk,https://play-lh.googleusercontent.com/a-/ALV-UjWmxp1_NmaTLrLzjnhb92oLjvuHABRgViiXa_xqriNzoxDFDi0,game nya bagus dan juga ada temen mabar tapi saran ku tuh hilangin bug nya ya segitu aja terimakasih 😓🙏,3,0,2.715.1115,2026-04-22 13:18:04,,,2.715.1115
eeeb05f0-422c-4525-9406-005076338965,nayla fatia zahra,https://play-lh.googleusercontent.com/a/ACg8ocI439neeDA4lThaRY2L5kikh5MK_A0rR4_kUb2b8OdwCzMyHw=mo,seru aja yaaa apa lagi bakso malang livetopia seruuuuu bgt tapi bakal g bisa chat lagi segitu aja kali ya yaudah deh bayyy😕💗🤙👋👋👋👋👋👋👋👋👋👋👋👋👋💗💗💗💗💗💗💗love you roblox,1,0,2.717.985,2026-04-22 13:13:10,,,2.717.985
3ba90346-35d6-4778-becc-19cb12255f84,Paeso Paeso,https://play-lh.googleusercontent.com/a-/ALV-UjXL3m6NIzGK4Ji08z16UYhVVi0rQAk4ruBLaPux4ps_Rpmww_Vr,seru,5,0,,2026-04-22 13:12:48,,,
3c41dc38-0c67-4553-86dc-5928d7511257,fina safina,https://play-lh.googleusercontent.com/a-/ALV-UjUWUF-qKNmdACDQyKbxbjc2AaL4MJLRqpOjNYjJnUNVpj1YXTFT,gamenya senangkan,5,0,2.715.1115,2026-04-22 13:10:31,,,2.715.1115
4d5b2d90-81eb-4a2a-827d-bda849bf6e8b,Winnie Calestyn Beryl,https://play-lh.googleusercontent.com/a-/ALV-UjWwB3gJ-rDwKT_nYZNXw8884QuVKMeba2fsZOwYOIkooc514dY,g bisa chat,1,0,2.715.1115,2026-04-22 13:10:20,,,2.715.1115
0697eedc-e0ad-4a74-bb96-e6fdde1352e5,Tio Alvin p,https://play-lh.googleusercontent.com/a/ACg8ocIMIr0f0-7e89U08DKWXBCFsEDhqg69GLbyNfzeBcIG9w2yVQ=mo,Roblox makin gak jelas sekarang chat dibatasi,3,0,2.715.1115,2026-04-22 13:10:02,,,2.715.1115
1b0f44ac-abaf-467d-b6b0-662a78e45e10,Zafran Gendut,https://play-lh.googleusercontent.com/a-/ALV-UjW-4YY9YYRKq8eXVxMnQjql_7JtQAxiLfGqT7fqKApqg4dznQHi,woi goblox jangan lah tambahin futur goblox kids aku mau mabar sama kakak ku goblox,2,1,2.717.985,2026-04-22 13:09:59,,,2.717.985
f99922d8-b477-40cd-b4a3-bcaf20a24cab,Rafa Endun,https://play-lh.googleusercontent.com/a-/ALV-UjWQSy5gwBt0W0kjRmuqNr3IcAGsXwfC7S4BsGNsGhG8cRI8Pd2U,dulu Roblox bebas lah sekarang jadi banyak peraturan jadi nya aku pindah ke game FF🗿,1,0,2.717.985,2026-04-22 13:07:09,,,2.717.985
628ebdb7-7acf-409d-a5c6-7f5e56f6061e,Lestiani Agitsni N.H,https://play-lh.googleusercontent.com/a/ACg8ocIDz7R0opxHzJMomxK5CjLNxxeLC1DvafitMV8nZPIpCjeaig=mo,bagus menguji kecerdasan,5,0,2.715.1115,2026-04-22 13:06:37,,,2.715.1115
54b59862-277c-4442-8de8-d4a397e97c54,Devan Devan,https://play-lh.googleusercontent.com/a/ACg8ocJg0ws-X61AbPrHmNQHCFyjp4IRD1RwQHnIrCM8GqFkHXMurA=mo,gak bisa ngechat mulai rusak game nya,1,0,,2026-04-22 13:05:00,,,
e6e1c9a3-fcc0-4f55-893e-9644a7fd1df2,Deriaty Sulkan,https://play-lh.googleusercontent.com/a/ACg8ocLsT1bawgnxu1d8lgiQQtmaJhg9zOlmoRbOGBWh92OqDYo-jg=mo,game yang sangat bagus💀💀,5,0,2.715.1115,2026-04-22 13:02:41,,,2.715.1115
687201c9-094e-4be8-b283-d473d0deb0fd,Aan Karnati,https://play-lh.googleusercontent.com/a/ACg8ocIxWlIllvZT3gl5_fjV5RKH536Rr2TJQ4iruMttlMxo3Bv5Mw=mo,seru!!!!!!!!!!,5,0,2.716.875,2026-04-22 13:02:12,,,2.716.875
060ccdf6-de63-455e-b0e7-7658bede4886,El Zalalludin,https://play-lh.googleusercontent.com/a/ACg8ocL9dX3Ir80jUHtssqrmuI1DA8PThwkxDNFzBP7zxHkL9aMeSw=mo,balikan. fitur cet woi 😭😭😭,2,0,2.717.985,2026-04-22 13:01:57,,,2.717.985
7518d9ac-3a3f-47ca-bc8d-bf6d2566608c,Violeta Anggun,https://play-lh.googleusercontent.com/a/ACg8ocKiXvLhDIt2dembTa-q0k-J-NR2gO7D_hyN67RFYu_NPy2PPQ=mo,ini sangat seru,5,0,2.716.875,2026-04-22 13:01:40,,,2.716.875
44e9bd27-45aa-4dbd-8751-7ef599f0a9f1,Abb,https://play-lh.googleusercontent.com/a/ACg8ocJ0PN2gpeys2SHROKv46f5u4oUYIzJ7tdu2p0kPQOyUqxNRsw=mo,"GILAAA,KERENN BANGET 😘💕🧜👅 lop roblox😟❤️❤️❤️,gatau sehampa apa hidup q tnpa roblox ini😔💕 SEMOGA PANJANG UMUR SEHAT SELALU YA BUAT PENCIPTA ROBLOX 😘😘❤️❤️❤️ ""ROBLOX JANGAN PERNAH PERGI"" 😘",5,0,,2026-04-22 13:01:39,,,
ea2cd9e7-b1b9-42b9-9d6b-4fe9ec0434e2,Fadil Renaldy,https://play-lh.googleusercontent.com/a/ACg8ocLZCThRf3Le1XFo4-WOwYs_XUWtI9s6SQ24Q-ZUNfzNT-pf=mo,end era of roblox karna aturan ga jelas mu itu,1,0,2.717.985,2026-04-22 13:01:13,,,2.717.985
9f4b8685-6bb2-4795-9b42-c870ea40b8ce,Fiona Amanda,https://play-lh.googleusercontent.com/a/ACg8ocLyGYrUzacGRz53z5DVxSkgHH83vyg9j2bwHPMIJDMtzqaLZQ=mo,bagus tapi minusnya saat saya bermain disuatu mep tiba2 gelek2 sendiri,1,0,2.715.1115,2026-04-22 12:59:32,,,2.715.1115
48f95906-d37b-451e-bb1e-9c87f0a6b2b4,yudha Melawijaya,https://play-lh.googleusercontent.com/a-/ALV-UjUlp3meQ0VQmVdStweEDT2cFzPuUEo8xSFz-bdyTRh9SeaL_0E,bagussssss,5,0,2.711.876,2026-04-22 12:59:14,,,2.711.876
72c51cd2-17e4-40d8-a488-e3ec039612f6,Gareng Yunior,https://play-lh.googleusercontent.com/a/ACg8ocJq_F8lFwDr_-KJs5vJamsynMfvzLgsmSsJH0cwM9bswtk31A=mo,seru cok,5,0,2.716.875,2026-04-22 12:56:35,,,2.716.875
038f625c-5351-4733-bf5c-463aa3aa632b,Sri Sumarni,https://play-lh.googleusercontent.com/a/ACg8ocK1OZzSO77x69IhDHzS9BD0EOh6rhmZRIuyrMTfzQhON6BQcg=mo,mantap,1,0,2.717.985,2026-04-22 12:56:11,,,2.717.985
bf1d2572-a09f-4dfe-a11b-796985a86042,Aldi Yansyah,https://play-lh.googleusercontent.com/a-/ALV-UjWGVTnX7_g0PaLbdAolkMYI0mBbSqjMkqceZoWhPVPEn_j_eXM,apk apaan nih akun gw ilang terus,1,0,2.715.1115,2026-04-22 12:55:24,,,2.715.1115
e0169e95-e8b5-4e16-b099-a38080e242b2,Agus,https://play-lh.googleusercontent.com/a/ACg8ocL5z3OtFE042SUwJh03YPzFX-bDH4fyKzMMPjT2Jr-iVSBPLg=mo,banyak atur yg gak jelaas bgt sekarang roblox sekarang gk seru lagi aku mau roblox yg dulu.,1,0,2.715.1115,2026-04-22 12:54:50,,,2.715.1115
0dc4dbfa-c4fb-49cb-9235-87743698c04f,Ribut budi,https://play-lh.googleusercontent.com/a/ACg8ocKptM9olai7ZdTzw1wDEeiuNLhy-6jFxdF_xG84MhsPWSBsug=mo,baru main dds tiba tiba disconnect,1,0,,2026-04-22 12:53:16,,,
7282076b-61a7-458b-b116-bacfd919da73,Lina Aprianti,https://play-lh.googleusercontent.com/a/ACg8ocIdbFRISvk_ndSOYBjsiLdoexfhplCz_PvqfR6npJAu3OF-Lw=mo,i like,5,0,2.715.1115,2026-04-22 12:51:21,,,2.715.1115
9c025c94-a1d7-467c-b6c7-0f65fcd63659,Raffa Dolski,https://play-lh.googleusercontent.com/a/ACg8ocLXmeKsm0b_QtnRKZ5iXzo7IMEulD-rFTzoVazaGqyYBIy4cA=mo,BRING BACK CLASSIC FACE AND CHAT,1,0,,2026-04-22 12:50:05,,,
8b4126e1-e0a9-4da4-8b90-d6c09be8fa25,dul jhoni,https://play-lh.googleusercontent.com/a/ACg8ocIVCT48Sp1y8c1cnn2rkcC-sD4j6_o82jqwWokK7S7lqFdatA=mo,game.nya bagus tapi biaa gk kasih update yabglebih menarik supaya gk lag dan bisa gk chat nya di balikìn karena klo hilang nanti jdi gk bisa sosial trìmakasih masih bintang lima kok hehe,5,0,2.717.985,2026-04-22 12:49:52,,,2.717.985
378e6b0f-c145-43fd-9b01-260900769579,Prengki Prenkgi,https://play-lh.googleusercontent.com/a/ACg8ocJi_zzYEecmLpul_vWpUdkdO9lJ-nrsLr6yymRHAh4rvIJ3yw=mo,sangat menyenang kan,5,0,,2026-04-22 12:49:25,,,
4c171602-5d76-4d92-8340-c309c012725d,Dewi Iqlima,https://play-lh.googleusercontent.com/a/ACg8ocIPaLTKensVq2gJnVzm4rHTB0Yl1fFCSXZ6icL_Dw2x_U63GA=mo,permainan nya seru bangett,5,0,,2026-04-22 12:49:16,,,
efbbba27-f614-4fc9-b86a-22990693bc9f,Arsad Ganteng,https://play-lh.googleusercontent.com/a/ACg8ocK1RU9gyFd5PWmLcH1o39YCNyV1Z7XCChkM8XeXhsH-ZTG_-A=mo,bayangin kamu sudah kamu sudah tabung uang mu untuk beli robux baru gak lama kemudian akun kamu diambil pasti kalian panik kan pasti cari tutorial Apalagi yang masih noob tapi sudah sultan di game dan tidak tau password panik sekali percuma yang pake data rugi parah,1,0,,2026-04-22 12:47:53,,,
e3e60214-3c75-46c4-a65c-1fd01b52ee91,Fahri,https://play-lh.googleusercontent.com/a/ACg8ocLG6AxJuNlpHoacKn59xP8c51WB4Y2i77DWPEwjXd_p2iarrw=mo,Roblox lama2 makin menjadi2 dah semua lu ubah chat di ubah roblox di pisah2 jadi beberapa kategori lah itu tu gak seru tau kita gak bisa mabar lagi sama temen2 uninstall aja deh percuma bet buang2 duit buat top up eh malah begini jadinya,1,0,,2026-04-22 12:44:08,,,
a47f3ce3-53cb-4aa7-94ee-5ad15f695800,Ida Khoirunnisak,https://play-lh.googleusercontent.com/a-/ALV-UjWMqc1mRlhW2DrNGDF86ab5FlHhmKPtOc7iACDftZVyLlnyOlIg,KEMBALIIN CHAT TTTT,1,0,,2026-04-22 12:42:26,,,
478c40a8-337a-42fc-9723-83b11d90f672,Karneti,https://play-lh.googleusercontent.com/a/ACg8ocIOFy6RViJZ9qWUg4R-N4B4viA6JiMt0kBvjwkeJiHldExngA=mo,seru,5,0,2.715.1115,2026-04-22 12:39:44,,,2.715.1115
bf4f3a07-0055-43de-9616-f8933869c06d,Karningsih,https://play-lh.googleusercontent.com/a/ACg8ocIPEFiJA1Mm9JIV_uUvNe4eNN7N6t2PqUWubfRfcTn4aHzdaw=mo,gemnya bagus jadi bisa belajar bahasa Inggris,5,0,2.717.985,2026-04-22 12:39:27,,,2.717.985
0a79a02f-6e7e-4cdb-b5ab-f15edfd7ff63,Mia Aulia,https://play-lh.googleusercontent.com/a-/ALV-UjVDEFb8Xotl8x64F_3AQqaJ86Vpp01QAyhgfxF4u40na_3RyeU,gamenya bagus tapi tolong dong plissss banget waktu aku mau bikin t_sihrt aku sendiri ternyata pakai robux sedang kan aku nggak punya Robux .!tolong ya robolox di geratisin lagi 🙏🙏🙏🙏🙏,5,0,,2026-04-22 12:37:03,,,
01ab3158-5ed2-4cf7-8e5a-1ae00797c478,Nadzir Alkamal,https://play-lh.googleusercontent.com/a/ACg8ocKPlU0R1pLyFzP4n9cLJazEbjhn-__RPAzZRpP5mJA5MYKIhw=mo,gk bisa loginnnn😭😭😭,1,0,,2026-04-22 12:36:57,,,
9d6745a6-5524-4c75-9e0b-c79e63266262,Marsy Alfa Mandey,https://play-lh.googleusercontent.com/a-/ALV-UjVIZzUlRjxa2-zvC7ZLHYULEplA8bpJoBcdt1xdzNReSLBm9lU,aku setiap main banyak bug SMA orang suka jahilin saya,5,0,2.715.1115,2026-04-22 12:36:34,,,2.715.1115
5f5986d8-2e6d-435f-9f7e-0c36db0877f0,Ilmiah Nurleta,https://play-lh.googleusercontent.com/a/ACg8ocJNFREwk6qkvQ5Q0hoHqGFgp5HyDt0HycSlpxb0vJ8kB-t5Ww=mo,tolong band game fish it karna gara gara fish it itu aku jadi gak boleh main Roblox dan tolong game game lain juga di update ya dan lumayan sih,3,0,,2026-04-22 12:36:31,,,
1c02a59e-19f5-4545-ad55-a14bd3d817b8,Satya Male,https://play-lh.googleusercontent.com/a/ACg8ocIJWJL_jJBo0tBQxQEqv7WagiGG-_a_snI66Thr7_76b3exNw=mo,banyak map nya terus bisa main apa saja,5,0,2.715.1115,2026-04-22 12:35:50,,,2.715.1115
12d88916-9b9d-4fc2-95e5-92888e08c86c,adalahpokoknya,https://play-lh.googleusercontent.com/a/ACg8ocILW3GG8yMtcOU4zrAmkMPMF7QReaJpsA-xNWc09N2oaaQ0kg=mo,enak seru banyak teman,5,0,2.715.1115,2026-04-22 12:35:32,,,2.715.1115
deef1667-4733-497f-a23e-d7ecf238c15f,Zazkia Aulia,https://play-lh.googleusercontent.com/a/ACg8ocI0HLsQQIi6Vgo5riMADGuBF-gaPkPHoUNOksSF_EA_LoQfkw=mo,kenapa gak bisa bikin rumah,1,0,2.717.985,2026-04-22 12:35:04,,,2.717.985
44f2f77c-f2a6-4ce8-8abb-ef808e6a53ac,Izarkibung,https://play-lh.googleusercontent.com/a/ACg8ocKK3TnlFELXPTPKRC-03MvNjTTcrQ9Lrg3i4C5UxbIMI2UHZw=mo,ada masalah di pemulihan akun kode tidak masik email ku,1,0,2.717.985,2026-04-22 12:34:31,,,2.717.985
e9febb7c-964c-4b3a-91e4-2d904d985d3c,Arkana Virendra,https://play-lh.googleusercontent.com/a/ACg8ocIPuRdq9rGohhoGLM51MXFB0OV8pjvB94pWN0WISTbS8VbicQ=mo,susah ngeleg gak bisa main solo,1,0,2.717.985,2026-04-22 12:31:30,,,2.717.985
d6ee6027-2c14-4d7f-8d19-19fa977b541f,aden saja,https://play-lh.googleusercontent.com/a-/ALV-UjXTsb7T4NJuX9fNB80UG2QMq7k_MS6UDFnz9O-9mApdqhvwGnrd4w,aku paling suka banget main roblox setiap hari lagi lalu aku bisa dapet 10robux dari kakak aku cowok itu aku suka map diroblox tower slap dan brookhaven dan juga livetopia karna itu aku sering main setiap aku juga karakter ku juga bagus masa gk ada yang intal,5,0,2.717.985,2026-04-22 12:31:24,,,2.717.985
392b0a0a-3210-4358-a5a0-d5d28514abc4,Azkaa,https://play-lh.googleusercontent.com/a/ACg8ocLIi6TpOodfsp9730weqxHrGKqQaPo5ObKnIoyeAdvmPhfAPQ=mo,gem ini baguuuuuuuuus banget sumpah aku suka ini,5,0,2.715.1115,2026-04-22 12:30:30,,,2.715.1115
51278959-225c-46a7-a4d7-2c05a184835e,Missgombal98,https://play-lh.googleusercontent.com/a-/ALV-UjWvIiQ0AqyympsZrqdKIVU36wbZg4_ozcTRk3cjF8Gl9qd0Jbs,"game'y udah keren banget, banyak banget game di dalam'y , tanpa iklan,, tapi satu yg paling bikin kesel, yaitu ada bug'y,, sering banget malah, sering klo ganti game lain susah masuk'y loading trus padahal jaringan bagus, tolong lah di perbaiki",4,0,2.717.985,2026-04-22 12:29:11,,,2.717.985
d3664294-d2a1-48e3-b1ad-1cfa34f16627,Yulita Robert12,https://play-lh.googleusercontent.com/a/ACg8ocING_UIWegWrSWEKXle3kgYEgfaouUTRYeJhLVkydzke0RCog=mo,banyak banget sekarang bug nya dan peraturan nya,1,0,,2026-04-22 12:29:00,,,
bedb9e9f-cdda-451c-a30f-ed03c6f9cef3,Adinda Putri,https://play-lh.googleusercontent.com/a/ACg8ocLu2s-O99hyRuPNz4xylt3vxjlyXyN78dpDvdr6X6ZF3ptZvw=mo,"bagus game nya,malas nya di update dan juga banyak ge bung dan update ini sama aja harus di perbaiki dan jangan terlalu sering sering update memori pun nanti penuh...",3,0,2.717.985,2026-04-22 12:26:46,,,2.717.985
047de59e-b2c1-4f31-8bf2-13f3fb581cde,Arsenio Muhammadinil fatih,https://play-lh.googleusercontent.com/a/ACg8ocJLysxrV6WeDQ4uJ2Srp0HP2OUKyuU5HZrAJlDgvMBCIOaOrA=mo,seru map cdid,4,0,2.715.1115,2026-04-22 12:25:35,,,2.715.1115
a026c8b8-d3c5-4143-9015-e230b10d7a46,Mel Lia,https://play-lh.googleusercontent.com/a/ACg8ocJIow_BN5fCwHmiaeVzoul6GEhJutucZIKL3LVLNxIlUgiAww=mo,"saya mempunyai map disini ""Gunung Tajuk Hijau """,5,0,2.717.985,2026-04-22 12:24:17,,,2.717.985
2d6f2d19-7e20-4f1f-a3c2-fcc8a74f4ddb,Denny Purnanila,https://play-lh.googleusercontent.com/a/ACg8ocJEfsnqNsyZYgZmGpbAo4PCDOGgKvrm_ceZxQOEzqKA0dlqkA=mo,bagus seru seru map nya,5,0,2.715.1115,2026-04-22 12:22:05,,,2.715.1115
0d128014-f339-41c3-92c2-d006693b4a3c,Yuri Infiinix,https://play-lh.googleusercontent.com/a-/ALV-UjWZzYnyBFjnlcliy0M8hRRCD4gj8eAmnE24H-6c7d3UC1aZjAw,game ini sangat menarik untuk di mainya dan harus ada perbatasannya seperti umur dibawah 10 tahun,5,0,2.717.985,2026-04-22 12:21:43,,,2.717.985
ff3679f7-8f13-44e7-beb2-61bd55b876d5,Aula2307,https://play-lh.googleusercontent.com/a/ACg8ocKr51ufm7-wwQs-g6QzJZBqv6DNKFjsdWbFsCcW_OqVKxZIAw=mo,bagussssss,5,0,,2026-04-22 12:21:15,,,
dc20ee20-a68b-414e-a64d-a4dd7509dab8,Dewi Asmaiyah,https://play-lh.googleusercontent.com/a-/ALV-UjV5ZMrbs7IpTnu0fvUGkImAl8fmFV40-PFbXQGHWSgIg2XX6YU2,tolong Roblox untuk game cdid kenapa enggak ada mobil nya punya saya kan pertama kali masuk cdidkan di kasi 40jt dan mobil tapi kenapa punya ku engga ada tolong perbaiki🙏🙏🙏🙏,1,0,2.717.985,2026-04-22 12:21:06,,,2.717.985
72503483-673d-4237-b818-eda1f53d0106,De Varil,https://play-lh.googleusercontent.com/a/ACg8ocITpTPWjt__ZaiCcZKME_FY_uciowxF8XFzhVQ7CWIk1pAfjA=mo,i hate update pls remove them i cant play roblox beacuse them yes not lying,1,0,2.715.1115,2026-04-22 12:20:37,,,2.715.1115
10f4c6a2-eacc-4383-8544-f5df9958ae84,kyungfaa,https://play-lh.googleusercontent.com/a/ACg8ocI241cecsWGadnhzvx8npG1YPNQnB6MP-2QEMvSYM3igf_XVg=mo,kenapa roblox di bikin jadi gk bisa chat + kenapa harus ada hacker dan gk di bann kenapa?,1,0,,2026-04-22 12:19:23,,,
4707b72c-c1da-4b4a-a11c-0264b894dd7f,Gung Wahyu,https://play-lh.googleusercontent.com/a/ACg8ocJ1yzSfS3kG0Ig4D73R1dzDC3Zfbb_1Uq5Qzy7_b4w8C_QOfg=mo,game yang sangat bagus saya mainkan terima kasih telah membuat game ini👍👍,5,0,2.716.875,2026-04-22 12:17:47,,,2.716.875
01312ad1-0c0e-4934-8c9e-d440c93e2074,Yudis Tira,https://play-lh.googleusercontent.com/a-/ALV-UjUdbkyKm87uJfwmdT8eQ58pZq1SusHbfhj33heloA0kgKB33hI,baguss,5,0,2.717.985,2026-04-22 12:16:47,,,2.717.985
7b181cb8-d236-4b20-bbaf-437b3965ae89,Aysha Aurelia,https://play-lh.googleusercontent.com/a/ACg8ocIULRW6tjNEsL-4hZ--bRPhllac38IWEiFUUNxwtGnxubcaTQ=mo,bagus,5,0,2.717.985,2026-04-22 12:16:00,,,2.717.985
6eb5563e-7e45-40a1-804b-e93f76e3b23b,putri iffa,https://play-lh.googleusercontent.com/a/ACg8ocIrWctvKne02z2ZBNrbYEHGyHKWMPu7t-3M8REehXJ2e3hq0g=mo,game nya seru tapi banyak bug nya dan suka ngeleg tapi karna game nya banyak aku jadi suka hehehe,3,0,2.715.1115,2026-04-22 12:15:46,,,2.715.1115
5724b213-ed4b-4994-8317-c653cd6b7828,Rizki Firman sah,https://play-lh.googleusercontent.com/a/ACg8ocJaogt2tOPwKFuXa073APBsnywNKAmfhRntzbJprzqwXdMPSA=mo,permainan nya bagus nyaman buat di mainin,5,0,,2026-04-22 12:15:36,,,
d2209391-85f8-49a7-9a7b-27f9af788642,disdukcapil banjar,https://play-lh.googleusercontent.com/a/ACg8ocLsGi-gt36tkjM7cJM86rB6wv8U_w7vmb8k_PlpMHrnOj7zcA=mo,𝗴𝗮𝗺𝗲 𝗻𝘆𝗮 𝗯𝗮𝗻𝘆𝗮𝗸 𝗽𝗶𝗹𝗶𝗵𝗮𝗻 𝗱𝗮𝗮𝗿𝗶 𝗽𝗮𝗱𝗮 𝘀𝗮𝗸𝘂𝗿𝗮,5,0,,2026-04-22 12:14:00,,,
661d0c0d-3bb4-43c5-8860-cbf0249c2604,Yuli Sari,https://play-lh.googleusercontent.com/a/ACg8ocKpjl5aNHLVabJBZxvS_edmQ02sXsqQUHbThtWOjri2zEM_Pg=mo,lebih suka kalo robux nya gratis,5,0,2.717.985,2026-04-22 12:13:56,,,2.717.985
61b58483-e842-4800-b757-81fd8c26da03,Laksa Dewageofani,https://play-lh.googleusercontent.com/a/ACg8ocKzlqvU8rDkXSNotqPZxZcmrbMhFS6FD4mn9cmVQxgObcmwAA=mo,kenapa sii map salonn horeg nya di gantiii,1,0,,2026-04-22 12:12:52,,,
404e6ce8-5848-4c76-80bd-1113859ca689,febrian kusuma,https://play-lh.googleusercontent.com/a-/ALV-UjUIILNqljKP0WpZsb-iyiFBNZa5kG3zwc3POVkJWWOklhw80mA,permainannya bagus,5,0,2.715.1115,2026-04-22 12:12:04,,,2.715.1115
9bc46651-a1d1-4bf2-a202-9ad1895ed39b,Faisal Faisal,https://play-lh.googleusercontent.com/a/ACg8ocKnxbFKNWF00aYg7pijQXEnYynS5OQF3qv2kF-pRo1ABROGQQ=mo,permainanya yang membuat soun sangat sulit,3,0,2.717.985,2026-04-22 12:11:48,,,2.717.985
ab5193f4-002b-4661-86c4-9b1a2a78e320,Saniamulya Nasira,https://play-lh.googleusercontent.com/a/ACg8ocKM2yTmXwHDXdHD4vCvsSmI0aC22StzzjZzhJeXKJGtg7HbKQ=mo,saya sering mendapat kan pembaruan Roblox saya sudah pembaruan Roblox saya tapi malah lebih sering lagi tolong untuk jangan pembarui Roblox terlalu cepat mahon bantuan ya 🙏🙏🙏🙏🙏🙏🙏🏻😓😓😓,2,0,2.715.1115,2026-04-22 12:11:35,,,2.715.1115
cbc98338-e6fb-4342-a15d-6a0426fcb0dc,Jenni Komala,https://play-lh.googleusercontent.com/a-/ALV-UjUv2YOU1J6DSKbwp5mS_K-ZWVQrFy_ifWqPFJAriWBYa2AI8oo,seru sekali memainkannya tetapi kadang kadang bosan,5,0,2.715.1115,2026-04-22 12:11:11,,,2.715.1115
48897f57-4ff7-41f4-a319-ef358fef4a40,Callistagr11 Gabriella,https://play-lh.googleusercontent.com/a/ACg8ocL2FwaeG6Z8Tx5QSTCoiCmglvSbRaj0cc0AEDvOINy5eXzh4g=mo,seru ga ada iklan bisa mabar seru banget,5,0,2.715.1115,2026-04-22 12:08:14,,,2.715.1115
0a05c8fa-ac41-4a57-b762-affd1af3b202,Ahmad HaidarAli,https://play-lh.googleusercontent.com/a-/ALV-UjVWk-tx-gwn8ehg5st_HuMuTRWxB30DSR8Yi4ZxkPgJJSGYZe4,gamenya bagus cuman servernya kurang bagus dan juga masih ada banyak bug dan cieter tolongkalo ada yg pake cheat langsung di ban,4,0,2.716.875,2026-04-22 12:07:32,,,2.716.875
bc6c7847-1ac0-432e-a24c-c5e770703f83,Rizqy Ardiansyah,https://play-lh.googleusercontent.com/a/ACg8ocIOx_O1znFd8eTyZrbzRDWPlrSj2Z9dNYtokSlE4MF3m5m-nA=mo,sebenarnya seru tetapi masih banyak yang su#,4,0,,2026-04-22 12:03:34,,,
77205574-413c-4eca-a63c-9e179407f835,azeeya humaira,https://play-lh.googleusercontent.com/a-/ALV-UjUbavxQH9DMKQkLkRoa4jRHt6mODbvNqdc4YifiMSMyCmToqjjP,"aplikasi favorit sayaa tapi tolong jangan update yang merugikan para player, terutama seperti menghapus beberapa item yang sudah dibeli para player dan hanya mengembalikan beberapa robux saja dari harga yang dibeli sebelumnya.",5,0,2.717.985,2026-04-22 12:03:23,,,2.717.985
f3f486c5-22ff-4514-9be2-c4b3b97d1791,Res Wantini,https://play-lh.googleusercontent.com/a/ACg8ocKQ1vmqXQZFPqko1YDK5ngzMeEODim00rCuGnyCsHBDRV0RRQ=mo,"giliran pemain nya udah banyak, malah dibikin peraturan gajelas",1,0,2.717.985,2026-04-22 12:00:51,,,2.717.985
9d311729-4b1d-4022-adf2-ffab61940242,Afiqa Rahma,https://play-lh.googleusercontent.com/a/ACg8ocKDXsRcjh2TJoFZal-dl8fru0f0tZAMOfmgkr_DlJlbN0cpNg=mo,roblox tolong ya robux nya jangan pale uang segala bisa di marahin orang tua,4,0,2.717.985,2026-04-22 12:00:29,,,2.717.985
6bc44f71-bb51-4b04-8af5-1bf94ebdde5f,Rita Momsardia,https://play-lh.googleusercontent.com/a/ACg8ocL0VAPFyQZP5oMWGew6wfkLoGOrFE4Xzh938t4GanAx2N-MGQ=mo,game nya seruuu banget ada smua game Terimakasih telah membuatkan game ini terimakasih😍😍,5,0,2.716.875,2026-04-22 11:59:20,,,2.716.875
6f0ba15a-c0aa-454a-8264-b4485af7ee32,Kenzie aldrick Sayidina,https://play-lh.googleusercontent.com/a/ACg8ocLznSahASu4HgWkmSbKCSR5K_gEA-NPrNaNxix3jSx9BAhESQ=mo,ini game nya sudah bagus tapi ga bisa ngechat sama player lain juga umur di batasin,2,0,2.624.525,2026-04-22 11:58:25,,,2.624.525
504ee125-8cb0-4fdd-9355-1ec071be2880,gani nikmah az-zakiyya,https://play-lh.googleusercontent.com/a/ACg8ocIIyI59KpXTbTBjQbJekgmSjNDdm18Fbi4fhG-JiOwkexdJzw=mo,"bagus,cuman kadang kalo didalam game ad tombol di sebelah kanan pas posisi hp dimiringkan,dan tombol itu klo engga sengaja kepencet bakalan keluar sendiri ditmbah ad tulisan kaya biar grafiknya atau ap nya lebih bgus pdhl engga ngaruh sama sekali",4,0,2.715.1115,2026-04-22 11:57:21,,,2.715.1115
d9138f6f-c78f-49f6-858d-a1638a83e61f,Adzkia Maheswari Sadikin,https://play-lh.googleusercontent.com/a/ACg8ocLcCS7agRArLZXXdk8fEZ-XKn2lhmeFoEwZpuXlAMJiadZlng=mo,aku suka roblox tapi aku ada game di batasi karna aku main di tab yang harga nya 70.0099 rb masa nama tab nya smartkids buat anak anak aku umur mau 8 masa akun ku di batasi kagak jelas banget tab nya aku ga mau mainin roblox gaca life and club aja bagus ga di Bisik pula aku suka banget lucu cute and i love gacha life and club,3,0,2.717.985,2026-04-22 11:56:41,,,2.717.985
037a5e15-df26-4ac6-a6d6-a1581ea8e24d,Syahril Bogo,https://play-lh.googleusercontent.com/a/ACg8ocJlK6pLAh8N6R2XqDwYIPiwnurLKrYVfflQoshKHP3m2AIBiQ=mo,"Tolong keamanan akun harus diperkuatkan agar orang lain tidak bisa masuk keakun sendiri, walaupun sudah diamankan tetap saja😔",3,0,2.716.875,2026-04-22 11:56:09,,,2.716.875
ad73d8b2-6776-4dcf-a419-096eaa74b570,Aljidan Haras,https://play-lh.googleusercontent.com/a/ACg8ocJj3vgDbfBWWONSITbdzfL2I6GEy_wsu0mm2CJw_SwGCWeVWQ=mo,game yg sangat super super bagus gamenya banya pokoknya game favorit,5,0,2.713.912,2026-04-22 11:55:59,,,2.713.912
5f25c1df-353a-484b-8b33-547f97332182,Muhammad Muhammad,https://play-lh.googleusercontent.com/a/ACg8ocK8VRetOGoMK3AoJEko5symTp42pHp-cKhV6dk5mIX2rN7WgQ=mo,nyuruh update mulu gasuka jir 😹mana harus Robux semua lagi,4,0,2.717.985,2026-04-22 11:54:58,,,2.717.985
af0927ec-c835-4dec-8551-0da73a00c241,Dwi Daryatnograb,https://play-lh.googleusercontent.com/a-/ALV-UjWkeZXyH8K__QOFLMNXiwkmcp4_82mUEJCLe2t7VxJXvjF3NSc,seruuu,5,0,2.715.1115,2026-04-22 11:51:17,,,2.715.1115
2f150493-5960-4fd3-b32c-d4fcf96dc83c,Ekha djafar,https://play-lh.googleusercontent.com/a/ACg8ocI6gIysJk1Z-oQ-GUrUpPwXnU_ZyAJUvFDrRcYXZuW-flvauQ=mo,good man,5,0,2.716.875,2026-04-22 11:50:47,,,2.716.875
69c2801b-66fc-4a95-8ded-e4aeb0896e9f,Rafaedgar,https://play-lh.googleusercontent.com/a/ACg8ocLgZnjGgRlq_m-fv4DJRXJchKn4cYqUuhF0EHVK30P2A_rMtA=mo,kembalikan map kejelasan lebih dari resonansi yang dulu semua sound yang dibangun hilang kembalikan banyak anak sound yang kecewa setelah update semua sound ontran ontran ku hilang dan semua anak sound system yang main pada pensi gara gara sound nya hilang semua balikkan map kejelasan lebih dari resonansi yang dulu karena sound nya bagus bagus dan bisa di buat ontran ontran kembalikan map kejelasan lebih dari resonansi yang dulu kembalikan map kejelasan lebih dari resonansi yang dulu kembalikan,2,0,,2026-04-22 11:50:08,,,
ffd6b742-db55-463c-acc5-10a2fd638233,Aila Farisha,https://play-lh.googleusercontent.com/a-/ALV-UjXzBSWH6EK67SbV0lZKxvU3t8Fx4K3mZMK_gzl26sofMJSArs0,aku suka banget main roblox pokoknya seru deh,5,0,2.715.1115,2026-04-22 11:49:05,,,2.715.1115
14c45703-ed9e-4d1d-b63e-3db00f176c08,Galang Setiadi,https://play-lh.googleusercontent.com/a/ACg8ocKlxGL6LIdNagwh3XW5A9u18vUvU1LiRtRM1tQfkxVtEVAUTg=mo,lumayan,4,0,2.716.875,2026-04-22 11:48:18,,,2.716.875
ba061d0d-a39f-494e-b861-2ac41ce4986f,Rudy Rina,https://play-lh.googleusercontent.com/a/ACg8ocIhK0-1VwdaDkDTUxnn2mYYY1UnQmvOR8VFuwB0aM3Gkz1cOQ=mo,keren tapi sering banget tiba2 ada tulisan koleksi eror,4,0,2.717.985,2026-04-22 11:44:04,,,2.717.985
3db132ae-b244-44c1-a53f-f7464c6ece6e,Baihaki Ibay,https://play-lh.googleusercontent.com/a/ACg8ocKHryJSSGpGuUWEYWOGwWYcQ_EgCAN2xYxVZyTYzoCMmh-gbA=mo,ska nge lag😒,1,0,2.717.985,2026-04-22 11:39:06,,,2.717.985
f155627b-db7a-4662-b450-af03ef7f9e79,m2mu,https://play-lh.googleusercontent.com/a-/ALV-UjX7IwachImwK7NeV6UhnsxTi0URZUrsuiXnD8P7aiA0wiyi1gq7,ngeleg gak cocok untuk hp penyimpanan 62 GB apalahh padahal aku Udah turunin grafik nyaa rapi tetapi juga legg💯💯,2,0,2.714.1096,2026-04-22 11:38:24,,,2.714.1096
16ec946f-1536-42c3-adca-67a018a9cb38,Afifah nahda rafanda,https://play-lh.googleusercontent.com/a/ACg8ocI64V3D1Tr-Yo872X5YoiqbK93CLZxD0c_6Of5zNDuBibghXQ=mo,bagus tpi aplikasi ini harus berbayar 😭,5,0,2.715.1115,2026-04-22 11:37:03,,,2.715.1115
a1a862ed-b283-4005-8418-93686d239eaf,bilqis azzahra,https://play-lh.googleusercontent.com/a/ACg8ocLQTEr7U1ZmThDnYFMInwWsWrbsI70CYghZ82cgHbiUGTvMQA=mo,Sumpil ini seru nya gk main main seru abizzz,5,0,,2026-04-22 11:35:27,,,
745bd88a-26f9-4dde-b95e-3b63e587b4d5,Siti Salamah,https://play-lh.googleusercontent.com/a/ACg8ocKkc8z4beNtPRgodfNlTQs1MbJmcfiAxKF1d7z9anuf_IItxQ=mo,"bug nya diperbaiki lagi, dan saran aku banned cheater/script yg merugikan pemain lain dngn cara curang,, dan roblox jangan sering² update,, kebanyakan org memori hpnya bisa penuh gara² roblox sering update jdi harus unistall lgi kl mau main,, kan jdi ribet, oh ya roblox harus sering² ngecek kondisi game nya, mapnya, kadang bnyk map yg tidak pantas untuk dimainkan, seperti map beribadah malah dijadikan tempat untuk melakukan hal yg tdk senonoh",3,0,2.715.1115,2026-04-22 11:33:45,,,2.715.1115
97a9352f-2516-4a78-96f2-08c1dce8d005,Ani Lestari,https://play-lh.googleusercontent.com/a-/ALV-UjXyo6GgXbpeCk-Uv0MwIhs1Y6cjEiwIf8EzR9O0Q4scRC_O4vo8,game nya sih bagus tapi kalo update gak bisa bisa ini buat developer nya ya tolong di perbaiki soalnya aku udah lama main Roblox jadi tolong banget ya:),5,0,2.717.985,2026-04-22 11:32:18,,,2.717.985
b1a51ff2-7e01-40f2-b6c8-38a2615e31be,DeatifaNaura Febzianti,https://play-lh.googleusercontent.com/a/ACg8ocKgNEB9e0VM48W-yNXL1KPmGxLbzshExT1QQN0-XWuvuWc9wg=mo,seru,5,0,,2026-04-22 11:31:38,,,
d07bb4fa-39bd-4821-94b3-1870e1c4895a,M ikhsan,https://play-lh.googleusercontent.com/a/ACg8ocIYp144Ib-EU6Fz28K57-kSnzAOk36pzNvsJ6sN1xC3pop-nw=mo,"baguss banget. tapi ... ada yg kurang itu item,ava nya itu sedikit yg free update nya juga sedikit. tapi ..... aku suka kok game nya. I ♥️U Roblox",5,0,2.717.985,2026-04-22 11:28:33,,,2.717.985
e2ae3e64-c691-4a63-b69b-b77eccab5118,halo guys,https://play-lh.googleusercontent.com/a/ACg8ocIaVv1q3t-5aI7pFDilpza1QfWtOK6p7w1EDtdrpsR4ORqu9w=mo,game ny seru tapi ada yg membingungkan,4,0,,2026-04-22 11:27:56,,,
89a34581-c7b8-4bcb-9b5d-2899f01d35a3,AXEGOD AXE,https://play-lh.googleusercontent.com/a/ACg8ocLXDFZYPHdFQs0gplzcaoiJAA9wviVnexyC3F5-2HobNxXGLQ=mo,sangat seru bermain di roblox,5,0,2.717.985,2026-04-22 11:27:39,,,2.717.985
d6bc81b3-a894-45bd-ad46-5f71074788b3,Rachel M ridwan,https://play-lh.googleusercontent.com/a-/ALV-UjUVyM3BL-NKQyNk2Oy2PNIGSyKpf6jBSA7DF7MP1iMgM5ZsQRU,bagus tapi ada yg memakai delta executor itu licik,5,0,2.717.985,2026-04-22 11:27:01,,,2.717.985
47f9ae2b-a60f-431b-bf71-fad6aec74205,Reihan dwiananda Prasetya,https://play-lh.googleusercontent.com/a-/ALV-UjXvAkt1xVfiJ9qlRNePM-Md2LW-ZWj9sEfCpsx2az9C9XCNCp5T,sampah,1,0,2.717.985,2026-04-22 11:24:25,,,2.717.985
26177208-bd1b-4fbc-a69e-d6adf6f962b8,Ahmad Jaelani,https://play-lh.googleusercontent.com/a-/ALV-UjWMTFpCLsULYxWadaPkfwgikjjMZ-k7ecSlIWavvugKc81w64s,seru,4,0,2.716.875,2026-04-22 11:20:28,,,2.716.875
893031d5-25e9-43ab-93f4-ab0e6ee06ad7,Fatur Rohman,https://play-lh.googleusercontent.com/a-/ALV-UjXhyNPPnoHEs0LslUprDq6CQllu737D9ohR5JStVB99iRLoXsu4,banyak aturan yang bikin nggak jelas terutama fitur untuk bisa chat soalnya fitur ini biasanya menggunakan berbalas dengan teman-teman digital kalau tidak bertemu di dunia nyata tapi nggak ada masalah tuh lagipula aku juga jarang keluar dari rumah,1,0,2.715.1115,2026-04-22 11:19:03,,,2.715.1115
5d769a31-09a3-454f-ab23-02d91e496b4c,Raisa Nuradiba,https://play-lh.googleusercontent.com/a-/ALV-UjWqDeTkWvlEahmcjmRwVpXjYYr8I_t3ZNtaIvnRiUT8wxZ79Mi4,bagussssss banget aku jadi ga kesepian,5,0,2.714.1091,2026-04-22 11:18:04,,,2.714.1091
e94d5335-fa21-4610-ac1c-971b4fc683d8,Hana Khumairoh,https://play-lh.googleusercontent.com/a/ACg8ocLXY8e3fkCgPcouyyEFAA_fzeujgDnnsW9bEY5wuKg3qOhkxw=mo,this game is very exciting 😁😊,5,0,2.717.985,2026-04-22 11:14:51,,,2.717.985
ca3ce8f1-c2db-43fe-8616-97bbeac1420d,Rizly arsakha,https://play-lh.googleusercontent.com/a/ACg8ocIhbD9FhWOiZd3MeFg0yl-bUw1fzDcmpt_-OukyHRQiaqcEsg=mo,sori itu tadi yang ngerate adek gw,5,0,,2026-04-22 11:12:29,,,
cdcf3650-4cbc-4c87-aeb9-a0e5113a0068,ONION,https://play-lh.googleusercontent.com/a-/ALV-UjXHfUzCJvUCzNJ2dqD2aZydqo0erkxv6y8vqrPI1Vd7jHK8-fb5,Nice,1,0,2.717.985,2026-04-22 11:09:44,,,2.717.985
4e5dd999-9c00-4cee-bce5-3e46e3272b87,zara putri,https://play-lh.googleusercontent.com/a-/ALV-UjVXH3pPpKAQ5tun4hNuEdMl3jekG6sz6Y395jhSs4AwjYS-2Ao,baju yg udah di beli pake robux ilang,1,0,2.714.1091,2026-04-22 11:07:45,,,2.714.1091
8be0e8a3-ca48-4029-a864-79817ba31a68,Arya Satyaramasta,https://play-lh.googleusercontent.com/a/ACg8ocKb6FHDtd6xWEv1W7Mdf6LT6R6IjG1s8jyTenasXz0ayl-N_Q=mo,seru banget,5,0,2.717.985,2026-04-22 11:06:15,,,2.717.985
49c442ea-460d-413e-9186-dc64f922bf88,Ali Burhan,https://play-lh.googleusercontent.com/a/ACg8ocLEp7WA4rN0Zn-Bes56BYEiuEMFvu3RMSJhofI19Pqbk_tIMA=mo,woi gua tiba tiba keluar dari akun udah masukin password pun gabisa 😡,1,0,,2026-04-22 11:06:07,,,
c020a230-adb8-43ca-8cb6-751feb273068,Hengky blackunyil,https://play-lh.googleusercontent.com/a-/ALV-UjUpNvlRhabewGeqssasUCpAs1GIA_GYGHPJnQ5RcSQKg3XyR9U,"bagus sih tapi banyak aturannya, tapi ad aturan yang gw setujuin aja walaupun ad aturan yang mungkin merugikan?",3,0,2.715.1115,2026-04-22 11:05:43,,,2.715.1115
b0b6eb89-78d4-412a-9900-318ee6db723f,Habibur Rahman,https://play-lh.googleusercontent.com/a/ACg8ocIND5ET7ctQ6T7ZWa_QYS1hxLJAaJ8m4CfXS_OgOIHJolgDqQ=mo,tolong ban orang yang bernama chiendo dia mutar mutar gak jelas sampai aku terpental keluar map saya laporin tapi kenapa malah saya yang diban tolong diban ya nama akun ku augustbeny24 tolong kembalikannnnn,1,0,2.647.716,2026-04-22 11:04:11,,,2.647.716
22374a04-8be3-440b-8c40-5e62d47393a3,putri lentyana,https://play-lh.googleusercontent.com/a/ACg8ocLWqYNmdPIknCxveJB8nJR3FJQR1LEiT1BubIi4VtOP4caxfw=mo,seruu buat main dll,5,0,,2026-04-22 11:04:06,,,
aac82304-6389-4be1-b819-a05cc1e78edc,Khaira Yasfi marhamah,https://play-lh.googleusercontent.com/a/ACg8ocLhy_gArKZahu-IWS3OxKA1BITyud7MBCnPoZx2QcRjEqwyqQ=mo,"KANGEN ROBLOX YANG DLUU!!, roblox sekarang ngelag bgttt, kalo gak bisa chat ok laa ya... TAPII kenapa lagg banget yaallahhhh, padahal dlu roblox tu bisa chat sama gak pernah lagggggggg tapi kenapa sekarang lag sihhhhh!! huhh gtw ah malesssss😤😤🙄🙄",3,0,2.705.924,2026-04-22 11:03:51,,,2.705.924
5f1014ae-d6e3-4c34-87f4-eda04e18fc28,Rwh Gvj,https://play-lh.googleusercontent.com/a/ACg8ocLJ14s0ThyFVerBSxCwRCFV_jwQPG3ySBsSX_B22eV_mWyd=mo,game ini sering nglag dan lagi lagi aku dincornneck,3,0,2.717.985,2026-04-22 10:59:46,,,2.717.985
d30eca87-3e86-4e3c-8916-1821bce54fe4,RARA Azara,https://play-lh.googleusercontent.com/a-/ALV-UjU6hF4vd9AuENpiJ7JKhPje8cOlmRj4IfNCTDJ3De9R1ptMRyA,bagus sih tapi,5,0,2.714.1096,2026-04-22 10:56:49,,,2.714.1096
80636b96-b5d6-4d73-8a91-b4b62d34e264,syifa anggraini,https://play-lh.googleusercontent.com/a-/ALV-UjXxLeKIHupxcytxreLcPcNbkiudCklLqN29HQXP4u_mE0GpS1-b,gamenya bagus tapi kadang aku tidak bisa login 🤬,1,0,2.717.985,2026-04-22 10:54:26,,,2.717.985
59f2ad81-0275-4fb2-a284-73a0051cd2e9,Aaliyah Syafira,https://play-lh.googleusercontent.com/a/ACg8ocJiio_8mmlwXYvGAYKKzt3--ro3xG4hRpudblRPwsrCRtQ16w=mo,Gamenya bagus tapi kalo update harus kosongkan penyimpanan jadi harus di mainkan terus.,3,0,,2026-04-22 10:54:19,,,
561c7ced-a00a-46b3-a3d4-f8318ebe2132,Akbar Mda,https://play-lh.googleusercontent.com/a/ACg8ocJL_Bwad0Up1DAE7g-vzzL-Ouc0oB1xj_P818Q588s5c0Xatw=mo,asik dan seru walau ada yang pacaran,5,0,2.715.1115,2026-04-22 10:53:20,,,2.715.1115
8940a9e0-5528-4e26-9bbd-b08d145cdba1,Lucy Andriany,https://play-lh.googleusercontent.com/a-/ALV-UjWcFSU9Nzfgoe44zccs99c_drEY-mK_RbqeyA41BGy9rGxQiHIp,😁😁,5,0,2.695.956,2026-04-22 10:47:42,,,2.695.956
2026e19c-c97c-4944-b29c-056e84f56d5c,Jallal Jallal,https://play-lh.googleusercontent.com/a/ACg8ocLBDd_O0octNE5yVdIV53FmTrgHt080GIl6GOaVd2JVBDDBDA=mo,Roblok tolong game soun horek kembalikan seperti dulu lagi tolong ya😩,1,0,2.716.875,2026-04-22 10:46:46,,,2.716.875
28213472-1f40-4262-834c-3b44cf1a21a5,Mbah Sam,https://play-lh.googleusercontent.com/a/ACg8ocI-ms6ZhE5KKX3-Zq-J9R5mzHXMDWXbaR694IFVg4XeguVEcw=mo,roblox sound kembalikan ke yang duluu sekarang game roblox sound tidak seperti duluu lagii pliss kembalikan ke yang duluu aku pengen roblox sound yang duluu yang sekarang roblox sound tidak enak di pakai kembalikan lah roblok sound yang duluu setelah roblox sound di apdate tidak enak enak yang dulu apdate ke dulu lagii pliss kembalikan ke roblox sound yang duluu penak roblox sound yang duluuu pliss apdate roblox sound ke yang duluu plisss,1,0,2.716.875,2026-04-22 10:46:24,,,2.716.875
ae3629e9-1168-4aa6-81fb-a0dca81eed93,ahmad arifin,https://play-lh.googleusercontent.com/a/ACg8ocJXnCPbgFJ5XiXHuVi4fc3uAIyrQVp5WVlB1r7Y0sqqz_UUaA=mo,"roblox sound sistem tolong kembalikan seperti dulu lagi lebih seru yang dulu pliss kembali kan yang dulu lagi, setelah di update roblox sound sistem sekarang tidak seru lebih seru yang dulu",1,0,,2026-04-22 10:45:40,,,
02d70eb9-8507-43d4-bb98-35c3b93eb77f,Karsono -,https://play-lh.googleusercontent.com/a/ACg8ocIhiwUGeCHOh0YylJDYj2BJPJ9GAc3Bhho_QhlRx7BW497MOQ=mo,game ini sangat menyenangkan,5,0,2.715.1115,2026-04-22 10:43:31,,,2.715.1115
d76dc040-c128-40a3-8e49-cbe00ea7d954,Sonia Mawartika,https://play-lh.googleusercontent.com/a/ACg8ocKqKz5UmCTaX7jg-ucn0fNIWjuKEL1IPWffvhIqqAlNcyDe6v0=mo,"maaf aku kasih bintang4,soalnya gamenya pas kita udah jauh tuh trs kita di suruh atau dipanggil ortu langsung pindah ke bawah yg tadinya udah 50% jadi 0% lagi hadeh😓",4,0,2.717.985,2026-04-22 10:42:38,,,2.717.985
b419bc2c-3525-4e28-a0be-956b064aae44,Azka Pratama,https://play-lh.googleusercontent.com/a/ACg8ocKIvRVTOHQyLDZaPyg5STsjJ-hEqAxqIneMITjNh3zPTuxTIg=mo,kata mama jangan main Roblox nanti jadi goblox izin,1,0,,2026-04-22 10:42:18,,,
bf12b0da-55ae-40ef-88b3-e8d1d75e1a7b,Jamilah,https://play-lh.googleusercontent.com/a/ACg8ocJhU5hQz6jzZk-bNhYP1CHkwmrrbEadE9q4Y1-a5fKfbmBJFA=mo,"Minta update terus nih aplikasi, ribet banget",3,0,2.715.1115,2026-04-22 10:41:26,,,2.715.1115
7844856f-422b-43c3-802f-b6fe7f1b0f68,Ai Atikah,https://play-lh.googleusercontent.com/a/ACg8ocK24hgs2lYDYvxiIXVdikVbrZ9Q6_GdcbWJ30mhzvIX88rrrQ=mo,aku suka terus sekarang udh GK banyak bug tapi tolong kurangin peraturan nya,5,0,,2026-04-22 10:41:04,,,
03b11ebb-897d-48d5-adcf-8184c5248aef,Gabriellarichael,https://play-lh.googleusercontent.com/a/ACg8ocKaupcOYrr_plIoQe5aQ5xsKkVdFekHsA0KVYz86g1GDYsSPA=mo,"Banyak bocil toxic, orang pada ngesus, upd ga berguna, Mana klasik face.",2,0,2.717.985,2026-04-22 10:38:04,,,2.717.985
969302f7-ffe9-40e1-87a0-05161710f6d3,Rehan Jz,https://play-lh.googleusercontent.com/a-/ALV-UjX-g3jkL-GeH2IGkvqvfJgIvQfTLNyuxLjuaFNU9IHQndZYLi_e,w game,5,0,2.717.985,2026-04-22 10:26:18,,,2.717.985
a6fb46eb-5f5b-4855-bd16-2481fbe12719,Gina Sanderwi,https://play-lh.googleusercontent.com/a/ACg8ocL0PourEP1z_5Fgb-QU08DMhMCeMvDuHdhvWI0Nkvl59g0kUw=mo,Chat back,1,0,,2026-04-22 10:25:16,,,
27ea9928-d2cd-4f01-826a-93f718020675,Assyfa Asd,https://play-lh.googleusercontent.com/a/ACg8ocI81swz6RZ3jaj2jrN3QDxljGjDE2nNqU5Di9oOuIJFSksSKA=mo,enak seruu banget,5,0,,2026-04-22 10:22:20,,,
bb9b64bc-8166-48bc-9e95-79d294b7b548,Edi Junaedi,https://play-lh.googleusercontent.com/a/ACg8ocKX3gB7su4X1iOUL32SYUCjgndSh5gfx7rQ9WqzD81Fm9-Upw=mo,hai guys ini game ny bagus tapi kenapa chat ny gak bisa di baca sama beda umur harus ny bisa yang sensoe cuma kata yang mencurigakan,5,0,2.715.1115,2026-04-22 10:17:50,,,2.715.1115
d9fc9d22-078e-4f81-b728-83d7275e45d9,Rosni Kani,https://play-lh.googleusercontent.com/a/ACg8ocJCxkIrLx57m2b7COp4gkhRF0Bm0ODiEx0utldWBqaw3cS6UQ=mo,plisssss Roblox jangan apdate terussss muak akuuu untuk hp kentang kayak aku gak bisa apdate terussss,2,0,2.715.1115,2026-04-22 10:16:00,,,2.715.1115
1d4dd385-ecd7-4de8-8f2b-8b8bf4ab0190,Sembarang Rang,https://play-lh.googleusercontent.com/a/ACg8ocLiGQEpFeAfpfqDIzG7jDqhbQAAivUTubLPlQXplPCfqM3NtA=mo,ini mah game favorit aku rame bgt,5,0,2.717.985,2026-04-22 10:15:56,,,2.717.985
a4da59a0-1e75-4270-b321-ad5bbad3b694,Justin Kenzo Wira,https://play-lh.googleusercontent.com/a/ACg8ocJmot7hgpUzu0eS1RteqkBJyEu7OsvPmbrj70qfSddg9UOreg=mo,"kembalikan chat roblox seperti semula pak David!!!!,nanti para bocil marah-marah gara gara fitur chat lock verifikasi usia gak jelas fiturnya, muka dynamite sangat bagus supaya avatar saya makin hidup, tapi ada yang ngebug tolong kembali semula chat roblox pak David!!!! 😡😡",2,3,2.716.875,2026-04-22 10:14:11,,,2.716.875
e7c39fe8-2ad7-4a4d-94bf-0c1473868724,Fatia Azzahra,https://play-lh.googleusercontent.com/a/ACg8ocIp6mmL9GQ4YhcTT04NrXVjRSsyXSbhbTdQw5XvZksRYlWu5g=mo,"game nya makin lama makin gak jelas. Dikit-dikit di suruh update, nge-bug, dan error. Ada waktu, di mana kita ingin masuk ke dalam sebuah map malah disuruh keluar karena ""jaringan internet error"", padahal, waktu aku buka apk lain lancar-lancar aja tuh. Awal-awal main perasaan gak gini deh. Dulu bebas, gak ada nge-bug sama sekali , plus gak banyak aturan. Tapi sekarang?, malah banyak aturan, nge-bug, dan macam lainnya lah. Untuk Roblox semoga bisa di perbaikin lagi ya.",2,0,2.717.985,2026-04-22 10:11:45,,,2.717.985
6ed1d7db-bc32-4d3c-996e-c058876d66f5,Gilang Ramadhan,https://play-lh.googleusercontent.com/a-/ALV-UjVJ7tyAdBPJqdC5-TxRWe6JPCjoOMbNOX6OYWs2lb9A_Eg03Msq,Roblox game gak jelas karena aku mau masuk aplikasi ta keluar sendiri terus ada tulisan Roblox terus berhenti,1,0,2.717.985,2026-04-22 10:11:31,,,2.717.985
58b0cae5-9b5e-4e2a-b7a5-a20c4c9738cb,Nadistecu Nadistecu,https://play-lh.googleusercontent.com/a-/ALV-UjVMfFNhgCKyE20uEc53IMmsY3ZscE__xC5O5gPxpzG0mSyN3Q,mantap,5,0,2.716.875,2026-04-22 10:08:08,,,2.716.875
4c4e6f85-1ade-4bc6-9815-c0fdda7a2243,Sibeng Beng,https://play-lh.googleusercontent.com/a/ACg8ocJe9raDi2gQ9EEP02d6w_Y8QPzqimFJX1L7WfnhuI1gMKnp=mo,bagusss,5,0,2.716.875,2026-04-22 10:05:56,,,2.716.875
c1fdc55d-7e18-4e42-ac9a-30f603e7e643,Nabila Bubung,https://play-lh.googleusercontent.com/a-/ALV-UjWlZrrcJk292WbpGpp_ITYMTSAnP3K7VqQPojMHW8KQnDqgEhY,game nya seru tapi pake kuota / wi-fi jadi gk semua org bisa main,5,0,2.715.1115,2026-04-22 10:05:51,,,2.715.1115
f6bb8378-0610-411c-9e9c-7dc6c5be042e,Quthbie Zayan,https://play-lh.googleusercontent.com/a/ACg8ocKodPQAJIytSiMBGzidxXfgy1RS4e7HANCNJzXlbGBAF4gy=mo,engga kuat HP aku,1,0,,2026-04-22 10:03:28,,,
0a744767-5991-4556-aebb-2e129fd7f283,Hasbi Tompel,https://play-lh.googleusercontent.com/a/ACg8ocJpjL5xE_CpcGMXEvBPv2lPseky3VzlZffN6gQoqeb96Cafzw=mo,game nya bagus tapi pas mau main itu login nya tiba tiba keluar,5,0,2.715.1115,2026-04-22 10:01:46,,,2.715.1115
38ca236c-80c7-462c-afa0-9c77ad9193d1,Erlangga Ari,https://play-lh.googleusercontent.com/a-/ALV-UjWW72N6vtgjeJ2lUir4Uf4CigA0805etWgMnRrPBNMM-XVY8ttp,"kata angga, game roblox jelek semua.",1,0,2.717.985,2026-04-22 09:58:43,,,2.717.985
ebc6230d-50de-4f34-ae6a-7fe9c3f509ab,Supri Yanto,https://play-lh.googleusercontent.com/a/ACg8ocJz29sOWnbRnaO9cO17QXsTxZ17LSllEi4K_HcpLMUN9fQ7UA=mo,gemya seru,5,0,2.715.1115,2026-04-22 09:56:10,,,2.715.1115
97e2fdb0-9882-49cd-bc4f-18c59ca4fb44,ridaniar diba,https://play-lh.googleusercontent.com/a-/ALV-UjVo2NHD2YXFZhtXDvNyGeWZ1N8HsQP-1TpteC-ZzBkp4iO2U6qC,sekrang roblox makin gak.bukannya makin bagus tapi makin jelek,1,0,,2026-04-22 09:54:52,,,
2b4b3858-a098-418a-ab02-61e8ca54b28c,Haikal,https://play-lh.googleusercontent.com/a/ACg8ocJa34dgcGxd1T7m6D2b94Yf9_Z-NkqDEGIWx2iGdCCltf8W=mo,apalah ga boleh chat lagi,2,0,2.715.1115,2026-04-22 09:54:50,,,2.715.1115
b0259aad-4e8c-443e-bba2-31f71f7773c7,bian zahra,https://play-lh.googleusercontent.com/a/ACg8ocIEgHo5f5JmqwPNxkb4DZscuwXQWFPdakltIP0qUl1gjerrYA=mo,gem ini seru banget aku sangat suka,5,0,,2026-04-22 09:52:24,,,
a4bbc916-4c2f-41af-9b37-cd4af1f98845,Denik Joko,https://play-lh.googleusercontent.com/a/ACg8ocLLmBBNUTCgx_8EFBpehqfRddlVzLZHTnAV-l9u7rbhS3H2Hg=mo,akuu pernah main map ini tapi keblokir,4,0,,2026-04-22 09:46:53,,,
b78a3feb-bd4d-47d5-afef-054153acdea7,Shaki La,https://play-lh.googleusercontent.com/a/ACg8ocIoE_5AJ_DFyhMEMxp8nEfrvSMCqFdKfhAd7WIx6vUWDbGJ7g=mo,akuuu kasih bintangg 5 karenaaa bagussss bangettt,5,0,2.715.1115,2026-04-22 09:43:02,,,2.715.1115
1fb65556-a9b8-4d4a-ab8b-768c2ceda906,Latifah Hanum Tifah,https://play-lh.googleusercontent.com/a-/ALV-UjWMIgBpZh3Mg10LgMNFy7-ItGReJdyeSepXThl8iIEHNQNqjIjJ,suka sih seru cuma kenapa item² nya pada naik anjay gw yang miskin ini ketar ketir,5,0,,2026-04-22 09:41:13,,,
41986eb0-0f33-4dc4-86e8-75cb78260709,Raffa Ahsan,https://play-lh.googleusercontent.com/a-/ALV-UjWW2_gA7j0zR2BMxWeIiqCE7wAf1X76dpIOhbQFQi2CvXiQldYD,i loveee this gamee,5,0,,2026-04-22 09:37:31,,,
07440e8d-f562-4ab8-957c-6e2e02290331,fikiaulia az05,https://play-lh.googleusercontent.com/a/ACg8ocKPUrlthwq-7uwQS8amfWG3LJ-8fgCagKWksEzKX4P3W5hfrg=mo,Karena sering update dan memaki data lebih banyak data yang dipakai jadi boros deh tapi seru main ini bisa Mabar juga lagi pokoknya seru baget temenku juga main di Roblox danpilihan gaim nya banyak banget seru deh,5,0,,2026-04-22 09:35:20,,,
b6d4a167-e3ae-41e9-8d81-dfe6636e6658,ezha zhaa,https://play-lh.googleusercontent.com/a-/ALV-UjXNc4sE3ZWSMTJCwzQKL1G8jePLvImUxoOChNEU77sZpvZk3g,GAME RUSAK!!!,1,0,,2026-04-22 09:35:07,,,
61478f1d-27b0-4b72-89a5-0a027a3e55e9,Sadewa Arimbi,https://play-lh.googleusercontent.com/a/ACg8ocKhnX35ITFpL_CIy4LqHOC76T76ylYdV9vvEuX1wLPiLtfK9g=mo,keren banget karna bikin aku inget masa lalu bareng temen di betelgrodn terkuat,5,0,2.715.1115,2026-04-22 09:35:00,,,2.715.1115
c664c996-b529-4a67-87c2-6a6bd1a5faec,Adinda Bunga,https://play-lh.googleusercontent.com/a-/ALV-UjXrEzpdHehxCY2BBWIj-H4Ib91h9p3OQf4baGTKfTU0sBwJ6kM,Gamenya bagus ada petualangan tapi masih banyak game yang 18+ tapi di bikin anak kecil bisa mainin jadi harus agak hati hati,5,0,2.717.985,2026-04-22 09:34:52,,,2.717.985
be8cf02e-f2f3-447c-8423-e96e06f4b3fc,ayu andya,https://play-lh.googleusercontent.com/a/ACg8ocLxAa3YHMY3oj9FQJ-edeP49Tj162ZDC5MQ5Y_5Qo4iZOUQpw=mo,"Tiap hari ada aja masalahnya di game, byk delta udh akh report msi di diemin?game mcm apa ini💔, bahkan game yg rating nya 1 bintang smua masi lebih bagus dari ini bro✌️",1,0,2.717.985,2026-04-22 09:32:44,,,2.717.985
e7384502-760a-41ad-960a-c574df19f03a,Kembar,https://play-lh.googleusercontent.com/a/ACg8ocL4DxV-6W6n2CIqzQxJSjS00Q4NqkHkWpfLD5_cUNfIV-ys1w=mo,bagus keren,5,0,2.715.1115,2026-04-22 09:32:31,,,2.715.1115
3244a323-5321-4e75-94a0-fc8aa9fb7f52,Jerry Hodge,https://play-lh.googleusercontent.com/a/ACg8ocLKW7mhwRQTcczSFfDSkGyaUhhaByGTa0tHHWFnPNko10qwXg=mo,jangan download deh akun aku hilang,1,0,,2026-04-22 09:32:19,,,
0ea9beba-37fc-4504-83f6-4a399fb8d979,Nur haeli,https://play-lh.googleusercontent.com/a-/ALV-UjW2u40rhmkwYOz_zdLfb-5XnXNizaiNiOTBrNYA5w31-g4oDK13,bagus game Roblox,5,0,,2026-04-22 09:30:01,,,
ef49374f-105c-4b7c-a11a-ecacec7bd772,Siti Aminah,https://play-lh.googleusercontent.com/a/ACg8ocLgBG1Q1qYGmAuUfsOePKIA1JxCJHotXMIT5W7H6PWGh8WJKw=mo,tidak bisa chat dah akun aku di ambil orang kalo mau chat doang masa harus napilin muka kita 😡😡😡😡😡😡,1,0,2.717.985,2026-04-22 09:29:30,,,2.717.985
da40ce7e-3fe0-4598-ab0c-f4d64f4436b1,Den Arie,https://play-lh.googleusercontent.com/a/ACg8ocJLxHIC0NKt8YbNgASl3IicA0j32vEITMlAKtJC19C5Aj4Fqlk=mo,karna mengurangi ke gabutan,5,0,2.717.985,2026-04-22 09:27:38,,,2.717.985
df2897ce-7ff4-4c68-9033-f68e38b50671,Ahmad Famuji,https://play-lh.googleusercontent.com/a/ACg8ocJUBG2OCbd4fdXPEexs8DoBRLZkAUGoFrEOrvJfDapMEW9Nmg=mo,bagus gamenya ada banyak gamenya,5,0,2.717.985,2026-04-22 09:26:41,,,2.717.985
e9344f5a-b10d-4d3a-9c7a-bc0764603e70,Gisell Pelaminan,https://play-lh.googleusercontent.com/a/ACg8ocIgn0byhszN2j-lfMJTaWyZYkgglGX7dW1QvGywZyGXMPSR6A=mo,bagus.,5,0,,2026-04-22 09:22:54,,,
98b2d21b-15bd-40ec-b651-2d5973727f05,Dira Mecca,https://play-lh.googleusercontent.com/a/ACg8ocLJ8aP9wpbZYEzC5uDYsk0bDaqTNw6AgtUl2A7C7X7YV-n7qg=mo,bagus bsnyak game😃😃😃,5,0,,2026-04-22 09:22:40,,,
124bb000-4ddd-4356-ac65-d79125bfd17a,Free Palestine,https://play-lh.googleusercontent.com/a-/ALV-UjXYRCWKqNWaKBpEXosN12as_hCJqL4NrH_lce19hsv_q2p5ag,"plis Roblox, adakan update extension rambut aja, mau extension rambut minimal 4 aja, masa di google mn pun g bisa kecuali kiwi browser",5,0,2.717.985,2026-04-22 09:18:27,,,2.717.985
8a278871-3c18-4969-93f3-cd4bad082413,Kenzieganteng,https://play-lh.googleusercontent.com/a-/ALV-UjVzcHoPIbzb9-Z8qxhdq_cofluPdNXW-fjSMDL60MtrKeax098M,bagus,4,1,2.717.985,2026-04-22 09:18:21,,,2.717.985
05a94256-52c5-4591-a129-cb313c036c05,Novi Ayu,https://play-lh.googleusercontent.com/a/ACg8ocJyLT_2__0_pr1h5ueB_M_P2e7LlQHF0jNLKIc7k_NdAbV6OQ=mo,gak seseru dulu,1,0,2.717.985,2026-04-22 09:14:25,,,2.717.985
d031183e-7cf7-4b0e-b2fd-12f9575d3c20,Ucok Perkecok,https://play-lh.googleusercontent.com/a/ACg8ocJr3FDz_0Wjj4loMlh5FrSb6m5qW1iM5hyhaSi5jORQa4bAKA=mo,not good but not bad.,3,0,2.714.1096,2026-04-22 09:05:01,,,2.714.1096
99c57141-72a6-4675-b164-bd5be046cd50,Fajrul F.R,https://play-lh.googleusercontent.com/a-/ALV-UjXafQJYSqNkH8Gff98ZK-p253OcJmB-hUbEeiiG5G1z_ay98ebe,"iklan kau ganggu, gara gara ni game banyak kasus pedofilia",1,0,2.484.425477,2026-04-22 09:04:51,,,2.484.425477
c9950777-dde7-4db2-8f76-3eddb867fff8,Nyolot Kemet,https://play-lh.googleusercontent.com/a-/ALV-UjWA627ZrSIEHJWHwxvaoVc8-c_iu_E71uKWKCh0_8DIcqkH-3K9qA,seru banget tapi gak bisa komunikasi lagii,4,0,2.717.985,2026-04-22 09:02:23,,,2.717.985
052c375d-35ea-4268-91ca-6677bda7ead6,Poniki Ardiansyah,https://play-lh.googleusercontent.com/a-/ALV-UjXx9CM34HlB8_i70sz4KP52PP9fTkXd3HWFPU3nEONs1Np0LIs,"terima kasih Roblox sudah membuat game ini, terutama blox fruits yg ada di dalam game Roblox, untuk Dev ny terima kasih karna sudah memuncul kan game seperti blox fruits, karna game itu gw jdi Villain top 1 global😈",5,0,,2026-04-22 08:58:19,,,
cd78124a-6316-4bb1-b009-8dac9f986b3d,Afifa Maulina Azizah,https://play-lh.googleusercontent.com/a-/ALV-UjUswJA0F_TMv2xf36TSZXBBSUJMFOfl3ieHNcffnvd1A2o0QRp4,sukaaa banget banyaakk permainan nyaaa,5,0,,2026-04-22 08:56:22,,,
fa8c9a8c-4bfe-4093-bbcd-a64a06a9aa71,Alivia Aliviazahra,https://play-lh.googleusercontent.com/a-/ALV-UjU2vkeM7uWNHGT1uWcTv3BKR0SLRZ4Z3rnSQQclCNLdXdE8rxQ,"update trs, pengguna kuota menangis",1,0,2.715.1115,2026-04-22 08:55:36,,,2.715.1115
e6da6ce1-aed1-4db0-97d6-c080a8c1dad5,Ajla 99,https://play-lh.googleusercontent.com/a/ACg8ocIuviwBbRAwp7wdvCsj02InP8yrKFmAr3FLjQ35_hGbC-UPLA=mo,game nya seru walaupun gak bisa chat terus verivikasi knp y kok gak bisaa??,5,0,,2026-04-22 08:54:02,,,
f6f25798-bd79-4208-85eb-22cddec52c34,Alip Sabian,https://play-lh.googleusercontent.com/a/ACg8ocI1_y2ZR89GGDYAk09ObfRl0Sqw0l_0gY-_3255bBJi_cKqSw=mo,lumayan juga tapi masih ada yang sus banget,4,0,2.714.1091,2026-04-22 08:53:09,,,2.714.1091
b9b25ffe-cf57-4a56-b608-bcdc749c8620,Langit Cerah,https://play-lh.googleusercontent.com/a/ACg8ocKqtUizA67y1RsqsfkhHtvktd54I_Y8ZBAh56onVSxwogkiOQ=mo,"update mulu di hp aku yang satu lagi, ramnya 3 jadi agak ngelag",5,0,2.714.1091,2026-04-22 08:53:06,,,2.714.1091
cc39f144-1927-4831-b7f1-d0b723fde2ef,Shadow Milky,https://play-lh.googleusercontent.com/a/ACg8ocIpVsoMk3K0EiCG6aTCLr6aPoeviTgNQWBilD2a0p_AXjAK9A=mo,dulu sih bagus tapi UPDATENYA JELEK BANGET,1,0,,2026-04-22 08:53:06,,,
11c8140f-3676-4231-b25b-b2b627e4c85d,rahmatullah slow,https://play-lh.googleusercontent.com/a/ACg8ocI3xbyWwKFBf45QEbQaf8Rz7x5jsFcnMPVOSTGTgQuUG8zzzQ=mo,"TOLONG SERVER NYA DI PERBAIKI ,,UNTUK PERMAINAN BEYBLADE NYA SERU ,TPI SYANG NYA BANYAK BUG NYA DAN SUKA LEG , BISA DISCONET SENDIRI ,TOLONG SERVER PERBAIKI BIAR TMBAH SERU TNPA GNGUAN JARINGAN , BUG DAN LAEN NYA",1,0,,2026-04-22 08:53:00,,,
68d61e15-f689-4c16-904d-8cba8c38a6c3,Siska Blink,https://play-lh.googleusercontent.com/a-/ALV-UjUF3Y4UoRpV935NSECwPuNdps4cc1iy_YOgjneI3VhsgAG54T4,bagus banget kak🤩,5,0,2.717.985,2026-04-22 08:42:29,,,2.717.985
fbd20168-9380-4500-b87f-cf98b04ee828,Sheynaa,https://play-lh.googleusercontent.com/a/ACg8ocJKRwpHpkpbZ_jcjFVqJgHchPzgVF3Kl5CO-9nKQy1L8Q7Y=mo,tolong lah Roblox jangan hapus item yg sudah di beli saya beli pake uang mana susah payah buat dapetinnya malah di hapus itemnya capek kecewa sama Roblox,2,0,,2026-04-22 08:38:49,,,
fd568586-1ade-477a-be91-98cfad065d6e,Hah uauj,https://play-lh.googleusercontent.com/a/ACg8ocK7kDPn2kF12tfrU0mDJc6NWt-doHrEB08-oQhP2U9fuR5fxg=mo,bagus aha konto,5,0,,2026-04-22 08:36:40,,,
3ce182dd-32d8-490b-b50e-5624726673dd,rima permatasari,https://play-lh.googleusercontent.com/a/ACg8ocJPCeOKVjbJmL0775HB88MY_tV4-O7uA-Z8uTHw1RzB1I2rMA=mo,game nya bagus mantap keren,5,0,2.716.875,2026-04-22 08:36:21,,,2.716.875
8e87a90f-4d59-4b11-af2a-92c1433d5124,Lucy Ana,https://play-lh.googleusercontent.com/a/ACg8ocJlJ6rQKecP-FZ6I3U37lJI5gzjFM5omUGk5F4ZP_Pifs86EA=mo,ini game gak bisa di masuk kin yang vng juga,1,0,2.717.985,2026-04-22 08:33:20,,,2.717.985
9ab1c157-a494-4bd9-8aa4-c83b6bd5a3bd,Malaika Putri,https://play-lh.googleusercontent.com/a/ACg8ocJeOLzSVk4POL5uEyyCO1XzlcKLQloutzS3rqkW6gk17A2Lug=mo,update mulu jirr mana gb ku kecill,1,0,2.715.1115,2026-04-22 08:30:36,,,2.715.1115
0ae9aa8b-4b6d-4966-ab85-1e1905dc8ec2,Uduk Nene,https://play-lh.googleusercontent.com/a/ACg8ocJjhzqEdVH3zOTDjRPsEdBF0GGO3TG6psvK7ZOcmvBTKND-Zg=mo,seriuuuuuh benggggettt,5,0,,2026-04-22 08:28:39,,,
839c6475-9f1f-40ac-ac52-eabd18e2586b,Asih Muslimah,https://play-lh.googleusercontent.com/a-/ALV-UjXt4RLpUWZHZM5qOXA_Aq1xBEeAyTL301gcbAQw3-czFC_cTQ1K,aku suka si roblox tapi bisa gak chat nya ada lagi,5,0,,2026-04-22 08:26:44,,,
2168335d-c503-4882-98c6-5578ace8125e,Rizky Faudzi,https://play-lh.googleusercontent.com/a/ACg8ocLO6N3Ah-VEDdaHG7OG212nV1cZcyRkJ39r0xuq1o6AAqaCfg=mo,sering ngelag gak bisa di mainin banyak updatenya jadi lemot jelek,1,0,,2026-04-22 08:24:47,,,
b11ac822-946c-4059-b418-7d8673e16de8,Nabila Choirunnisa,https://play-lh.googleusercontent.com/a/ACg8ocKctBtANFkrTGIS-zFjvFWh2HIglJJnLeF9n93sk0hFGVYa9w=mo,gamenya keren bahkan ada 3 sisi roblox kids roblox select roblox biasa seru bangettt,5,0,2.717.985,2026-04-22 08:23:38,,,2.717.985
e0ae299d-fce3-416a-b800-ff6647ac77f7,Piaan 196,https://play-lh.googleusercontent.com/a-/ALV-UjXkEZp0xOOyz8j9CzEsOQT2_q3jrCngN_9Fykz4534mnC99h5G5,bagus banget,5,0,,2026-04-22 08:19:36,,,
e2f387ab-96cf-49b6-8eb5-445e2f0b480c,Syla Cantik,https://play-lh.googleusercontent.com/a/ACg8ocIV7MYLeyQT3TKmttMMb1nEjekGgTngdfIjnzEpm4iuhB-Nrw=mo,baguss sih cuman ga bisa chat,1,0,2.717.985,2026-04-22 08:17:43,,,2.717.985
3745ba45-8c57-4a7e-8e1f-febffa516c32,Macan 03,https://play-lh.googleusercontent.com/a/ACg8ocJpKzPhXPC-29DR2m5GcTNtz5pWLYKXNTL5iFMcyryu7aeVxw=mo,sering terjadi back di Roblox bab-nya itu berkali-kali aku sampai nangis karena saat aku main game terjadi back,4,0,2.717.985,2026-04-22 08:13:08,,,2.717.985
5b9452e1-5c0c-4c64-9918-a9da2c98ed1f,Jesslyn Natalie Wijaya,https://play-lh.googleusercontent.com/a/ACg8ocIMQwhdvXABXID0O4rgOFBXqC7JDW4BOkoiyTZaje1HkUuPGg=mo,terima kasih roblox,5,0,2.717.985,2026-04-22 08:06:34,,,2.717.985
281108b3-fba6-452e-a323-2f4555fe9aa4,Shofiah Baasitha,https://play-lh.googleusercontent.com/a-/ALV-UjWYLBM2ZFgfVaG4ypcITP8qtyzlWNf70XSD3aRoXail0c2HTeE,mantap,5,0,,2026-04-22 08:05:27,,,
79587f0f-8451-47ad-be8d-203f16ef0a7d,Ayah Habibi,https://play-lh.googleusercontent.com/a/ACg8ocIR7UnZor53ZNrWWrvL0ttuSwr4Cbt9-dTKbB9Bsz88LwNsNA=mo,aku baru update semalam kok di suruh update lagi,1,0,,2026-04-22 08:05:20,,,
76e02a85-9dc8-4bb1-b0a9-b04d755cf714,Rosmawati Aritonang,https://play-lh.googleusercontent.com/a/ACg8ocITCC0YdUT9OXOVRisUdZr6YiYas88Z6mawjFva92384cQdDQ=mo,gamenya sangat baik dan baguss,5,0,2.715.1115,2026-04-22 08:04:37,,,2.715.1115
26387018-0ece-4db4-91f2-51a111a592b1,04arsylarayna 04arsylarayna,https://play-lh.googleusercontent.com/a/ACg8ocJFNkuMoJAR64HVixo3dyA6FK5TqQ6igsy81l2frsMGgiGLeQ=mo,gem. nya seru bangeetttttt sukaaaaaa,5,0,,2026-04-22 08:01:36,,,
1ebbafb0-aca7-43eb-88d5-76aadecf6d35,Delisa Putri,https://play-lh.googleusercontent.com/a/ACg8ocJ7bGQLO2EaafctdccDxgS7muCr34qmBa_jT7aq6ujRE9qUGA=mo,"tombol nya kurang gede , terlalu ke pojok",3,0,2.717.985,2026-04-22 07:59:01,,,2.717.985
463aab40-f03d-4c2b-aa68-c72713d7b604,Nindya,https://play-lh.googleusercontent.com/a-/ALV-UjVdhM9mMWcxSIm9MNNKABBzSDWcxrHoRtl-jaTWc_P35ZmkuliG,akun gw udh balik gara gara update Roblox,5,0,2.715.1115,2026-04-22 07:54:23,,,2.715.1115
aa2fcfac-2408-43be-a001-d105f0c8623e,Leni Susanti,https://play-lh.googleusercontent.com/a/ACg8ocIhqjQatWkyxEcfL12uE96-dv35_kUxGGxVelMx93pszYjZVA=mo,keren,5,0,2.715.1115,2026-04-22 07:53:51,,,2.715.1115
58bf8791-4484-4d26-aeba-c8a289459744,Aris Triyono,https://play-lh.googleusercontent.com/a/ACg8ocLU7XLqeMendKHEU4fn20h6hM7bOZne2i5USH-SIdHYAXnY5g=mo,"makasiii robloxx, dari roblox aku bisa punya temen baruu yang baikk, yang sama sama excitedd, makasii uda ciptain roblox🤍",5,0,2.715.1115,2026-04-22 07:51:43,,,2.715.1115
0ad4ae89-96c1-4544-b5fb-fc7c3b6e4f2d,Andriansyahh,https://play-lh.googleusercontent.com/a/ACg8ocKREHc0MtOJxpAdlXs18HV5421wqcU6i4h8OwAenUhVdbRh5g=mo,seru banget,5,0,2.717.985,2026-04-22 07:49:23,,,2.717.985
6bbc2c45-679b-4947-93a2-432958255723,Tasar Helmi,https://play-lh.googleusercontent.com/a/ACg8ocIAC9SRZ4stjYP3Ih1-4rNyEYuDzkx-O_7vQ03m7T7Xht9smQ=mo,tidak seruh,5,0,,2026-04-22 07:41:46,,,
91100376-ef43-4e48-89cd-264c4ea8569f,Sifa Erina,https://play-lh.googleusercontent.com/a/ACg8ocKX23gc0PCz4Pds8lgb24r37EN_Uh4OF_68Y6wG52_K4D2WZg=mo,"sekarang Roblox GK asik sekarang mending main ff,tapi 1 aku suka bisa ngambil akun orang 😛😅",3,0,,2026-04-22 07:36:19,,,
d5baf0fd-0359-407c-8fd9-a9d49cd37ffe,Fajriana Fajri,https://play-lh.googleusercontent.com/a/ACg8ocKJJrbkbYHoHLzI7sCWzVmHqxqQN0op1O8QGwzY_HAVy03d1w=mo,ini saya suka sekali dengan roblox🥰,5,0,2.715.1115,2026-04-22 07:35:19,,,2.715.1115
3807325a-ecd5-470a-9104-d14766421bfe,Arsiwan Jaya,https://play-lh.googleusercontent.com/a-/ALV-UjUcs_1WMvbZq16l55JqzLdUquwqAq_yAFVfffx79PTJiZ8kRtU,chat kembali,1,0,,2026-04-22 07:34:55,,,
3c0a62b1-7e4d-418b-9201-714de8e41622,Adhi Luyok,https://play-lh.googleusercontent.com/a/ACg8ocJDMQCUGkVoGwnnY1fOIpNdSR8BnllMTKuZt7LUeRH7niHKKg=mo,jangan lah apgred lagi 🫪,5,0,2.715.1115,2026-04-22 07:34:32,,,2.715.1115
1cdb15e2-d295-4acd-806b-0d0012e2fdf6,Rifky Alraziq,https://play-lh.googleusercontent.com/a/ACg8ocJuBbJDEE2667P5TKRWGEnw2eCHr6jAV9pGWiTohsybpZo60A=mo,GOOD GAME I PLAY IN MY PC,5,0,2.717.985,2026-04-22 07:31:00,,,2.717.985
ff17b4f3-f73f-47d6-bb7a-e78af4edc6fe,Nurul Maripa,https://play-lh.googleusercontent.com/a/ACg8ocIlk945WTzcC9F_Siva92oHXRTk6uYGBM08VX8YtaFCxmeM8w=mo,apk ini bagus tapi tolong buat lah lebih banyak item gratis,5,0,2.717.985,2026-04-22 07:28:48,,,2.717.985
1cd8fa45-628d-49ce-93b2-2e5b8cf610b2,Ali Imron,https://play-lh.googleusercontent.com/a/ACg8ocK76oO04xN2C0DHoxMZb3PNMEQpCe9rcwWawPSV2W7szsgSXQ=mo,Mayan sih,4,0,,2026-04-22 07:28:40,,,
a7640dae-7b10-4d09-9795-889e0df178b8,Kirana Angkasa,https://play-lh.googleusercontent.com/a-/ALV-UjWhUq6qfZkgvdzoFca1nPSPEVHvjechzAkWKkM9cgxoQyyIsi8,bagus,5,0,2.717.985,2026-04-22 07:24:57,,,2.717.985
ee1a4658-92f3-44c0-b853-571fc19f8590,Najwa Akhmad,https://play-lh.googleusercontent.com/a-/ALV-UjWHSIoP80IkTqpZc3lLbME7skR2rEySYNt2KH0nSmUcwHhIS-V0,seruu bett aku main dari 2024 🤭,5,0,2.717.985,2026-04-22 07:19:15,,,2.717.985
56056cb0-a275-4e17-a78e-7a0174dae9b2,Rehan Han,https://play-lh.googleusercontent.com/a/ACg8ocLTpRdj1ILGAdjMppYSuMBPFgyiqySfnTxzfP8g00kHKMX9jg=mo,game ini sangat bagus,5,0,2.717.985,2026-04-22 07:17:15,,,2.717.985
bc8d4356-2ed2-4373-9091-b7727802ea53,Abdul Rosyid,https://play-lh.googleusercontent.com/a/ACg8ocL1eb3gaa0pQAoVv-7XK-Sif3QpQvpPcDfO9Qa2fPWqf89pqA=mo,"bagus bangettt tapi ada bug nya dan sering banget update, tapi gak papa kok soalnya itu game favorit akuu seru banget ada game Brookhaven,tower,Obby, dan lain lain dan yang paling aku suka main peta peta sama evade. luv luv robloxx jangan sampai di hapus ya nanti aku bete",5,0,2.717.985,2026-04-22 07:08:23,,,2.717.985
98fd8e39-ffad-4d89-934c-439e9d59c0d7,Mumtaza 15,https://play-lh.googleusercontent.com/a/ACg8ocLigiHOGa235BXPFVgaiVqxpoR1je5wmP45wJkjbiUrvC7mOQ=mo,seru banget,5,0,2.717.985,2026-04-22 07:04:37,,,2.717.985
800b240e-ab85-433d-a661-bab9cf8b5e42,Chelsea El,https://play-lh.googleusercontent.com/a-/ALV-UjUYjMHHkdHMG_YYd-hTxVKdcIOTFjue9oNkE6x6ezgsqwtbRjg,ini semenjak ada peraturan chat di kunci saya sebagai player lama tidak bisa berkomunikasi dengan teman saya. makin lama semakin banyak peraturan nya.. tolong di perbaiki seperti semula 🙏🏻,1,1,,2026-04-22 06:59:19,,,
dd631ec0-4588-4559-ab41-539e970a414b,Airlangga Stevan,https://play-lh.googleusercontent.com/a/ACg8ocJy7floYoSVbW4LhQEqKSLGxI0zC0aSc6ok_LTDNB_dnszUHg=mo,game nya bagus dan gak s ada iklan kayak game game yang lain dan game nya family friendly semua kok gk ada yang sadis game nya ok yaudah terimakasih ya pencipta roblox saya sangat puas dengan langganan anda,5,0,2.717.985,2026-04-22 06:54:59,,,2.717.985
03a9a540-6630-43e9-a91c-311fdc692881,Rindry Sari,https://play-lh.googleusercontent.com/a-/ALV-UjUJILqQ6INTwEu1tXa0w5exlk3tIrZlLiNy-68ip4RmoqxkyBw,"rumayan sih game ini.tapi ada negatifnya.ngelek,ngebug,disconek padahal udah bagus kuotanya.ya segitu aja sih tolong perbaiki ya...",4,0,2.717.985,2026-04-22 06:52:45,,,2.717.985
4d941b9c-d46d-4b77-a135-f6336efc13b9,Dirli Dr,https://play-lh.googleusercontent.com/a-/ALV-UjU2VVNLZcAk7B8EqwKKm24YhzdIoUa3TOzi4RqiYZkDAEqEsEs,"roblox sekarang gak seru, paswor aku aja sampai di riset",1,1,2.668.660,2026-04-22 06:50:29,,,2.668.660
cbc932e8-1c96-4aa5-ae78-74f8013be457,Syaidah Nawawati,https://play-lh.googleusercontent.com/a/ACg8ocICSIe5Tr-4YkOrxdt2Vj8SWJJwiA9m0LAnDAP0pZh_nnup8Q=mo,balikin chat,4,0,2.715.1115,2026-04-22 06:50:19,,,2.715.1115
5098fda5-3956-4d30-8412-5bc25f4a5af5,Farasdila Ginting,https://play-lh.googleusercontent.com/a/ACg8ocLOtmGATSrMgzNwNcEzaaeEk3d31X9u5rp7mj5AstZQek0KdQ=mo,game ini seru tetapi tolong banned anak anak yang sudah tau sesuatu yang tidak pantas,5,0,2.715.1115,2026-04-22 06:46:11,,,2.715.1115
fc764f4f-b203-4a72-8ece-bf3533222a6f,Annisa Meila,https://play-lh.googleusercontent.com/a/ACg8ocLIKaPKAZQaPLIcmBmLTq2DXdAAGYnQUe5AyBUaCNpsmDgAiw=mo,Seru banget game nyaaaa🥳🤏🤩but i lost a lot of stuff that i bought using robux,5,0,2.658.460,2026-04-22 06:46:05,,,2.658.460
cf679b96-d6a1-41ff-9a6c-b7b4609a8cb9,Kamu Nanya,https://play-lh.googleusercontent.com/a-/ALV-UjWTHVMZn_L4POuAxDUvFhrzToQRqpS_DyCgYMEluL-TXcBUF4UT,bagus banget game nya makanya saya kasih bintang 5 sini aku mau kasih tau dulu kan ya pas saya mau main Roblox tuh kan aku buka Roblox tapi pas di buka ada tulisan coba lagi padahal internet saya bagus stabil tapi malah ada tulisan kayak gitu tolong di perbaiki ya soalnya saya mau main sama temen saya sekali lagi tolong di perbaiki ya,5,2,2.717.985,2026-04-22 06:45:56,,,2.717.985
3b7c1109-8867-4f78-aa60-fdc5b085c5af,E Sitanggang,https://play-lh.googleusercontent.com/a/ACg8ocLO3paOzyZ2ntE0f8Ef6VhytlPUPRNIhN-IWSNd8RUVUQESyw=mo,saat saya memainkan roblox itu sangat seru banyak teman di sana namun aku sedih sekarang teman teman ku tidak main roblox mereka malah memainkan game mobile legends,5,0,2.717.985,2026-04-22 06:44:06,,,2.717.985
2648d379-3325-4aa9-a0ac-73b53a1166f5,Wi Whien,https://play-lh.googleusercontent.com/a-/ALV-UjUQsaqOkls8wBIAHTlPEGESPROlJhXMuj0CmfCXeM0EcwNz6Ns,geme nya seru semoga admin roblox bisa buat geme nya lebih seru dan menarik 🎙️🎭,4,0,2.715.1115,2026-04-22 06:42:12,,,2.715.1115
e4f829c2-8cd4-4486-915a-1e3b66c5f99d,Muna Warah,https://play-lh.googleusercontent.com/a-/ALV-UjUpLI544lR4exbJllLfU5fF9FUkMIIHKaFOHpjqzaX1Cg-1nh8B,tahi ba galapung,1,0,2.716.875,2026-04-22 06:41:25,,,2.716.875
3a56e779-4e9f-4773-a8a1-9f1f3e914df7,Ayrin Diyar,https://play-lh.googleusercontent.com/a/ACg8ocKzHMYIMwBRsgn57n5_5e2uIpmKbTCaM1JNLPYajGgJUeubOQ=mo,aku suka sekali bisa mabar sama saudara jauh ku🤗🤗🤗,5,0,2.715.1115,2026-04-22 06:35:08,,,2.715.1115
49f3a416-b7dc-4dac-8e37-0e4eccb0d61a,Bagas RafifRajendra,https://play-lh.googleusercontent.com/a-/ALV-UjVDdSEHF3PuBgGqvHD09iM5t6mB_nnDQZ752LTxIKmIuPAu4sgS,"thanks for David,but please return the chat and everything that kids don't like please and don't ban weird games please David 🥺🥺",4,0,2.717.985,2026-04-22 06:32:41,,,2.717.985
474285c1-f7db-41e6-9c62-5cfdbe14884b,Aini Dewi,https://play-lh.googleusercontent.com/a/ACg8ocLWVwWRfO4obRLkSDNi6EwxKNB0eV8PhrV-i-Gjot-IgD-WEA=mo,"bagus aku suka main game ini seru bgt, banyak map nya jadi nggak bikin bosen...cocok buat yang nggak cukup main 1 game aja, temen² ku juga banyak yang main game ini seru dan bagus bisa di buat Mabar sama temen...😁😁😁",5,0,2.717.985,2026-04-22 06:28:37,,,2.717.985
ee1b767d-3c8f-4a86-babb-b3501c9c83b6,Fatih Haidar,https://play-lh.googleusercontent.com/a/ACg8ocJ8VLlRWwU1jibScJJIBmISyP8K7QEb3bEujmv5Edd470w4_w=mo,nah bagus gitu dong dibalikin,5,0,2.716.875,2026-04-22 06:20:45,,,2.716.875
62767561-8138-4641-9965-54dc287f8640,Aqeela Zhafira,https://play-lh.googleusercontent.com/a/ACg8ocLiKxGXe6UyRjomQMBU1YiQos7Ys6YqmMJRyLKm_YiVnQOb8A=mo,b aja,4,0,,2026-04-22 06:13:45,,,
77b4003a-4fa2-47af-984f-e9cfbfb2341d,Fitri Ani,https://play-lh.googleusercontent.com/a-/ALV-UjWmHnWHUkWQdgLveI4AzJbhw3ekWVObthfBEcKv2CpIE_49jQ20,bagggus banget game nya ya walau agak ngelek sih pas main tower apa menara gituu tapi seruu banget deh aku ga bisa jelasin yang pasti seruuu,5,0,2.715.1115,2026-04-22 06:07:59,,,2.715.1115
0c7c786a-57f0-4da7-8f5e-6b1fddeb3100,sastra negara,https://play-lh.googleusercontent.com/a-/ALV-UjWftx3UIkzA7H10jC4ReHX4TIvMzPped9mcYYqlnwPxbYrxz9w,game ini seru dan punya banyak map salah satunya grow a garden,5,0,2.715.1115,2026-04-22 06:00:20,,,2.715.1115
f3f9da4a-beef-4a33-8ec5-0e0f86f1ecea,Muhammad Azzam Ubaidillah,https://play-lh.googleusercontent.com/a/ACg8ocJ-rPJLR0xe9B5Zuf3ka8eHmojVFHwY0Jdd-COAMZ-kiRSj=mo,di aku ngelag Roblox nya sumpah mau main ngelag,1,0,,2026-04-22 05:53:36,,,
920ced3a-13f6-49bb-b6ef-34261834b3ef,Suwoko Woko,https://play-lh.googleusercontent.com/a-/ALV-UjW4pB7S5FAO_oGaeYtkmy3DMdN6z3vMia2T88L-l5sdZciRbQdf,map nya banyak dan bermacam macam,4,0,2.717.985,2026-04-22 05:50:14,,,2.717.985
593b955a-beff-4720-bfde-bfa24da8df2f,Irsyad Irsyad Virendra AP,https://play-lh.googleusercontent.com/a-/ALV-UjW39ozlVVyAQ73YUKyETfZNxUdWnBmu1guGGenzpEs124bzLQY,napa lah ini game yang niatnya seru seruan malah dihapus fitur chat dihapus sama pengen bikin baju juga dulu gratis sekarang berbayar apa apa pake robux kemana game ini yang dulu dulu apa apa bisa sekarang yang gratis dihilangin sama ada yang berbayar plis lah balikin game ini seperti dulu,1,0,,2026-04-22 05:49:31,,,
c5f7e81a-6c2f-466d-b1e4-f6ebd343a62a,Aufa Farrel Andhika Saputra,https://play-lh.googleusercontent.com/a-/ALV-UjWpoAQfDOSaDN1IlmXg0jhB7fEzv5o49IBvazKzV9OjwWtjO-kW,kenapa render distance-nya pendek banget ya? padahal udah kubuat max grafiknya tetap aja ngga ngaruh,4,4,2.717.985,2026-04-22 05:48:29,,,2.717.985
1a1c9e83-729f-425a-9e99-6bf16f64d701,Acha,https://play-lh.googleusercontent.com/a/ACg8ocLgxgieWBb_JZXaQQhHfYP1FJAKYi1Fivp5glwcF4YbmxANXg=mo,"seru banget nanti kalau udah update aku mau mainin dari Roblox kids,select,dan yang ini",5,0,,2026-04-22 05:47:05,,,
b78b3129-d950-4ae1-a984-f4489ec6f82c,Puji,https://play-lh.googleusercontent.com/a/ACg8ocJ0Kk837pmVlbCsaxRW6Et_Nqomlug39YTE8grfwFbW2iYx4Q=mo,wih seru sih ini game tapiii ini aku pas masuk ulang ulang lagi terus keluar ihh tapi tetep aku mainin gapapa lah ya tapiii kesellllll parahhhhh wehh,5,0,2.717.985,2026-04-22 05:46:43,,,2.717.985
c6acbdbd-75cf-48ae-8dd2-d26da4fa1bde,Imaniyah Aniek,https://play-lh.googleusercontent.com/a-/ALV-UjUSQGrlfpGdZ_NJNyGoF1Tbv1cNwhdmGy47XquUgz15wwXTYSU,game nya bagus tapi banyak aturan🙏🙏🙏,5,0,2.715.1115,2026-04-22 05:45:32,,,2.715.1115
61ebbf5d-66aa-470b-b818-b56cd28b6b29,Nayla Najma,https://play-lh.googleusercontent.com/a/ACg8ocImMdx_8cTLAstVKbymhYU0M4kB2pOdM9vH2KUqNCZhDJRECQ=mo,roblox banyak aturannya jadi gak bisa chat plis kembalikan roblox bisa chat kita semua udah kehilangan teman² kita di roblox,3,0,2.715.1115,2026-04-22 05:42:05,,,2.715.1115
ba9e8744-f41f-4a90-bcc8-5d55f9c44f47,Ervina Dg jia,https://play-lh.googleusercontent.com/a/ACg8ocK1j4zV90vJjWCryX6gRUSbRTnllLgF2pQsavqN1bv1CPZjJQ=mo,hp gampang panas dan lag,1,0,2.716.875,2026-04-22 05:38:54,,,2.716.875
e4506234-2793-4274-bfb6-a95d6e581d6a,Sang Perindu,https://play-lh.googleusercontent.com/a/ACg8ocJdTue-_4EjcKwo424_ShgD755Y5gs478muhefvQXIUbHXoHw=mo,game ini sangat seru dan banyak game menarik,5,0,2.716.875,2026-04-22 05:33:10,,,2.716.875
fa070afa-2926-4548-b3ae-e3e3b42a972c,Rakha Rayyan,https://play-lh.googleusercontent.com/a/ACg8ocJfK5bebpm59O3cfJ1Yenz30bL9s6GfUzgsWBlDXylhfNuznQ=mo,"game nya bagus,banyak jenis jenis game lainnya ngalain ff",5,0,2.717.985,2026-04-22 05:31:26,,,2.717.985
949ac86b-ce57-44be-9275-44f2ee01d9aa,Atn14,https://play-lh.googleusercontent.com/a/ACg8ocI2gBSepohNElbruiu3e4SmqpyJUGqMBuCO-o72L15GcoMFmA=mo,gak bisa chat gak bisa ngapa ngapain ada bug ada cheater/scirpter verfikasi update macam apa ini pls roblox kembalikan chat roblox dan ban semua cheater/scipter pls jangan pas main awal roblox langsung disconnect padahal wifinya bagus pls perbaiki sekarang juga,3,0,2.716.875,2026-04-22 05:28:01,,,2.716.875
f03b60e4-c5fd-453a-bf32-03491de5c95f,Eka Doni,https://play-lh.googleusercontent.com/a-/ALV-UjWuW-b74fOxA-sB221pXqso0xtTM9_P0KeTI5rXY0YgGLPdlcc,cocok untuk anak-anak,5,0,,2026-04-22 05:27:47,,,
daa3eaba-9a01-44d9-8b80-eb14311bf3be,World war Gaming,https://play-lh.googleusercontent.com/a-/ALV-UjU55wmxsKcKb27yCrXA_bGgkRgRSMbQRGAUUKlCw0LQqmUy0cw,"Game nya bagus, aku cinta roblox 😁♥️🥰",5,0,2.624.524,2026-04-22 05:23:50,,,2.624.524
11297e91-25b6-442b-a9c4-ec27eb853ff9,Rafi Armansyah Putra,https://play-lh.googleusercontent.com/a/ACg8ocJ9ZrbK8WZloD3UNcz0z1ftKNc5QdsDlRoxcO1b8XYYR-oAVw=mo,seru bisa Mabar sama teman teman bisa merasakan pengalaman visual 😘😘😘,5,0,,2026-04-22 05:22:28,,,
dbd03784-0a8c-496e-bb94-7ef860bfd568,vinsen vinsen,https://play-lh.googleusercontent.com/a-/ALV-UjWX2bqmq3R__auiCiDRzKLHuvzxrMiF1fdne1hOFrJU6Zd57yBs,aku sangat suka permainan ini jadi saya kasih lima bintang,5,0,2.715.1115,2026-04-22 05:15:38,,,2.715.1115
e1fe4fca-a512-42d6-bfee-819217ddda6b,Ni Made amrita putri,https://play-lh.googleusercontent.com/a/ACg8ocK_mzApsr-OvE5LPnO-mAp9Uo0bXcB3r-fQb8K4Q77NHjG-bw=mo,sangat bagus seru tapi tolong kembalikan chat kamu,5,0,2.715.1115,2026-04-22 05:09:59,,,2.715.1115
74cfa159-b13e-43af-8cb1-817be9ab1449,Malasari Sari,https://play-lh.googleusercontent.com/a/ACg8ocK8wyn8GpzK077ODFxJ_hUv7xwNM5LwLQkkKz5W8wDQx_DBcQ=mo,geme yg bagus,5,0,,2026-04-22 05:09:10,,,
fc3e87c2-23de-4e19-be99-0cc5fd38f7a6,Agung Purnomo,https://play-lh.googleusercontent.com/a-/ALV-UjW8tV0FhuZMBXafOW_QFTXWEXQUlPNDJL0gMJ3GdGMT0Cdx5WE,bagus,5,0,2.716.875,2026-04-22 05:07:01,,,2.716.875
7cb2e40c-10a5-4675-8375-68cafab849f7,Pak Bejo,https://play-lh.googleusercontent.com/a/ACg8ocIynqtH-RH3Hm6OmMkQy0-THR-STCuwDC0zwoeRMhG_0wCp2w=mo,roblox tu sangat seru tapi bikin hp aku panas/ngelek jadi mohon tolong di perbaiki ya,5,0,2.715.1115,2026-04-22 05:04:06,,,2.715.1115
219aeda6-23eb-421a-9981-a8c34d371760,Berlin Asamrnia,https://play-lh.googleusercontent.com/a/ACg8ocIQlCT9QnfeBDKLVy14FQn-64DO8wW1XxDLZXu0kqYMa-jYKQ=mo,bagus,5,0,2.717.985,2026-04-22 04:43:38,,,2.717.985
a2fbb936-c8aa-4a0f-ab86-6e2d802203cf,durinah 82,https://play-lh.googleusercontent.com/a-/ALV-UjUoEB4gx8uLHyTFn_btBrfSU2Oe9AeOuGvX97ZizGe0q3XP8zw,sangat seruh banyak map nya dan menyenang kan gak bikin bosan ya,5,0,2.715.1115,2026-04-22 04:42:05,,,2.715.1115
841c2c4a-e0d9-458a-b479-8a0d73dd563c,Maulida Azzahra,https://play-lh.googleusercontent.com/a-/ALV-UjXz4M_duyPpurjjRDtlPLZ50VQakef_qWKurc-c8Wl4C21QygM,Bagus banget cocok buat ngilangin gabut sama ngilangin laper pas puasa gak bikin stres lagi,5,0,2.717.985,2026-04-22 04:37:22,,,2.717.985
548bf6c4-379f-4cbe-8bd6-396a3bb06b16,Juju Jumenah,https://play-lh.googleusercontent.com/a/ACg8ocJ4YiCvDeer4YNXIrX4Fg7wHq7v-HMxViZM-2JLp8kYuDPc8aI9=mo,saya Sangat suka sekaliiiiii. love youu Roblox,5,0,2.716.875,2026-04-22 04:36:11,,,2.716.875
29ad33ed-6249-4d8c-811d-8cb288351dfa,ahmad irsa faeza irsa,https://play-lh.googleusercontent.com/a-/ALV-UjVRuNLimpsqes_Q3Q7Ao5q03AExyIwgtHeVUCiCMyXtyXPUC3w_,nih game lag banget tapi tetep seru,5,0,2.717.985,2026-04-22 04:31:51,,,2.717.985
88a6675a-40b2-44e7-b08b-7cb9533dd4b8,Tasya0441 Offcial,https://play-lh.googleusercontent.com/a-/ALV-UjVkxLdNR8sem5pHq40QKHLAninGbwJvqpWiODCOr7L4b1KfQGI,aduhh sering bgt ni Roblox update hp gw jadi ga kuat anjir mana gw udh banyak top up lagi aduh,1,0,,2026-04-22 04:15:22,,,
0d3c30f8-de1e-49aa-bcf4-da197bf0de46,Amir M,https://play-lh.googleusercontent.com/a-/ALV-UjUiaeqIVWd-SXy1iyt-fsjUMy1t4xGC1JxR8Lb0HRhoOTYrzwOA,"kenapa akun akun predator gk di ban?, roblox harusnya blokir akun akun predator bukan malah yg anak kecil yg di ban, kalau gk ada kasus predator dan roblox udah terbukti aman untuk anak kecil saya ganti jadi bintang 5",2,0,,2026-04-22 04:13:37,,,
35acba46-d265-4ffb-92e0-eb236cf7cdba,Siti Muarofah,https://play-lh.googleusercontent.com/a/ACg8ocIx459kOk8hmYGKeOAFAEueCBLvSfqpunZk8YD3qUmajFLtLQ=mo,bikin gabut hilang,5,0,2.716.875,2026-04-22 04:09:39,,,2.716.875
c7ce1f32-da91-4b20-85c9-6871f0d51fc1,Noval Bagas sena,https://play-lh.googleusercontent.com/a/ACg8ocIrzwqmhhOZ3HkJEZNFFJ8IK8aswvXtf2T6Ec5lZOTmZCPHpg=mo,permainan nya seru banget pas sama gem 🙏🥰👍,5,0,,2026-04-22 03:32:25,,,
a5fec524-7f21-4952-b6bd-1224391d453c,Rindi Antika,https://play-lh.googleusercontent.com/a-/ALV-UjUT42uTWlZ7W7eW2JptCgMh36mDGN3uee0U3EfeWzbTuTr6UBCJ,box itu bagus terus banyak permainannya,5,0,,2026-04-22 03:00:39,,,
1021e275-490c-4d2f-b394-c52f07c52811,Sabrin Ren,https://play-lh.googleusercontent.com/a/ACg8ocIm4pVu6GJNERv9_jBast1vOHR0KcOvSEaVqStAktrTHIPE=mo,"game nya bagus, tapi saran chat nya di ganti kayak sebelumnya aja ya",3,0,2.715.1115,2026-04-22 02:55:22,,,2.715.1115
df48258f-eaa3-4c45-8951-449f603bdf64,Sugi arto,https://play-lh.googleusercontent.com/a/ACg8ocLhvyyiypm1cWkHCi3hHb7XFTPtPsS-Qt-oXAPKqdBHNczzsA=mo,Roblox bagus untuk anak anak baik,5,0,2.717.985,2026-04-22 02:54:05,,,2.717.985
f47be75e-f936-4a4a-9923-4745d943457b,Wahyu Arianto,https://play-lh.googleusercontent.com/a/ACg8ocLKyDve_pAIBvJ85l7uWCX5QcGiP7lNOVXrjF_UKVDZ-wlp9Q=mo,wahhhh bagus banget game apa aja ada loh cuman ya player banyak sekali yang tipe trol udah itu aja,5,0,2.715.1115,2026-04-22 02:20:21,,,2.715.1115
8887e52f-c0b7-4edc-bc54-07baa8989a1c,GaBREL Dr,https://play-lh.googleusercontent.com/a/ACg8ocJMpqmkZq5di_E3Ekpi4RUiXRifgThq4TbdKlWg7W1uTH9Wmg=mo,👍👍👍👍👍👏,5,0,,2026-04-22 02:19:36,,,
a31ddc0a-3c9b-41fd-b378-a3a278dfabcd,Devan Phiong,https://play-lh.googleusercontent.com/a/ACg8ocIqCs1s-macFaZeRU2hR_6bn2AFr0A447GB98u83htAa5KqYQ=mo,"Now i know the reason Fishit player From 1M+ down to 100K+ , Because Fishit Developer(Talon) Can't Do Something About the Game System , LUCK useless , Percentase stat USELESS , stupid RNG system , 24/7 already 7day no got the secret fish , and that verification you not bot is very annoying , we need afk for get the fish , we not BOT!!!!! READ IT ROBLOX CORPORATION!!!!",1,0,2.715.1115,2026-04-22 02:14:14,,,2.715.1115
c92a8880-52a7-4181-bf64-60948cc05196,davin putra,https://play-lh.googleusercontent.com/a/ACg8ocIXW1S6ju9YiBKYiX9x4SE__Ii-HKUNSWyJ4EIXt34FLHjTgQ=mo,game is i am so happy yeyy,5,0,2.717.985,2026-04-22 01:58:26,,,2.717.985
cf320769-7d7e-4498-811a-6d0dc297f36f,Jose Mendrofa,https://play-lh.googleusercontent.com/a-/ALV-UjX7Ra0ZFK-Feb7RpWOgqAn5QNl4CveWa_7kJx0cbFO-vMbxh6I,banyak game yang beragam setiap game juga ada ke unggulan nya masing masing saya suka game roblox ini mungkin aku bisa kasih bintang 5 untuk ini tapi masalah nya banyak sekali player yang melakukan kecurangan kita yang bermain secara jujur dan adil tapi ada juga yang bisa merengut semua itu dengan sekejap aku harap game ini memiliki keamanan yang lebih ketat lagi agar semua dapat menikmati game ini see you good bye,4,0,2.716.875,2026-04-22 01:53:45,,,2.716.875
bda30d1c-3527-413f-9686-791cb0127fd9,Pajiah,https://play-lh.googleusercontent.com/a/ACg8ocKH-nVQWYZ6WbqSc7thv7CwZK71e2KJ7JUmFa5DD4XBoYRczg=mo,sangat bagusssss bintang ⭐⭐⭐⭐⭐ pokoknya 🤍,5,0,2.714.1091,2026-04-22 01:48:45,,,2.714.1091
65cc9c16-5c80-44e8-bf8d-c77a31ef27a8,orang dalam,https://play-lh.googleusercontent.com/a-/ALV-UjXasjaWbij5EThT7cXnGCehaYhyVB-gh_3amI8tUC9PjwBIvQrG,tempek gabisa ganti akun,1,0,2.715.1115,2026-04-22 00:47:19,,,2.715.1115
15dd283c-d006-4236-a587-942b72c31df6,Herman Tea,https://play-lh.googleusercontent.com/a-/ALV-UjXkWdpxEqlZZ9f2tQHT7FLIhB0JfHnE071Lu5INa4wZpkbXtjk,hapus aja game ini banyak anak-anak GK tau waktu dengan game ini,1,0,2.663.660,2026-04-22 00:46:08,,,2.663.660
8f8ab06d-eabd-46c5-97b6-ef1807c0f365,iqbaliqbal1,https://play-lh.googleusercontent.com/a/ACg8ocKmG5gqqb4hvjCslNkYGOz6XzVnbFn7KlkFrhB8iqpsNLef1w=mo,ini game udah bagus tapi game ini sekarang sangat membatasi akses untuk para player nya jadi saya kasih bintang 3,3,0,2.717.985,2026-04-22 00:44:37,,,2.717.985
dfb6b2d8-f43d-459c-b418-fa8b699cf91b,Kastura Wati,https://play-lh.googleusercontent.com/a/ACg8ocJCbOApm15xFBnGGSFs4HCG5HhYHPTdv5C-Yo9k8b262BUB7g=mo,"bnyk aturan , gajelas",3,0,2.715.1115,2026-04-22 00:27:13,,,2.715.1115
e68c3bd8-5355-4c1f-81f8-e743182a6e5d,Ferdi Yansah,https://play-lh.googleusercontent.com/a-/ALV-UjUpAjEDn31eEBdmpwdeY5vwc7mfBFtA0K1s4H1SBYQz-UMx7Gll,game yang ktnya ketat soal keamanan privasi dan pengawasan tapi ironisnya jika ke arah cheater/hacker masih bisa lolos sensor game-nya wlpun udh dihapus tapi masih ada untuk apa? seperti sengaja saja dibiarkan berkeliaran mengganggu pemain murni dan lagi suka lag dan kalo ngelag suka keluar sendiri apa coba kalo ngelag ngelag aja jangan keluar dari map dengan paksaan,5,0,2.716.875,2026-04-22 00:25:53,,,2.716.875
59104a9d-eaac-489f-89b1-9ac74fb25e06,Awang 123,https://play-lh.googleusercontent.com/a/ACg8ocJjDtq4PDWriOwRuvOaSSGl5uw3EDaFF5S0FX0OkZu6V9YJgQ=mo,gemnya yebelin dh toup malah egk masuk,1,0,2.717.985,2026-04-22 00:20:40,,,2.717.985
f28ad99a-5a2b-44df-a291-d06eed0dd908,Noval Boss,https://play-lh.googleusercontent.com/a-/ALV-UjVEGV2_FwYvGYH4TGsDk8l0ybS9GJfOSePFsGXFdLqa-EZQ4fs,"seharusnya gw ngasih bintang 5,tapi ada minus nya kalo vitur chat di balikin gww kasih Bintang 5",3,0,2.717.985,2026-04-22 00:16:24,,,2.717.985
8343e3f8-eff9-4383-a5c8-8d00fcf8b284,Fawwaz,https://play-lh.googleusercontent.com/a/ACg8ocJVjR6MZPIN7tP8ghxUrdv5rNOapPoqYjdDQIFMnxzXowfHqg=mo,jelek,1,1,,2026-04-22 00:11:43,,,
35cad03a-fc7c-42a2-8baa-c41dc5b404ec,Khairy AlFajar,https://play-lh.googleusercontent.com/a/ACg8ocI9DxRlhOYD9VyLScsoMVsCcwtJyiYU8-1znT9EZAdJPkOfuw=mo,sistem nya rusak voice chat tiba tiba hilang gak ngomong kasar apakah bisa di perbaiki jangan nambah parah kalo bikin sistem jangan ketat lah gak ngomong kasar kena ban juga emang aneh,1,1,2.717.985,2026-04-21 23:50:31,,,2.717.985
cd92a0af-22dd-4362-8215-9d9f24cb6bf9,Ros Niah,https://play-lh.googleusercontent.com/a/ACg8ocKDfrmrErL-PQvvOnCMyI31cfMipgg3ObihnslQ3LPxdv786g=mo,game paling seru minnnn,5,0,2.716.875,2026-04-21 23:47:06,,,2.716.875
bb95b5f1-db0e-4c6c-bfd0-c9e7874d0243,Aji Nugroho,https://play-lh.googleusercontent.com/a-/ALV-UjWuItN-c4rCf55W95Qd-MBEMVqCadj6rRpTcIo5C37XwpKYRmCA,males buat ngetik keluhan nya,1,0,2.694.983,2026-04-21 23:44:55,,,2.694.983
454b7e68-df0f-4f64-961a-c955ffefca40,Falita Ulfa,https://play-lh.googleusercontent.com/a/ACg8ocLugw1u8I6KDKhafa-qNT0fzXvHjCJXIdpSxaDHIE57hxtttg=mo,Ini sangat menyenangkan saya main nyaa terkadang lupa waktu,5,0,2.715.1115,2026-04-21 23:39:52,,,2.715.1115
2716aceb-44ab-4caf-b39f-59544a358e65,Melani Melani,https://play-lh.googleusercontent.com/a/ACg8ocI9rc3dTM7NtgkQWPKpivZliSgGYs0u7cVyMm1gFHqIm5a6uw=mo,"saya tidak suka dengan chat yang sekarang, seharusnya chat bisa terbuka untuk siapa saja dan sebaiknya mensensor saja kata kata yang kasar/kotor.kami menjadi susah untuk mengobrol satu sama lain1",1,0,2.717.985,2026-04-21 23:29:41,,,2.717.985
77f318dd-ec78-4a61-a23e-1e7ec385eaac,Axcel Alamsyah,https://play-lh.googleusercontent.com/a-/ALV-UjXv3IVL2p_tatSQmSdyyWWCODtvqvq_ibA-wXRYlP3JT8ZI9DM,bnyk update,3,0,,2026-04-21 23:29:18,,,
f85ff20c-1312-420e-81d3-0b0181f6e9d3,BabyGamg#27 BabyGang#27,https://play-lh.googleusercontent.com/a-/ALV-UjUfLru8B9vOH4nYgqzkONaZ9ffAIKqoq5bs6cQgOHQ3_0rLCnUD,saya cuma minta 1 tolong kembaliin fitur cheat biar nggak bosen..,1,0,2.714.1091,2026-04-21 23:16:15,,,2.714.1091
badf57d7-d549-4528-b31d-765b091a998f,Patna Sariiy,https://play-lh.googleusercontent.com/a-/ALV-UjUD5M8k0OKDT-yoMx4V9MIB1tH8ZYzSFlmSmSGQ0zJ3dsVM9Ms,"banyak aturan baru yg menurutku yaudah cuma kita tidak bisa mendapatkan teman online lagi, kebanyakan gak bisa chat, dan itu membuatnya tidak seru lagi, biasanya kita bermain dengan teman online, walau kita udah di verifikasi namun mabar dengan teman yg lebih dewasa tidak seru tidak bisa chat, jadi tolong kembalikan roblox seperti dulu",2,0,2.717.985,2026-04-21 22:58:07,,,2.717.985
6a946e57-65f4-4f43-8b2b-8e1fdbb6d52b,Syafa Putri,https://play-lh.googleusercontent.com/a/ACg8ocIA3ug7hLtMpc1xa6kTo19tOu6t23SeXyXicoLGhkwD277VPA=mo,sukaaa sama Roblox soal nya seruuuuu dan bikin aku happy terusss Poko nya debes deh Roblox mah,5,0,2.715.1115,2026-04-21 22:57:41,,,2.715.1115
3541e95a-362d-49ea-b9e4-036232eb234c,Mahrani Ilham,https://play-lh.googleusercontent.com/a/ACg8ocLf6PeDQDJw-EIyNTdTT9tTul5OrndA6wWwqxAX5A2KDp5M5uI=mo,bagus,5,0,2.715.1115,2026-04-21 22:56:28,,,2.715.1115
01394fff-bf2e-468e-aa8e-1ff7bed8bfb2,Raya Septiyani,https://play-lh.googleusercontent.com/a/ACg8ocIlz3PVo8TWMF1wdfrieC_EEyfrNTUahKghfGRyaGPV_Y2DCA=mo,makin gaberes ni game banyak item yang hilang ngerugiin gw bgt plis,1,0,2.715.1115,2026-04-21 22:56:18,,,2.715.1115
dbfd037b-a951-4398-b2d3-9da1860ea629,Andre Saputra,https://play-lh.googleusercontent.com/a-/ALV-UjXD9w9lzzcP-mjvJ9t8C_cyWUldORCINZSwj7K7BYHMBpxx54E,"game roblox yang saya tahu, tidak seperti sekarang",1,0,,2026-04-21 22:50:57,,,
89609149-eabb-461d-9a0e-246817db2c28,Joker Maulana,https://play-lh.googleusercontent.com/a/ACg8ocJzjIaCT0JljmnmiNuHShGHJOmxhWF03s02LVJJSp-sUC77fw=mo,seruu banget,5,0,,2026-04-21 22:45:27,,,
dc103cb7-4a9c-4818-b88a-5d174c073afa,Resya Afiza,https://play-lh.googleusercontent.com/a-/ALV-UjUy3P-AgSiiRRhwgOoUoEfG86qmzDMaZZEoLTvpNyxQlFepL1nm,"niatnya mau ngebuka chat, tp mau verifikasi hrs mke ktp ortu, uda mke ktp mlh gbs gjls dh",1,1,2.717.985,2026-04-21 22:44:33,,,2.717.985
251eba90-5105-4e89-9242-78f9fbc950ad,tsabita azea,https://play-lh.googleusercontent.com/a-/ALV-UjUzYPU9G6lXWI0O9Z6eBLrGsX1RARVI1-YF3pXX0yYOrD5-ufw,seru si tapi selalu ngelag sma suka update mulu jadinya gak bisa. main sama teman aku🫠🫠🫠🫠 bye guys,4,0,2.715.1115,2026-04-21 22:43:50,,,2.715.1115
75ecb5b2-4e34-486b-8d74-90e4bc8952e4,Sint Ta,https://play-lh.googleusercontent.com/a/ACg8ocIFeDYp7YFzFFdMT4fq52QqZNxPNveZR87Ek0Sti4Vm5jH1LQ=mo,tidak baik utk ank,1,1,,2026-04-21 22:36:09,,,
8f79709a-b88d-41a3-b7e8-53e059e08366,ade sulaeman,https://play-lh.googleusercontent.com/a-/ALV-UjUQaecH-T1MQxlW194T63gaMIa8tK5FIaC8j8wQLCb8zRKmIBA,susah banyak yg pake cheat pas di report gak ke ban,2,0,2.683.775,2026-04-21 22:31:20,,,2.683.775
55e28aa7-1e27-4cd9-831c-cf27672f2a5d,Imam Lawar,https://play-lh.googleusercontent.com/a/ACg8ocLXNi-S76yURg9SGB-uHDxHU1yfEaDLPnmOQKieaSxaIC5L_Q=mo,woy akun gw ilang balikin gak,1,1,2.716.875,2026-04-21 22:31:11,,,2.716.875
f5368ff3-3583-4226-a124-7b3afe275263,Icztvcc Jcsrhjf,https://play-lh.googleusercontent.com/a/ACg8ocJgCZGDUWVMurftC0zTD4XdoZ5yHs60pJDgZioffsI2z0UOSQ=mo,"game nya bagus tapi kadang keluar dari aplikasi nya dan harus login ulang, dan ini termasuk seru Karana bisa multiplayer dan agak leg yg bikin kesel",4,0,,2026-04-21 22:26:39,,,
9463f9e7-296c-442d-a100-733494a7518d,Nara Al farizi,https://play-lh.googleusercontent.com/a/ACg8ocKtnkzV9DrAC-UFRXcnCkr5S99-cqQr7mAjwGkjCYaHjQtaSA=mo,"Permainan ini sangat bagus sekali ayo semua download game ini,Roblox",5,0,2.715.1115,2026-04-21 22:21:54,,,2.715.1115
945467de-0d9d-4f21-860e-54ee9c7a5853,Wongireng123,https://play-lh.googleusercontent.com/a-/ALV-UjUX9pCx00tyqlQqN1xPWugWpXWh4P56zKGDf_KQg-O7jMYYoPQ,menurut gua si lumayann tapi banyak bug mana kadang disconnect sendiri padahal sinyal bagus bahkan tiba tiba nge cras,5,0,2.716.875,2026-04-21 22:20:31,,,2.716.875
d3a75422-14c7-40f1-85c0-7082c6c97075,Yunisa Ningsih,https://play-lh.googleusercontent.com/a/ACg8ocKOsZobHbFnqq5TQZT_gS43Lncq1u63cj526dJxUVjVRnHmlw=mo,baguss aja sihh geme nyy aku suka,5,0,2.715.1115,2026-04-21 22:17:34,,,2.715.1115
95c86c9f-fb26-4f1d-9568-bab2504cedb4,ikanasingg,https://play-lh.googleusercontent.com/a-/ALV-UjVmQEVVly1Wxe7OWujxCF77vFQJCPpXBi0_gjlRPlhvy44_Wcs,"lopyu roblos, kurangin dikit napa harga robaks nya😡",4,0,2.717.985,2026-04-21 22:16:43,,,2.717.985
081a6de1-81aa-4e0f-a21b-f309407ef2c0,Reisty Arcel,https://play-lh.googleusercontent.com/a/ACg8ocLSHFO_q9dOqeSj1bvmyhGwNMF396QBVUsiiXT743nWCDpwYw=mo,"seru banget,karena bisa main sama temen kalo gak main sama,orang,ramdomm dah pokoknya seru bet dah😎😎 rating.bintang lima deh bagus",5,0,,2026-04-21 22:16:15,,,
c41fafa5-4d4d-44a2-9436-1c717b9de4d8,Ezel Alvaro,https://play-lh.googleusercontent.com/a-/ALV-UjXbsbX080i9besg9cVzfEp--1xMC4aPxFG-Efxaen1yqN-oi6w,Lag,2,0,,2026-04-21 22:15:06,,,
8a8eeafc-e148-4f91-86cd-d48ef43376ad,Arsakha Virendra,https://play-lh.googleusercontent.com/a/ACg8ocKdwdtJz5dP7YVu18un6IBW9BKvTSBYYnaDveyzAnJnLh35Wg=mo,walaupun gak punya duit nggak top up tapi aku tetap senang banyak game dan kesenangan lainnya ya aku kasih bintang 5 untuk game ya,5,0,2.717.985,2026-04-21 22:09:58,,,2.717.985
a5a7a5c7-4989-42fe-aedd-3bbc478ae04d,awel io01,https://play-lh.googleusercontent.com/a/ACg8ocLaFV2l9XMD8k3GAxR7McD0Vva9VyTfxfwG7Bi4XK-fJgCh8w=mo,banyak aturan lebay dikit2 verifikasi umur lebayyyyy ga niat bikin game yak. orang juga pengen komunikasi,1,0,,2026-04-21 22:06:44,,,
fe7057bd-848c-4735-b505-63af91f2942c,Ainun Carmen Fiona Afiqah,https://play-lh.googleusercontent.com/a/ACg8ocIHL2c4k7Hnf3HGwY5-ApqpDKmDVXaZgLpmX-m463mT-RhLRw=mo,"g sru game ny,kbanyakn update mlu,trus stiap ak top up akun nya ilng",1,1,,2026-04-21 22:04:11,,,
c7447353-844f-4c47-95fa-0a8c8a69ba8a,Lies Khaerani,https://play-lh.googleusercontent.com/a-/ALV-UjXS_S4tjTAS8Md3wtEnLmrbYLR8bV5xz7AmkTIKTxNqlGy6Rq5G,roblox kenapa si skrg sering update melulu?,4,0,,2026-04-21 22:03:49,,,
f3593f30-bc60-497d-ba33-5c8d03d646f3,Mikael Mikael,https://play-lh.googleusercontent.com/a/ACg8ocJOohSAKFrLQ8bl2lF7dUet5hD8GkBKg2XrOuV29ZIwr2L1rQ=mo,baik dan aman,5,0,2.716.875,2026-04-21 22:03:11,,,2.716.875
22f75a33-3e61-47e6-b745-0fc574d659bf,Juri Wahono,https://play-lh.googleusercontent.com/a/ACg8ocLJWp_MM7jikeWMtnmtYvY3qU1it07KU7B61pjDwLrzKlL8XA=mo,syangnya gak bisa voice chat Dan membuat game di hp android,1,1,2.714.1091,2026-04-21 22:02:45,,,2.714.1091
3a9cb62c-6052-4e59-aa64-aaac210ef91f,Fauzi,https://play-lh.googleusercontent.com/a/ACg8ocJTRNS9FE4wvGqeZ-EXdPGSrPL-wTrSq4AgMMxkZmTopmY4Aw=mo,gegara roblox tidak bisa chat pemain selalu menurun kenapa roblox harus memprevikasi wajah dlu makanya saya kasih bintang empat,4,0,2.716.875,2026-04-21 22:00:25,,,2.716.875
6c27192d-97a8-4a41-bee1-781a6410e5be,Reni_reyhan Ramadhan,https://play-lh.googleusercontent.com/a/ACg8ocIH9VhuYk3bw4kupKxfCSl3eVQu1U0Dk9VQAqNoxEQ4DgK-Pg=mo,bagus banget walau ada peta peta,5,0,,2026-04-21 21:59:56,,,
9874f12b-73b8-4dbc-9df1-371c6581311a,Hejej Haik,https://play-lh.googleusercontent.com/a/ACg8ocLsSf9hOTe00fOjChmgcG1vF8MMmVMfS384W8Z3dzLHOUG3Bw=mo,game nya sangat bagus dan banyak pilihan,5,0,,2026-04-21 21:59:01,,,
a5c7a26f-122d-4b69-ad18-d60605153caa,Alesha Kaleka,https://play-lh.googleusercontent.com/a/ACg8ocKlPt4ii1xhLIchVdOmxaWgWHn3KSnbgYWqinb0NblSkgzsSQ=mo,ini game terseru dan terjelek yangbprnah kumainkan,5,0,2.715.1115,2026-04-21 21:58:34,,,2.715.1115
525bb0da-869a-42f3-a99a-b365bea22b92,Iswndi Denz,https://play-lh.googleusercontent.com/a/ACg8ocIWwOMLgm7FM76BZglp_flI2DE4U-MZt-pog0Z_S2mVboAibkw=mo,fitur chet di batasi jadi kurang seru jadi sepi dalam game,1,1,2.715.1115,2026-04-21 21:55:40,,,2.715.1115
d6102562-2ee6-4a76-8d65-174454b25919,Adi Wibowo,https://play-lh.googleusercontent.com/a/ACg8ocIdeaODR2Pg6yix0_yciAz2YQDSeKsF7cOFheb2nuXPApQqMg=mo,seru banget,1,1,,2026-04-21 21:55:01,,,
4edacc6c-4967-4a02-8768-c378a018c361,Virgiawan Putri,https://play-lh.googleusercontent.com/a/ACg8ocJg3-sm8HxURZZDt4m2l8PiiFiZZ7933kcRv3BxUKAmlxSt5g=mo,seru banget cuma bisa ga kasih aku robuk,5,0,2.716.875,2026-04-21 21:54:35,,,2.716.875
efbdebb9-b853-4b98-9088-68746c7c0fd9,Nathaya Caesar,https://play-lh.googleusercontent.com/a-/ALV-UjWfYsi_-mOOQcVLy3Dpp_ozyTgfHM2rFTmUb1bWG4OyuGa-lVgY,lelet lodingnya,2,0,,2026-04-21 21:54:12,,,
ba117654-740e-4912-a859-1266f3cc47f5,Dis Kont,https://play-lh.googleusercontent.com/a/ACg8ocKIsploDidmFK-qo8oK9JZFstfb23BxPBiytvwlZolffVkdVg=mo,game ini seru banget buat dimainin bareng temen,5,0,,2026-04-21 21:53:50,,,
3e78dff9-8fb2-4d1f-b6b0-ed4b5c69e3e5,Annisa Em,https://play-lh.googleusercontent.com/a-/ALV-UjWDKwgMujfmH0B10SlpepABJoLlUPohFVGvAiMAnX4Qwu7YI78,"game nya sih bagus, tapi kadang juga suka nge bug",4,0,2.715.1115,2026-04-21 21:52:56,,,2.715.1115
13d8d5e0-6316-4c05-a8ca-c103ea7eade4,Putri Riana,https://play-lh.googleusercontent.com/a/ACg8ocI6TOb5Af_IH3VjwZAvyNQD_hgAjeNKpNxhcUIyDfcbnwHHWQ=mo,seru memang seru cuman sunyi tanpa chat Roblox tolong kembalikan chat🫤😭🥹,5,0,2.717.985,2026-04-21 21:51:48,,,2.717.985
6dc56887-5baf-447b-8cde-f1c8e3e3f745,Motorola 1001,https://play-lh.googleusercontent.com/a/ACg8ocJbL9-t71pG1rpuE_3x3W_KhbsHm_Tcg8DZFeUgdlhbsnwsHw=mo,cuih ngobrol biasa aja kga bsa voice di ban Mulu ngobrol biasa,1,0,,2026-04-21 21:49:49,,,
371184c3-6492-4853-8cbb-9202ab49dc9f,Mamai Ddaa,https://play-lh.googleusercontent.com/a/ACg8ocKzpE9n3IkXgJ-LA9UDtAJngg0VI9Na56m4dqBWLXv_DQPKWQ=mo,bagus sekali gm nya,5,0,,2026-04-21 21:49:25,,,
ab7198ee-3334-41db-9c7a-1491368bfd11,Raya kiti Dika,https://play-lh.googleusercontent.com/a/ACg8ocIy5D8Qmjg4x0HZfzuqAJb2GdHpL_UmG7Gv6ZGY3LFDg2J_-Q=mo,ini geme bagus bangat aku suka tapi kenapa ga bisa chat dan onmic padahal aku udah masukin semua yang di suruh,5,0,,2026-04-21 21:46:24,,,
52c332f5-ef58-494b-a04b-5b5f4551f1e3,MUH.MUAQQIZ Ambolleng,https://play-lh.googleusercontent.com/a-/ALV-UjUhFjFse7yMytFYzQF7liE-Eu5e1rOIRA9Y7pwOFde-w8ut5MQY,game burik jaringan nya sering ngeleg kalau main biasa eror,1,0,2.716.875,2026-04-21 21:46:14,,,2.716.875
1125f43f-24fe-4ff7-ba02-e2168aa4dee9,Erlan Dinata,https://play-lh.googleusercontent.com/a-/ALV-UjU7QFsui7de5HuBvYtKKGlBr-hqneoehoqVJumVLc3puXXZ1GYJ,a bagus sieh bisa farming both,1,0,2.717.985,2026-04-21 21:44:13,,,2.717.985
4f203e84-bd3b-41ff-b536-a0e8260571ed,M. Azka Alfathir,https://play-lh.googleusercontent.com/a-/ALV-UjVis9ejJjUsj6LaHhq_L4M5ZOK3hJ1-OC7EoOhpO2MLlKfX9t4,"upd makin lama makin terasa kikir nya perusahaan satu ini dan kenapa GK pake ide Roblox kids Roblox select lebih awal?,jdi ketika fitur itu sudah dilakukan mohon chat kembali di bebaskan karena yg masuk ya anak anak seumuran nya dan perbaiki juga sistem reaport dan moderator nya dan basmi semua predator di sana dan mohon ban map yg berbau hangout kecuali Brookhaven dan yg di ban itu kayak game toilet apalah dll jdi plzzz terakhir balikin wajah klasik(clasic face) sekian dari saya untuk Roblox",1,0,2.717.985,2026-04-21 21:44:03,,,2.717.985
2d634e40-42b4-44d8-b06a-c4aec0ea0c76,Nining Andriyani,https://play-lh.googleusercontent.com/a/ACg8ocKPNqcASvBNPy-YHWWdzqGnfO_hDbl6NpekcytuwxiCR2hqzA=mo,I 18+ why im can voice chat just why Like why just why roblox give me voice chat my roblox user is Im_sapiiqurban pls im supposed to get voice chat,1,0,2.717.985,2026-04-21 21:42:22,,,2.717.985
37cb6f28-8a11-4cdd-985c-d1f0808d459f,pelangi pro 1654,https://play-lh.googleusercontent.com/a/ACg8ocJmPwG5OCOKPWUyEtJj1-JY2RdzZICJyWiqT67ddN1xtJtSlw=mo,game nya seru sangat banyak,5,0,2.716.875,2026-04-21 21:41:15,,,2.716.875
c9404d27-9069-4d5c-8925-020542662474,Ulys Dyan,https://play-lh.googleusercontent.com/a/ACg8ocLlXtI5hPrmPYg3OHHVzk6x9vLT7eT2bgu3hwT_r27koDtTuA=mo,bagus dari kecil udh mainin ini bikin hari hari makin seru👍😊,5,0,2.716.875,2026-04-21 21:40:46,,,2.716.875
ba327100-013e-4975-9111-fc7d4d987d87,Sensei 1000,https://play-lh.googleusercontent.com/a-/ALV-UjV-3CXPTqWKcNcxortEG5u1e7-MUDCzwytK-cbpJVaybT8NluE,tolong lah iklan robloxnya gak ada tanda xnya jadi kepencet donglod jadi gagal aku dapet uangnya,1,0,2.711.876,2026-04-21 21:35:13,,,2.711.876
8d1fcf9c-b7a5-4022-9b00-12baa5585da3,Nuraina Syafrida,https://play-lh.googleusercontent.com/a/ACg8ocJ3q6x13fdDl0TkioWMW-GRSnAMuBp86K7rT9H3_VYWBHOhxYw=mo,"Game nya bagus seru kali aku saranin untuk main game grow a garden, blox fruits, fish it, stel branrot",5,0,2.717.985,2026-04-21 21:35:01,,,2.717.985
8a5987a3-90e0-4458-8ac4-7db6bcdff4c8,Nay Naila,https://play-lh.googleusercontent.com/a/ACg8ocJEeZPQ-gag_rcEnIQSjCzzF0jQliLIj6vz57GChuiQv1Fcpw=mo,game nya bagus banget banyak map juga,5,0,2.717.985,2026-04-21 21:33:54,,,2.717.985
5dced597-14b8-4912-96d6-ba6d2bc0d47a,ARYA ZGLM,https://play-lh.googleusercontent.com/a-/ALV-UjXu1TsRx1NYuWmQSle_vV5Z7-9J5wi9ir0g-9vvQLfrMIe78lM,peraturan nya semakin lama semakin gak jelas,1,0,,2026-04-21 21:33:43,,,
9cc453bb-c998-45c8-9426-4779d8e3a4b7,Raka Hakim,https://play-lh.googleusercontent.com/a/ACg8ocKpoQMLazvqme2VJIAoSs2yVyo22WM1pa4RYPY3EQ-LC0wXEA=mo,seru walaupun suka ngelag tapi tetep seru,5,0,2.714.1091,2026-04-21 21:33:31,,,2.714.1091
eaf3bf3f-9b65-4db6-bebf-fe2b4b194c7c,Alfatar Hidayatullah,https://play-lh.googleusercontent.com/a-/ALV-UjW_YPs0-AUGf8vkqbbCWP6liJnjsQJQdSRfqOhdzjfwcJs_bh6V,di sini saya dapat banyak teman walaupun masih banyak cheater ataupun orang yang jail saya suka dengan kinerja admin geme,5,0,2.715.1115,2026-04-21 21:32:32,,,2.715.1115
00dba291-761b-4938-9de2-ca97098c7f02,MUHAMMAD RAYHAN Sinaga,https://play-lh.googleusercontent.com/a-/ALV-UjXFlFQP9qrAfp98GgUZzOme2bfW-RqBIErUv4tPMcqNpVdBYik,"Game buatan roblox bukan sekedar game biasa tapi untuk kita tau tentang dunia game seperti di game robloxkan ada soal mtk permainan yg menarik tapi harus dgn bimbingan orang tua saya kasih bintang 5,5 karena sering eror 🗿",5,0,,2026-04-21 21:32:27,,,
a1812953-5cfa-405c-a824-016399ea104d,Lisma wati Wati,https://play-lh.googleusercontent.com/a/ACg8ocK_GF1B52PbTUWSc-K4uUTbHWzXRhi5vzaT1_4AEillIpluuQ=mo,"menurut gue bagus , engak jelek ko 😍",5,0,,2026-04-21 21:32:26,,,
d7e4564a-b3db-4680-a4b9-8820d8e8f371,Kegelapan,https://play-lh.googleusercontent.com/a/ACg8ocJlqRH6qUN5r4wwixfRquf-Dv83QaNL7wafRLO4Pixb_n2p-w=mo,tolong kembalikan fitur chat Roblox dengan teman kumohon 😭,5,0,,2026-04-21 21:32:06,,,
b894dd62-c9f7-475e-8692-c2262e71fbaf,Gaming Abis,https://play-lh.googleusercontent.com/a/ACg8ocISns6nZeDdEIu1-Si27TQbSZkDTcyKX2tE68q1561qzPp9oQ=mo,game tukang selingkuh,1,0,,2026-04-21 21:32:02,,,
8306741e-89bf-47db-8545-2376c04b26a3,Eldenieze Thang,https://play-lh.googleusercontent.com/a/ACg8ocIIZ3zf4xiIDHbDZToJywOUpRCRbgeO-BKclndvv4KyxWFWWg=mo,"aku udah pernah main game ini cuman kehapus trus pas download gabisa, terus juga banyak bug, banyak game brainrot aku kan terngiang ngiang lah",1,0,,2026-04-21 21:31:39,,,
919e5496-03cf-4c7c-a7df-d52b312dd09d,Diana Pungki,https://play-lh.googleusercontent.com/a-/ALV-UjXS8_xsuFiw_UJEjpJR_s-JV-VONOdfvuU1Wb_bDWBBOFG98LE,bnyk map,5,0,2.715.1115,2026-04-21 21:31:32,,,2.715.1115
a7f77633-ce92-4b75-9cda-3577ffa65172,Alisha Ayunindya,https://play-lh.googleusercontent.com/a/ACg8ocLSYBs_O_sAwvMcUz_lnKZCU8jcK2lCUrdFf7VasbYdX4zs1g=mo,lumayan aku sering main selalu gak ngebug bagus deh⭐⭐⭐⭐⭐,5,0,2.717.985,2026-04-21 21:31:26,,,2.717.985
22277909-1c70-4722-bad8-2a365e95d470,Sang made Suardana,https://play-lh.googleusercontent.com/a/ACg8ocIWpKHOQ36kIdrKuEX1AEemKgbKXqmdqjgDVJGsqOo2KdF07Q=mo,bagus banget apalagi pas main evade seruu dan menarik semua orang juga suka roblox ya iya lah banyak berbagai skin yang cocok untuk kita dan banyak game yang bisa kalian kunjungi yuk download roblox di playtrore😊😋,5,0,2.717.985,2026-04-21 21:30:03,,,2.717.985
8dffb914-83df-4f8c-80c7-0dacf518c2e3,Aulya rochmatul,https://play-lh.googleusercontent.com/a-/ALV-UjVgQmx4QahFXe2aM2U5fHhMDeC2xEQiQnasaVMNni6-0_OZE4E,maaf kok gk bisa di update ya,3,0,2.715.1115,2026-04-21 21:28:16,,,2.715.1115
9e4329d2-6198-4db7-9e89-e4cb2351eba7,Nela Sari,https://play-lh.googleusercontent.com/a-/ALV-UjULappXqksPdwo5DXlmQe0pO5hdy5SVRdgTIDYZrm0ry6FyvS91,"seru banget main Roblox, tapi agak benci karna cepet banget kadaluarsanya bentar"" uninstall ulang , padahal baru kemari diperbarui",5,0,2.715.1115,2026-04-21 21:27:19,,,2.715.1115
af052776-cbf2-46d5-8ea4-607ff5fa2b72,Fian Palit,https://play-lh.googleusercontent.com/a/ACg8ocLbv7J3xB2541z8QNHbOu_Q4tKdX-WwAqp61Wfh9O45DGrBdQ=mo,"jika bisa perbaiki ngelag nya biar lancar karna stiap main patah2 dan malh diblg beban, jga klo bisa stiap update rblx sering error juga jd mohon rblx perbaiki ya🙏",2,0,2.717.985,2026-04-21 21:26:24,,,2.717.985
de8a4449-d509-44d5-8373-628bbc201e13,M Arifin,https://play-lh.googleusercontent.com/a-/ALV-UjX5_rLciee_mlVbxiFX_eR0m6pn6pp8dEIQaXtb0-yIDbXsJm-v,game nya bagus si tapi kok fitur chat nya ilang 🗿dan peraturan bikin gk seru apalh,3,0,2.717.985,2026-04-21 21:25:14,,,2.717.985
b943749d-308d-43ac-8b1d-b38d3f5257d9,Bina Binbin,https://play-lh.googleusercontent.com/a/ACg8ocLnLPgc--qpL8J95a2srUm3Pxkct3OGAkwLuA_quhBiwNEGog=mo,map nya ɓanyak🫰🫶👍👍👍👍👍,5,0,2.715.1115,2026-04-21 21:24:31,,,2.715.1115
c16c488f-4e76-42b7-8708-8df81118fa6b,Siti Nurwanti,https://play-lh.googleusercontent.com/a/ACg8ocJOq1bhSqxotVxPjcXZr1EQ2uc7LOkwVkWszfYUbXekpfWIeQ=mo,bagus tapi kalo beli tubuh zepeto dll tu jadi kotak dan juga sia sia beli padahal ngurangin robux,5,0,2.716.875,2026-04-21 21:23:17,,,2.716.875
5d6d5121-b0bd-48e4-b89e-4e7a9cb15a8c,Imanuel Kantohe,https://play-lh.googleusercontent.com/a-/ALV-UjWGateQdVhw2yL7VVs_Jsus5plTBVS__UYH3Lh7hO64vNunLhk,sebagian besar game masih mendapat bug yang perlu di perbaiki,2,0,2.716.875,2026-04-21 21:18:19,,,2.716.875
ca17d095-7742-4a5f-a0f5-e1e80a284057,Intan Aulia,https://play-lh.googleusercontent.com/a/ACg8ocKhUY70tatZoGCnLmm2ZKWf05vuGZbMj_HR9HpRTR2hAIPV=mo,aku nambah temenn😘,5,0,2.716.875,2026-04-21 21:15:40,,,2.716.875
83451513-b125-4ceb-9404-5f518201a585,Nunung Dyanwarna,https://play-lh.googleusercontent.com/a/ACg8ocIYzdS2PRqsMiNH6a9nzCDBYlAllCm6ioSvslPkBNWJ2mJGsA=mo,kenapa sih login harus upgrade tuk download lagi.,3,0,2.715.1115,2026-04-21 21:14:45,,,2.715.1115
5bfdb2a4-858a-4ece-a28d-b6f5fd1b8b81,Farhanzainal Farhanzainal,https://play-lh.googleusercontent.com/a/ACg8ocIEALMV0hyomemQ7fmuSWeVkswMY_KwZX42efvST1Xpg8SgVQ=mo,kalau di bilang si nih game ngelag banget perasaan dari kemarin ga ngelag amat dan banyak yang cringe dan satu lagi banyak game brainrot tolong untuk tidak banyak game brainrot soalnya banyak sekali game itu di Roblox,4,0,2.717.985,2026-04-21 21:14:37,,,2.717.985
80427dc1-fc02-45dd-9b42-799c5733bec0,keanusyakir,https://play-lh.googleusercontent.com/a-/ALV-UjXL0mQxOySlivRoZ-SfhBt7ZBOdc9eAyJjCXO8nV_65FVovGRU,bagus.,5,0,,2026-04-21 21:13:03,,,
7ec0a23b-16dd-4594-a80f-df4ce0f1da5a,Tristan Darren,https://play-lh.googleusercontent.com/a/ACg8ocJ1UlxdGYkw-X6BVC1W7RBdQRrQmXPc8yqYMlI_pAZDiEULCg=mo,mantap bagus bagus aja tapi bosen sama game per brainrot tan.,5,0,2.717.985,2026-04-21 21:10:41,,,2.717.985
c1ebb1ed-cd46-4876-9334-348337475d0a,Gede Dowo,https://play-lh.googleusercontent.com/a/ACg8ocKG8xg-PhRKlJdIS3yGKlW-TGMKUXdmsKXcjrbg3xuhSFfy=mo,sangat menyenangkan tetapi juga membuat terbisaan,4,0,,2026-04-21 21:09:06,,,
24b7b256-eca7-4be8-8309-c128eeba5291,kucing hitam,https://play-lh.googleusercontent.com/a/ACg8ocK4x_2RuyVgGIrh3fZz-5OdHlu5pCzq2Qk_JY6eabMIGc1YYg=mo,"ini makin update bukannya bagus malah makin kesini, tolong min perbaiki ping nya, padahal sinyal saya bagus buat buka game lancar"" aja giliran buka rlbx lag, skli nya bisa masuk server dc mlu tolong diperbaiki..",2,0,,2026-04-21 21:08:24,,,
0e99bebd-1e4f-42b9-9633-eb6e0287b93c,romana imut,https://play-lh.googleusercontent.com/a/ACg8ocLoVnGUEVfEhsxe9zmjHo2CajYALcY_B-wZVNPQPCC1VWsVsw=mo,makin tahun makin kikir anying,1,0,,2026-04-21 21:08:24,,,
dd34ed50-5741-457a-879a-040cdd6731fc,Raihan pratama Syah gurning,https://play-lh.googleusercontent.com/a-/ALV-UjU3JebmRqPl6et8ePwB1BxYE-G7ZEBOnSobW-HRF_LZoeCgdU4,kalo iklan itu gausah maksa lah masa tombol skip iklan giliran di tekan malah otomatis ke PlayStore bukan nya ke skip muak tau gak lama lama,1,0,,2026-04-21 21:06:35,,,
1c91f58c-28bb-4edb-aad7-980ea0095d45,Sahid AA,https://play-lh.googleusercontent.com/a/ACg8ocIKxrHlE16ppFFfmBdvY1qCfZFTfLda989WJeKSE7DfjIk7aw=mo,upgrade mulu anj pdhl baru upgrade gaa lama,3,0,2.715.1115,2026-04-21 21:06:31,,,2.715.1115
c1a12950-cad6-4580-ac91-de2c27c67082,Ramayana Samosir,https://play-lh.googleusercontent.com/a/ACg8ocIB6hFyCgxaboyqXfx2-kIt_nuR04wGxR757IzirTPKHmLCFQ=mo,gamenya bagus apalagi dds,5,0,2.715.1115,2026-04-21 21:05:53,,,2.715.1115
2431112f-cfd5-4995-bbf0-3622072f409c,Firma Dona,https://play-lh.googleusercontent.com/a/ACg8ocICv_1jJZP3VYdZT79i04wFOjlnVQWRJropZLVClLcuKKi-LQ=mo,aku kasih bintang 2 karna ada temanku rugi 500.000 karna habis di beli robux tapi gak masuk ke akun dia robuxnya,2,0,2.715.1115,2026-04-21 21:05:33,,,2.715.1115
34e67395-9832-4a42-afd9-a7514cf468f2,Ojann Pp,https://play-lh.googleusercontent.com/a/ACg8ocJPVEDnenOJ4tuOTn4ZqKjC5sVC1VCgEXqx_N9bhCHZZCmwEQ=mo,gem ini sangat seruh banget,5,0,2.717.985,2026-04-21 21:04:22,,,2.717.985
bd1fd804-7608-4435-a27e-48f2c2ba6e72,Cheyrel Patricia,https://play-lh.googleusercontent.com/a/ACg8ocLIprFGj7PR3-HACZHvV-rqiW0KhTebmySHdk4xicWHTRy16Q=mo,game gaje,1,0,2.716.875,2026-04-21 21:03:07,,,2.716.875
d95959f7-fcf1-446d-840e-4172712fd80c,Diluc,https://play-lh.googleusercontent.com/a-/ALV-UjWX5yNholy4msQ491G74aGaPmlke3W678C3DclSfwCX28MQpFci,"bro entah kenapa sekarang Roblox tuh kek bukan game kotak kotak lagi cuy, sekarang malah kek fokus ke realistis ketimbang kualitasnya.. 🫩🙏👎",1,0,2.717.985,2026-04-21 21:02:47,,,2.717.985
bcde25c9-f241-4503-b3f5-5071ca478491,Arosid,https://play-lh.googleusercontent.com/a/ACg8ocLE-wQ7pmj6Rpp8GjDarPcUK0VNiXKnXBBCprZAUfZ-6Kwwxg=mo,game nya bagus tapi vc (voice chat) nya gak usah pakai ktp pleaae aku kasih ranting 5,5,0,2.717.985,2026-04-21 20:59:56,,,2.717.985
22857e97-491a-499e-9163-0786221ba802,Pengguna Google,https://play-lh.googleusercontent.com/EGemoI2NTXmTsBVtJqk8jxF9rh8ApRWfsIMQSt2uE4OcpQqbFu7f7NbTK05lx80nuSijCz7sc3a277R67g,𝐬𝐚𝐲𝐚 𝐢𝐧𝐠𝐢𝐧 𝐦𝐞𝐧 𝐮𝐩𝐝𝐞𝐭 𝐝𝐢 𝐑𝐨𝐛𝐥𝐨𝐱 𝐭𝐚𝐩𝐢 𝐬𝐚𝐲𝐚𝐧𝐠 𝐧𝐲𝐚 𝐭𝐢𝐝𝐚𝐤 𝐛𝐢𝐬𝐚 🥰🥰 𝐬𝐞𝐦𝐨𝐠𝐚 𝐛𝐢𝐬𝐚 𝐝𝐢 𝐮𝐩𝐝𝐞𝐭 𝐥𝐚𝐠𝐢,5,0,2.715.1115,2026-04-21 20:59:09,,,2.715.1115
2e39420a-ba5e-47b1-a6ab-7aad185cafc1,roby irmansyah,https://play-lh.googleusercontent.com/a-/ALV-UjXC43YpYB1MHe6U_gOPspJp0QmQUPz9vQFMUGkUqwfA64HOkbor,sangat senangg,4,0,,2026-04-21 20:58:51,,,
34d49316-eb9c-4836-bd86-f6047c9c040b,Toufik Kurrohman,https://play-lh.googleusercontent.com/a-/ALV-UjVLU-ivNaHEAfBWPcsBh5PMN391-mDfP3T5qmVUWeYoGiQzJQ,Gak jelas updatenya,1,0,2.715.1115,2026-04-21 20:57:46,,,2.715.1115
2cfe1842-58de-4553-9eff-29b4df8f9376,rahma shapya,https://play-lh.googleusercontent.com/a/ACg8ocKPgnQuuQKlpN58bgmr5HyMku1Oi1McDLF7qp3CiORLdNaF3A=mo,bagus si tapi tolong kembalikan fitur chatn,3,0,2.715.1115,2026-04-21 20:57:44,,,2.715.1115
1b751d9e-ae6f-4432-a286-acdf553d21ee,Delfi Mudalifa,https://play-lh.googleusercontent.com/a/ACg8ocItNf5GlOM4jwgx1wv1cZzZOG48ts7TefK-yB1c7ugmzm12qA=mo,seru geme ya aku di geme ini jadi banyak kawan,5,0,2.715.1115,2026-04-21 20:56:38,,,2.715.1115
efa362ca-df98-4c83-ba85-e472569bb49b,Arfa Rafasa,https://play-lh.googleusercontent.com/a/ACg8ocL-R9WRVUcvKixN8ZVJv-ExXHsx1DFv7dymT1mDuJUcqT_kiA=mo,GOKIL,5,0,,2026-04-21 20:56:25,,,
4217e3eb-52d0-4cda-877b-bb0dffb4473f,raihan raihan,https://play-lh.googleusercontent.com/a-/ALV-UjUagzseXiq47rAkRUQhYIqxLk72kKiZ9UihiruQOm7FdF50Ff5r,rispek bos ku mantap,1,0,,2026-04-21 20:56:05,,,
3a846504-1dca-4560-a032-f16a3d6e928b,Aji Darmawan,https://play-lh.googleusercontent.com/a/ACg8ocJvhAoos5OxLdoIjC34eWt4mPJkkoLauzzBW-2Uyd5c6q9Y-g=mo,"kok aku kebanyakan apdete terus, jujur aku suka game ini tapi kok di aku kebanyakan apdete jadi bikin aku kesel dikit mana memory penuhh, perbaiki dong sistem nya sekali lagi kaya gini gua viralin nih game biar pada uninstall",4,0,,2026-04-21 20:55:30,,,
b8f17b13-ed45-4517-b912-3728ebb416a7,Rio Abdurrahman,https://play-lh.googleusercontent.com/a/ACg8ocJNQS9RMOURf6wFzoGdhoPcbd9JbxDmdI2NYu_Tmg5Dw43qZw=mo,gem ini terlalu banyak update nya apalagi Gapang ngelek,2,0,2.717.985,2026-04-21 20:55:24,,,2.717.985
7af5acb9-4a84-460a-9b7b-a036bd02a5de,Rich1,https://play-lh.googleusercontent.com/a/ACg8ocLSLnR1pNEgR4koAzCNvLCy7GAyuMhBSvgtk1qJuhZSUIH_cw=mo,PLS BRING BACK CHAT,1,0,2.717.985,2026-04-21 20:54:21,,,2.717.985
dc645c4b-2945-4663-8e08-82cff6bdd002,Kyanu Ahmad,https://play-lh.googleusercontent.com/a-/ALV-UjU_1ws8kYMMQ5n-vQlMK-7K-QvWAGR28Uzn7DnUwy-XtusgKo8,seru,3,2,2.703.1353,2026-04-21 20:53:58,,,2.703.1353
7d6c35ba-0e03-436d-8c0b-e30e13c8f281,Yuli Ebit,https://play-lh.googleusercontent.com/a-/ALV-UjUzb_8j9z11D158PrlmrJIEC_IJh55jJQ1h_naLgS4J5rqmM5dX,Roblox kalo update mbnya jangan besar,1,0,,2026-04-21 20:52:57,,,
32a7895f-ca0a-4255-a572-7990e3827982,firdaa arzetty,https://play-lh.googleusercontent.com/a/ACg8ocId_2i7LgoWfGwT8Sm0iYND7DTyeIJIJps1yfS1hAkuQoSP-g=mo,ini kualitas nya baguss banget banyak map juga rame tapi gabisa chat lagi😢jadi banyak yg pensi gara gara chat roblox di hapuus,4,0,2.717.985,2026-04-21 20:52:55,,,2.717.985
4ab5c192-0888-4ae2-a0e9-ae1533bdb4c6,Feri Wahyudj,https://play-lh.googleusercontent.com/a-/ALV-UjWt-LJqBQNMCbKc1gtM64hBV--NMNsl1Yk-JKbyx_S4yR8JzNt5,kalo main roblox tu uprege terus kenapa sih roblox terus uprege malas org kalo kek gitu,3,0,2.713.912,2026-04-21 20:52:31,,,2.713.912
dea5df4b-a539-4075-988b-dc35e3468105,nunu nurussobah,https://play-lh.googleusercontent.com/a/ACg8ocIMAucpzYCpdPocvWxwLKhyRp0s6n5FB2u4tgDjdNgu_9VgeA=mo,bagus,5,0,2.717.985,2026-04-21 20:51:55,,,2.717.985
ad8649bb-77a9-47bb-b816-8cb1ab82c4f4,Muhammad Altan Al Musyaffa,https://play-lh.googleusercontent.com/a-/ALV-UjXUfgWQeei5-7lRF-z0MUiImTltnpkkmoB0keU7o58eQjZntFg,jelek banyak aturan apdet trus,2,0,2.715.1115,2026-04-21 20:51:45,,,2.715.1115
64e2444a-b46f-446d-85e3-9129b8689581,Afika Fika,https://play-lh.googleusercontent.com/a-/ALV-UjV9Nq5R7I0vTI868M7mEazxRJ2eNgIbni2dY3lQAEH_qjP75AJlOw,"terlalu jelek game patah patah koneksi bagus jadi jlk di map lu, game seru tapi gak friendly di handphone",1,0,2.717.985,2026-04-21 20:50:58,,,2.717.985
8759e796-2b61-4323-a80a-debf0cfa5659,Moh Fikri,https://play-lh.googleusercontent.com/a/ACg8ocLIAlZOK91YDEW96PkbOMqbr85LvaaXgZVZ6CmShwERKWq6CA=mo,banyak bug,1,0,,2026-04-21 20:50:36,,,
b7c87f2d-23eb-46cf-ba34-8e0af4b7417b,Casopan,https://play-lh.googleusercontent.com/a/ACg8ocJbfbxpWYz-s9U0c-u3yi_746lr6s-UW9J1Rfp4jMk-sSRYbA=mo,𝐣𝐮𝐣𝐮𝐫 𝐠𝐮𝐞 𝐬𝐮𝐤𝐚 𝐛𝐚𝐧𝐠𝐞𝐭 𝐦𝐚𝐢𝐧 𝐫𝐨𝐛𝐥𝐨𝐱 𝐭𝐚𝐩𝐢 𝐬𝐚𝐲𝐚𝐧𝐠𝐧𝐲𝐚 𝐤𝐚𝐥𝐨 𝐠𝐤 𝐚𝐝𝐚 𝐤𝐨𝐮𝐭𝐚/𝐰𝐢𝐟𝐢 𝐭𝐢𝐝𝐚𝐤 𝐛𝐢𝐬𝐚 𝐦𝐚𝐢𝐧 𝐩𝐥𝐢𝐬 𝐝𝐢𝐛𝐞𝐫𝐢 𝐟𝐢𝐭𝐮𝐫 𝐨𝐟𝐟𝐥𝐢𝐧𝐞 𝐝𝐨𝐧𝐠 𝐛𝐢𝐚𝐫 𝐤𝐚𝐥𝐨 𝐠𝐤 𝐚𝐝𝐚 𝐤𝐨𝐮𝐭𝐚 𝐛𝐢𝐬𝐚 𝐦𝐚𝐢𝐧,5,0,2.717.985,2026-04-21 20:48:58,,,2.717.985
c5ec958b-71ab-4de5-bc94-8d943ea8066d,Muhammad Zaki,https://play-lh.googleusercontent.com/a/ACg8ocLMFVJUQr1QZsWKGhZYixkrfbiA4WNodaGTBDVBphdzNK2w=mo,talon kikir tidak kasih secret di jugle dan kuil suci,1,0,2.716.875,2026-04-21 20:48:37,,,2.716.875
6623aba1-d5d6-4814-afd3-aa459f715b78,Jwjidn Dndudbf,https://play-lh.googleusercontent.com/a-/ALV-UjUWI9NozRbixjQWYU4XVtvxFjKqsal-il3R8n7PxNJtTfsw1Vk,geme nya bagus tapi masih ada bak ya banyak banget terutama di mainan sound,4,0,2.716.875,2026-04-21 20:48:17,,,2.716.875
8baf6764-73c2-4a17-89dd-6f26e005b71f,Lucky Faisall,https://play-lh.googleusercontent.com/a/ACg8ocKlGKPLfCpGZsGuagz-NhcwMYG7DlYDaa5eGbG2GfBKsZdDww=mo,tempek,5,0,,2026-04-21 20:48:00,,,
8b3410c6-f99e-4f63-a402-4b222d53ef88,Babang_dobe CunMeong,https://play-lh.googleusercontent.com/a-/ALV-UjX-1gm-fgjbaMks1yWjFVdwJ5LioBHkjN8fO-dOrBZVgRm0TVk,baguss,5,0,2.717.985,2026-04-21 20:46:41,,,2.717.985
5813a686-4a42-4591-90e1-954f5e45fd05,Mila Nurhasanah,https://play-lh.googleusercontent.com/a/ACg8ocL12xYIcsaVTXVaNjiPJpoTc_o_nD8agfuGcigp1qLailL-5w=mo,ini seru,5,0,,2026-04-21 20:46:09,,,
23c4b623-9e07-4528-b053-79053e9aebf0,Shena Sakura,https://play-lh.googleusercontent.com/a/ACg8ocIC_pJW5hmil4Lckzv_rkVLnna3jRNRb6gohUFsG52QuoeDDA=mo,"game ini membuat mood ku menjadi baik,dari asalnya mood ku kurang baik jasi baik perkara roblox inii aku menjadi sering memainkan game ini pokoknya seru banget deh!!!😋",5,0,2.717.985,2026-04-21 20:44:52,,,2.717.985
692f2c71-5edc-4c1e-89dc-0ca8f8980e86,Shyfa Novinka,https://play-lh.googleusercontent.com/a-/ALV-UjX_r14yj1D_LNK7n3-0oUK2V-uUEyGJ-ihoL0U9ozz6mCD9A1bp,banyak hacker atau yang curang di game ini. TAPI MENURUT SAYA TETAP BAGUS 👍,5,0,2.715.1115,2026-04-21 20:44:49,,,2.715.1115
8c8b3b7c-c167-4cc6-ac75-92cb155516cb,Andri Indah,https://play-lh.googleusercontent.com/a/ACg8ocJjxqu8lZscxcLxlgphKECCbz9EFBcWh-LUOyb6HaSvadEt4A=mo,Roblox nya bagus tapi sayang gakbia ngecet lagi,5,0,2.715.1115,2026-04-21 20:44:47,,,2.715.1115
890578e5-4fcb-43b3-8f96-ea49462960af,Siapa Alpi,https://play-lh.googleusercontent.com/a-/ALV-UjVqS0Y9EP8Xe2UAUP2UAgBngfCaBNuEd3thptuAEJoIlrVDPxY,"buat Roblox, pls jangan di-update lagi😭, soalnya Roblox yang dulu lebih bagus dari PD yang sekarang,.. gabisa chat soalnya🙁 pls Roblox kembalikan chat yang dulu, NO CHAT NO ROBLOX",5,0,,2026-04-21 20:44:33,,,
61c9e0ba-dbc3-4698-a96b-3453e4ce519e,Nasar Nasar,https://play-lh.googleusercontent.com/a/ACg8ocLwNtGTFPg8danLH7ydtP-wpPGAhxb6Y9eC9YT0gnw6wIu69A=mo,"gwe enjoy aja soalny dpet temen, dan sahabat",2,0,,2026-04-21 20:44:00,,,
9d18e948-2d1a-4835-bf1e-2d672f7996d6,Ilham,https://play-lh.googleusercontent.com/a/ACg8ocJl-lC-2ttpZF4PnDkg6fJCiMjHmtZNf2xW6hb5HTZaasHBAg=mo,game nya bagus,5,0,2.717.985,2026-04-21 20:42:21,,,2.717.985
249a4fe2-434f-410d-aab9-750882bd0bcd,Khanza Syakira,https://play-lh.googleusercontent.com/a-/ALV-UjVJcXMmopyqHhMps743ZCBcI2YP0wPvVoKE2Hx3CXdbXehhzuqp,"sebenernya ini gpp bgt tpi pas mau di update malah gk bisa, awalnya mau bintang 5 tpi gara² updatenya susah jadinya 3 aj aku saranin klo mau update memonya jangan banyak.",3,0,,2026-04-21 20:40:30,,,
f1f080b7-f9b5-4ae9-87dc-6a4e64a6edca,Agus Sugiarto,https://play-lh.googleusercontent.com/a/ACg8ocLdQWUnlEXgG_16GuEykdedr7-Eizc9mx7L-m-XJDQirmv95A=mo,gamenya suka ngelag gak enak dimainin gamenya bot jangan dimainin lagi jangan main Roblox aja mending main yang lain kayak football sama stambul guys,1,0,,2026-04-21 20:39:35,,,
39f60d95-6834-4089-af97-be43e57c1740,Eni Heryani,https://play-lh.googleusercontent.com/a/ACg8ocI_pTZ7F3k1SG4OrsURnceSOo_12t9-cbL9zQBwO0rrJID11w=mo,seru,5,0,2.715.1115,2026-04-21 20:38:36,,,2.715.1115
e2616b04-9e60-42f8-a17e-aa9fd9246f92,ida utami,https://play-lh.googleusercontent.com/a-/ALV-UjUSGg5fHL87HALZpQDcjPWfKkFT8Ui_QEaO2CZuVNJOS_ayTOQ,seru,5,0,2.715.1115,2026-04-21 20:38:08,,,2.715.1115
54b65330-9786-4929-b336-07187abdc3b8,Neng Nurjanah,https://play-lh.googleusercontent.com/a/ACg8ocLOvh27SSI_zYYHArqt5fV1bYLG9_ZU6ECWyAwUDljKiyVUDA=mo,bagus tapi bagi bagi robux ya,4,0,2.715.1115,2026-04-21 20:38:08,,,2.715.1115
74fd25e3-5077-4038-bf42-cf934ce910f6,syakilla ghania,https://play-lh.googleusercontent.com/a/ACg8ocLVUmznBSvyYb0LwF-9YFRW5_L21FWNQuJeowFx3ruK79-uzw=mo,"sangatt seruuu dan bikinn mood kembalii happyyy ,! , 😍",5,0,2.715.1115,2026-04-21 20:37:56,,,2.715.1115
9e112ec8-9c7b-41bc-a43a-eeaebc689ffa,Raihan Pamungkas,https://play-lh.googleusercontent.com/a/ACg8ocItQE6MKJqWTrbarM36eEEFDLovMQE3wNfaKbr_RmWuVKtOzQ=mo,tolol,1,0,2.715.1115,2026-04-21 20:37:28,,,2.715.1115
666e5f2a-96ad-4e9f-998c-859cddc6be22,Devdivine,https://play-lh.googleusercontent.com/a/ACg8ocIIrme_OcLrTV1FrFRu1FA_guiRt5Qx_sHCuJPoD2p5HOl4zw=mo,This game has unclear rules and those rules have no effect on toxic players and are useless in solving problems in this game.,1,0,2.716.875,2026-04-21 20:37:26,,,2.716.875
1f04537a-15e0-4900-a9d4-f88b5038c535,Joni Hehe,https://play-lh.googleusercontent.com/a-/ALV-UjWnQAm-NpnphEzPYOz6ZPYTFCmwhY7v6rqbyNGZZhCgS-tQ2R0,kadang kalo buat map ngelag dan disconnect terus ulang lagi,1,0,2.715.1115,2026-04-21 20:35:52,,,2.715.1115
8b138bcd-ba65-411c-bf2c-d427442302ca,Hairunisa Triutami,https://play-lh.googleusercontent.com/a/ACg8ocJyMWpgLLmoH16HjEtp_GpjVilKpoJyPdmhWGFkXDVis5KqdA=mo,seru bnget apa lagi 99 malam,5,0,2.714.1096,2026-04-21 20:34:43,,,2.714.1096
fab2528a-7c15-4430-8365-de1916f5666a,Rahmani NYX,https://play-lh.googleusercontent.com/a/ACg8ocI0NkimsZeNdOwVgfA_wj9lAxnCXkxe2v4VuhnhR2rQC73Ajw=mo,"woi pihak roblox, minimal kalau mau batasin chat sewajarnya lah, apa ini chat kata biasa di sensor mulu, bikin susah aja, coba kata kasar aja yg di sensor, ini hampir semua kata di sensor, kenalan pake nama sama temen baru aja susahnya minta ampun karna di sensor mulu, kalau mau batasin chat sewajarnya lah, coba di pikir gitu loh, bikin orang stres aja cuman urus chat doang, lu kira dengan adanya fitur mic lu bisa sensor kata di chat sesuka hati mu, orang² lebih terbiasa pake chat lah kocak 😡",1,0,,2026-04-21 20:34:28,,,
b09cf734-208e-4683-9c3f-aafea0d6a708,MUHAMAD AFRIZAL RAMADHAN,https://play-lh.googleusercontent.com/a/ACg8ocKX0bOijbJEStwyxB3wzDuHzC785pToPjHTHLXAL17AXq5k2A=mo,tapi aku suka ngelag tiba tiba padahal WiFi aku enggak mati\rendah tapi seru aja sih sering juga ngebag tapi aku ga marah ke ROBLOX walau pun chatt di Batasin makasih banyak udah baca😘🥰😍❤️♥️💯,5,0,2.717.985,2026-04-21 20:34:27,,,2.717.985
9d6abd40-0e13-4f5c-b542-1f54b6823acb,Sri Witono,https://play-lh.googleusercontent.com/a/ACg8ocK8HPobINvP2CJtjtkriB6LHqok4fGPXt6HFzWEZDEY0gToQA=mo,disana bisa mabar seru sekali,5,0,2.717.985,2026-04-21 20:33:30,,,2.717.985
f7ab0bc0-5fe5-42d2-9d8a-f3060803833e,Sby Susianto,https://play-lh.googleusercontent.com/a/ACg8ocKhKtN07-UX3RM-H9l_CQZuKfHDFDF5IDsWy7qRd11FCSOIVA=mo,sangat cocok untuk Anda,5,0,2.716.875,2026-04-21 20:32:58,,,2.716.875
034856a4-eb0c-413c-a559-096720db959b,Verdiansyah Verdy,https://play-lh.googleusercontent.com/a/ACg8ocKnjMYEJPW3xZy9cwCiSIkoheIb-JuD76xxsUl7Cu_CylHiUg=mo,"mantap bang roblok, loveyou",5,0,2.717.985,2026-04-21 20:32:13,,,2.717.985
6e865093-8c01-4cdd-9179-1357ae2affd2,Rasya Putri,https://play-lh.googleusercontent.com/a/ACg8ocKakWg1KSQd-Wf6_v_1QJ2Y5P3OhsfCUNo5GBMryRJw0kHPag=mo,bagus karna baru loginn 😭😫,5,0,,2026-04-21 20:29:35,,,
962936b8-0035-45b9-8ed4-cfcfb228e799,Wahyu Udin,https://play-lh.googleusercontent.com/a/ACg8ocI5fG7VtEWck2ROJGgWN-8ahLSCbIb37eRuCHCfuL66Jw3Oig=mo,"aku menyukai ini!! bagus dan keren, kita bisa bermain apapun! dan mabar :) roblox.. kamu beneran mau nge blok fitur chat kalo sama anak di bawah umur? mereka jadi gak suka.. kamu capek ya sama masalah yang dulu? semoga roblox semakin berguna, terkenal, yang paling seru, dan menjadi permainan yang sangat di sukai banyak orang :), maaf, tapi saran ku jangan kebanyakan fitur yang hilang dan selalu di gunakan banyak orang, memang.. roblox di salahkan karena pemain nya tidak menjaga nama baik roblox.",5,0,,2026-04-21 20:28:48,,,
7baea43b-2ad6-498a-bed6-dc1c194bc6e6,Ika Yuniarti,https://play-lh.googleusercontent.com/a-/ALV-UjU7a76uQrzp54yAk0fV5V-R0nmhSy8FYThaURB-2TJBcLJ3MGsZnQ,sering server lag padahal wifi bgus dan update Roblox GK seru lagi GK bisa chat sama temen plis Mimin Roblox balikin Kya dlu aj sekian terimakasih 🥰,1,0,2.717.985,2026-04-21 20:28:43,,,2.717.985
878de11e-dfa6-45da-8573-d4b6c919d24e,Akbar Nurhikam,https://play-lh.googleusercontent.com/a/ACg8ocI7vUbj5b00khfYHfAzPeojmyBbAyAuIcvWfzJ8d2aUn-Xhqg=mo,saya suka banget sama gema Roblox ini,5,0,,2026-04-21 20:28:29,,,
9090d427-0986-4362-9cef-743eeb6d55e9,Dewi Sitorus,https://play-lh.googleusercontent.com/a/ACg8ocKS_ep5efo_n4yUUHk2sQDNVQM6mhHCMTnHyHRE0CoVEdxRZw=mo,bagussss,5,0,2.716.875,2026-04-21 20:27:54,,,2.716.875
654185aa-e82b-4d54-9903-b54325726e68,Zeaa Aja?,https://play-lh.googleusercontent.com/a-/ALV-UjU2hkH66m9MV1sIcWKHwxDlnNruOi3w--qbqVaLSNUBqUFV8EY,ap date mulu tiap bulanan anj 😹 setidaknya update tu 3 bulan sekali lh kck lh ini sebulan sekali apa g penuh memo hp gw makin jelek aj di game kotak2 😹😹,2,0,,2026-04-21 20:27:50,,,
dea1d44a-1386-4b3a-aaa4-91c597503369,Nabhan Dzul Fadly,https://play-lh.googleusercontent.com/a/ACg8ocKv__uaNpj44JPYBAuYQ7_f-wCuElUZTZ_0gEc-Uezdkq75Z6E=mo,Gk jelas,1,0,2.716.875,2026-04-21 20:27:25,,,2.716.875
779dce7c-e217-4d3f-ad0c-6da67700a2e6,Yoora ra,https://play-lh.googleusercontent.com/a/ACg8ocIAsZGat8X1-MeTbH5mckV6AmGxqOppgZAdZ6MlNSJdGVsWjA=mo,"Sorry, Roblox, but you keep updating and there are still so many bugs. Are you even fixing them? My Roblox menu can’t be dragged at all it’s completely stuck. Have you actually fixed anything!? You keep releasing updates that don’t make sense. You say you’re fixing bugs, but it feels like you’re just adding more 💔💔💔🥲🥲",1,0,,2026-04-21 20:27:17,,,
a5943bd2-61d0-478a-be12-9cfe1353d85a,Biru,https://play-lh.googleusercontent.com/a-/ALV-UjWGeywyqMfCwfiOEPAimJRLVGEl8hAqBAeflL0qqhOcGbntC9Uq,Gamenya makin bagus tapi chatnya di buka dooong,5,0,2.717.985,2026-04-21 20:24:38,,,2.717.985
424a0efb-7531-433d-9af7-b5322b703467,amoy Khan,https://play-lh.googleusercontent.com/a/ACg8ocJA0oqnf_kMetfKSGsy4tvuGjJThaY5VrnUQr5rSwoMludxWQ=mo,saya ingin mendapatkan yaitu ingin mendapat kan banyak skin,5,0,2.717.985,2026-04-21 20:24:26,,,2.717.985
9037d132-71ff-4eaa-8200-765ae604ac85,Faizah Mgl,https://play-lh.googleusercontent.com/a-/ALV-UjVOihQUdvCPAQRHSn1-oc_zMBY1jph62uItsbrtnBtFLd9LOzU,kagak bisa dipencet 😡 padahal wifi bagus peyimpanan masih banyak keluar bisa semua bisa kecuali Roblox,1,0,,2026-04-21 20:24:18,,,
f0f04a34-b3af-4a2e-a796-d87cb5533a60,Sentral BAN,https://play-lh.googleusercontent.com/a-/ALV-UjUMEmMXsAyKAG9flKviU509J8hsdmFTzeo0qsU4YwEhVx-nDhU,SAYA SUKA DAPAT ROBUX 100 DOGDAY FREE,5,0,2.715.1115,2026-04-21 20:24:03,,,2.715.1115
a6a68559-6296-4b62-8576-2b0d3c52f6de,Husein Nur Rafaeza,https://play-lh.googleusercontent.com/a-/ALV-UjUa4dzSXThn88JnHLbIPgnij-U3bf396WRr5siCnOVGGG72JUbE,hate,1,0,,2026-04-21 20:22:49,,,
3673ff2c-86fb-4362-8cbf-7b576839c850,Matthew Miguel,https://play-lh.googleusercontent.com/a/ACg8ocJi3hsheCjbhqgT9er8aYkd91uv1iqgPuF6jVuSYVUxqOkJmw=mo,"ga asik bgt rblx skrng, bisa ga di ganti aj kaya 2020 lebih asik",1,0,2.715.1115,2026-04-21 20:21:46,,,2.715.1115
4ee71226-9445-4554-9b5b-7392709f41c9,Qinnara Aliya,https://play-lh.googleusercontent.com/a/ACg8ocL0X0jJxJLKVqNjtOjXfOyBkc8hxK9lAvkg_9deBWYhjltxqQ=mo,gamenya seru,5,0,2.715.1115,2026-04-21 20:21:37,,,2.715.1115
3ab21135-950a-4407-9b92-2f3a5b755ebd,Ibuk Rukilah,https://play-lh.googleusercontent.com/a/ACg8ocKIm9SdZqPZLxGBZxePeOHj6Z6ejhgggpp6QuuZhSHkOaVGDg=mo,roblox haram gara gara Roblox anak saya sampai nangis gara gara peraturan baru,1,0,,2026-04-21 20:21:27,,,
8ab93727-5aec-45ec-8ac3-0b1dfa3940f1,ridho yugi,https://play-lh.googleusercontent.com/a-/ALV-UjUTmnXm0_K8P_FHQzx9yrC3rq1Wk_JrknWMod6I7wNLRouiyW0Z,"g da suara nya tiba tiba, cape ngotak ngatuk g kembali",1,0,2.716.875,2026-04-21 20:20:19,,,2.716.875
78915caf-5b7f-4910-9058-b76c5d345c70,Azzahra Nugraha,https://play-lh.googleusercontent.com/a/ACg8ocIxVGNJQUeM3lWZoDEfLwB1m0KTOF9hLlHwySS17y7oOcCG3Q=mo,"barang yang menjadi autentikasi roblok,dihapus sepenuhnya",3,0,2.717.985,2026-04-21 20:20:01,,,2.717.985
34988a94-8d53-4e4b-bb2b-19f08a62f546,Didin Hamidin,https://play-lh.googleusercontent.com/a/ACg8ocIfha3RN5I3Fzgfzu1mIbvZW-DAUasQkQbPU6BrI_axGx7JAg=mo,kenapa semua kepala dihapus selain kepala yang normal padahal kepala kotak punya gw ilang botak gk lucu roblox plz kembalin kepala kotak nya,2,0,2.717.985,2026-04-21 20:18:36,,,2.717.985
1f859a2e-a780-45a4-b5b1-d6cbde27da8b,Fathian Rashif,https://play-lh.googleusercontent.com/a/ACg8ocKS8f2wHF_khUELbzI4HwrN4IDm-uzeUwPypIIvRxlzMD8goA=mo,bagus dikit dah mboh,3,0,2.716.875,2026-04-21 20:18:12,,,2.716.875
45d7e994-470f-452b-a011-3c5cc1c5a59f,Asfar Ayman,https://play-lh.googleusercontent.com/a/ACg8ocImY9b7Clpp2GlTzZjNDcNyc21v7ZKvYGWo8e4QCbfh2ag2Pg=mo,Game terburuk..😕,1,0,2.715.1115,2026-04-21 20:17:21,,,2.715.1115
68fb7ce7-698e-4f74-bb15-02165caae1df,Rumahkita Bahagia,https://play-lh.googleusercontent.com/a/ACg8ocJTlG64lFAwpAGGQ24u7GL8KKnSsLA2BWArcra9Msjn1aG_xg=mo,bagus banget aku suka aku udah main dari 2022,5,0,2.717.985,2026-04-21 20:17:21,,,2.717.985
2ad9a654-3f03-4cc2-837a-a469a412fb7d,Nabil Akbar,https://play-lh.googleusercontent.com/a/ACg8ocLzb8kUNVqIw4ZGYexvTzl_M7BCoFDXGDN9c3ckBSDxMdxArA=mo,elek suka disconek,1,0,2.715.1115,2026-04-21 20:17:14,,,2.715.1115
cdd277a2-66fa-434e-b177-dad94d17635d,immanuel tupang,https://play-lh.googleusercontent.com/a-/ALV-UjVfAbtbL-xx55KCnMhINOai9aC4F9LxATW5aAxe6itJua_zKZg,karna tidak bisa pemilihan akun :(,1,0,,2026-04-21 20:15:24,,,
f9e6ed77-8811-4ff5-9ba3-07a2e3505442,Ade Jafar,https://play-lh.googleusercontent.com/a/ACg8ocJgt72GR_oz3692c4FYOxL7gSveOO4LjgLXp0V2TVQDGlpx8g=mo,bagus banget,5,0,2.716.875,2026-04-21 20:15:01,,,2.716.875
bc2d894f-ebb8-4c9f-b1ef-e135fd80811a,Aqilla khayra sumarwan,https://play-lh.googleusercontent.com/a/ACg8ocKLZFvkFeHn2VyCCZoyxB-VuL8ShBuIV0vuK7YkLLE9woEuCQ=mo,permainan ini seru sekali 😖,5,0,2.717.985,2026-04-21 20:14:28,,,2.717.985
a7e58435-6b8e-4288-a78b-9c24aac89788,nanaf naginaf,https://play-lh.googleusercontent.com/a/ACg8ocLcepRxtRY4K2LXducKnGibjRfrocXOVRg-Q5QXlKCoccuULw=mo,banyak game yng seru,5,0,,2026-04-21 20:12:27,,,
33a4ca68-f903-4454-934c-73d6fd90cbc4,bt c,https://play-lh.googleusercontent.com/a/ACg8ocJPJR38B0rvpOJa9cGLEucKi5NIbDHvweTxlkMPOxlXPDfFyQ=mo,bagus banget gamenya 😎😊👍,5,0,2.715.1115,2026-04-21 20:12:15,,,2.715.1115
bee10c71-9de4-43fe-af32-e2b7947c41b0,Noah Erlangga,https://play-lh.googleusercontent.com/a/ACg8ocKe8ByxkgUof9hVZkTbtkPIBH-8lnSYRulWVh2Z5EQ8C9UNBQ=mo,busuk,5,0,2.715.1115,2026-04-21 20:11:44,,,2.715.1115
33d264c5-344d-450f-8d4d-4eb7bf31b060,Fanzyy Senpai,https://play-lh.googleusercontent.com/a/ACg8ocInD8mkvX3uIcWAH9LH9X2K8ADoXIDCy0MPARUCmLhOnhhIew=mo,"akhir akhir ini game nya gak asik, jdi aku lebih mending ff #izinn",3,0,,2026-04-21 20:11:28,,,
3170ddc8-8fae-471e-ad96-ea4f12d79ffd,Jihan Said,https://play-lh.googleusercontent.com/a/ACg8ocK6t-2g18wJecpm8ht5Mjpk6vS36dsIafbmIrRlWFz2FSFU0Q=mo,seru banget,5,0,2.715.1115,2026-04-21 20:11:20,,,2.715.1115
4eb5cd66-dc98-412b-b598-4b9fc52383c1,Sartiyem Sartiyem,https://play-lh.googleusercontent.com/a/ACg8ocJgu2bCEbth9xv0ccpvKnlC6xHjSjE0TEc2yjCNL3yumPylNw=mo,"yang bilang game Roblox makin buruk orang itu adalah fomo,ikut ikut dan tidak mengetahui sistem nya, jelaskan kenapa kalian membenci Roblox hanya karna bug,chat dan dll",5,0,2.717.985,2026-04-21 20:10:40,,,2.717.985
1161c284-6f0f-4565-8d23-2fbc43c0737b,sutrisno Sutrisno,https://play-lh.googleusercontent.com/a/ACg8ocKns6lqOS-HdOesNU4Rtt6cmocM46Mtr6lz_xfOMzSNuyCFpg=mo,knp akun Roblox ku harus harus kadaluarsa 😭😭😞 aku jadi GK bisa main Roblox,5,0,2.714.1096,2026-04-21 20:10:31,,,2.714.1096
8bb55589-5b4f-4267-94c6-abdc82ecc6c0,Khayra Putri,https://play-lh.googleusercontent.com/a-/ALV-UjXEsaofasWY3-9S48Q_l1e6WYYObXy4eKU0lsguDDhAy02aF6wW,kenapa saya tidak bisa kembali aku lama ya 🙂‍↕️,5,0,,2026-04-21 20:09:24,,,
ad808285-e840-4121-82aa-5e3f760a2be2,Usman Darwis,https://play-lh.googleusercontent.com/a/ACg8ocJ9Gzy9au6dA59mgIyVk-g76lzf1mKrWu_g4cDQhvSxEQyhfg=mo,game nya bagus,4,0,2.715.1115,2026-04-21 20:08:48,,,2.715.1115
735621a2-8559-4ce2-9c49-b674d00017b7,Vivi Elviana,https://play-lh.googleusercontent.com/a/ACg8ocKfsH3w-GIU6oPIPPfmRzA0ha91mkaEHbsPQzhK5PvFeSI5ww=mo,jangan ada batas usia kita chat sekarang sepi dari awal 99+ jadi ga ada,3,0,2.715.1115,2026-04-21 20:08:37,,,2.715.1115
83f624e6-b69d-4c03-a416-a09a2ec9964e,AGAM,https://play-lh.googleusercontent.com/a/ACg8ocIWHOcVVzZvlFV-rtXumYU5LusmbYaFHTgDraYtLjLOI9KPIg=mo,udah nulis username yg bener alah katanya salah itu pas di Roblox support ah males Not recommended for those who are forgetful/emotional,1,0,,2026-04-21 20:08:28,,,
84cf5107-d4cf-48e9-975c-14fbeb04ec50,wiji handayani,https://play-lh.googleusercontent.com/a-/ALV-UjUhJdHjEP0SuCs2AeQlM6Z9zlHSbKBVX3X5F7nZxruDWz7df9_KJg,"Please don't update too much. Yesterday I just updated Roblox, now I'm updating Roblox again. I can't play anymore.",2,0,2.715.1115,2026-04-21 20:08:17,,,2.715.1115
a1560cbe-e11a-4935-95d3-8fa9fcc3b32e,Egha Achild,https://play-lh.googleusercontent.com/a/ACg8ocIoRRJIZjvGrkifCSFcAsCYmYdEIE0iyv0GGPLGnLzeD7tVRg=mo,karena gamenya seru dan bikin terusan pengen main lagi,5,0,2.717.985,2026-04-21 20:08:16,,,2.717.985
d964f13a-5b83-4fbd-be91-35aa074d6606,Wati Widiastuti,https://play-lh.googleusercontent.com/a/ACg8ocJJyvr6wB3hIhnQ1gAYbXpwE5U0czTODpjqk0037yLs5B4AaQ=mo,so good,5,0,2.717.985,2026-04-21 20:08:02,,,2.717.985
df7758bf-027a-415e-87ac-a78cb6f45f7c,Yuli Ana,https://play-lh.googleusercontent.com/a/ACg8ocKHbJ87A79YHhXh_6WgMnYsHZrwRf8Wia4iPgJmkBmSQdhU1A=mo,jelek,1,0,,2026-04-21 20:07:49,,,
5a4424fd-c4c6-40d9-bf3c-9f95fdd6f16a,Asmara Dit,https://play-lh.googleusercontent.com/a/ACg8ocKkBT-2v8wx5wrSCi9hbIa4YV7ofssA_lWshinExOj9tErSqg=mo,game update ruangan penuh,1,0,,2026-04-21 20:05:36,,,
8256d0b8-bfc7-4572-9bc2-5e6b072426d5,Nias Ayu,https://play-lh.googleusercontent.com/a/ACg8ocLHihOyQig_0B5pItHGQbyHQcHzeEArdIBMk0REtXXZ5C-ivw=mo,BAGUS BANGET apalagi bisa Mabar seru banget tapi.... aku kesel banget soalnya kalo mau main itu biasa' ngeleg ditambah hp aku juga RM 2 jadi susah btw kenapa sih harus di upgrade aku jadinya hapus permainan ku semuaaaaaaaaa plis banget gak usah di upgrade aku jadinya susah kalo main udahlah ngomongnya😑............,5,0,2.715.1115,2026-04-21 20:05:36,,,2.715.1115
16da7f37-78f0-45c6-87e5-99c1ed2b9047,Daffa Alana,https://play-lh.googleusercontent.com/a-/ALV-UjWhXHGg7_jhvOnLpaf3AerC_fs883eivwReqk6O4KYzRdxDdv_r,terlalu bagus,5,0,,2026-04-21 20:05:18,,,
de9c9585-3629-4f71-97a8-670675829045,Charly Alli,https://play-lh.googleusercontent.com/a/ACg8ocIVPiAPO_DPgxuuna02QR6sDJ19A_4zRK9bPkRN9X8P-ZQrRA=mo,buagus polll,5,0,2.715.1115,2026-04-21 20:05:12,,,2.715.1115
aac42730-1bdf-4f1f-9556-25a001216d71,Suliono Sulinono,https://play-lh.googleusercontent.com/a/ACg8ocJTou44sGlzL5hH0CgIDxzcPAyYwZFYFbDjZupjnxgeH2MhIQ=mo,aplikasi di blokir pemerintah yah gak bisa mabar lagi deh,1,0,2.715.1115,2026-04-21 20:05:11,,,2.715.1115
1e849aad-ac10-41ba-a25d-4b813aaedc42,Isna Nganjuk,https://play-lh.googleusercontent.com/a/ACg8ocIAdtt1an9Mq3pTzA22c2GsTh7_Ybm39KtSBKSOpAdsBew5Lg=mo,gem nya seru banget,5,0,2.715.1115,2026-04-21 20:04:16,,,2.715.1115
98b81204-dedb-449e-a54f-49b15c7ba474,Tri Wahyudi,https://play-lh.googleusercontent.com/a-/ALV-UjXZNF2cfa9R3OI-uLVScLTM6LhRt92SicTblyQKF1eRNEq4LMHe,mantap,5,0,2.674.786,2026-04-21 20:02:57,,,2.674.786
238e33cd-e604-47c6-b8a4-3b6389c039c8,fiyyarahma andhini6,https://play-lh.googleusercontent.com/a/ACg8ocLpv1SaYM_0soD4Z8mMC4xK9xY44MY3-ENRu43hVV3HCUMhLA=mo,bagus tetapi agak lama beranda nya atau ngak suka nggak ada salahnya tetapi sering bug dan mesti jaringan nya nggak bagus padahal baru diisi kuota malah nge leg,3,0,2.715.1115,2026-04-21 20:02:02,,,2.715.1115
80d3dfc3-4e69-48ac-9665-2163c291c430,Fauzi Muh,https://play-lh.googleusercontent.com/a/ACg8ocL6RfxD8REakJ2m-XP1aDGXJPfmj1axR-y_W8M3Plen_ijM2A=mo,bagus,5,0,2.715.1115,2026-04-21 20:02:01,,,2.715.1115
f1422bcb-6004-4555-bc41-dcdd25795f69,Ocil Gtg,https://play-lh.googleusercontent.com/a/ACg8ocKV83aVTwvDxUBgoW7J2alkXYQBIT2CApkYE0fyMtQpknSSmQ=mo,Roblox sekarang banyak update,5,0,2.715.1115,2026-04-21 20:01:47,,,2.715.1115
25a78296-aa2d-45d2-aa68-69521f09ad2b,Azka Fadhilah,https://play-lh.googleusercontent.com/a/ACg8ocJgYX01ECV89WLgEWYQJYbyEtXsTaVGJS2yLN604MPyOqyK_Q=mo,geme nya banyak dan beh ketagihan main ini,5,0,2.716.875,2026-04-21 20:01:45,,,2.716.875
feb2456b-e2f7-4cee-9d45-a4022c16c189,Sinta,https://play-lh.googleusercontent.com/a/ACg8ocLasmVMvl9H8cs-D9YGUxLjlWp5SOqK-oEw3LVJkFaw_aliPg=mo,"bagusssssss, cumann harga pakaian nya mahalll banget",5,0,2.715.1115,2026-04-21 20:00:49,,,2.715.1115
8888edfb-6498-4e82-b17f-6229db166f86,Sinsin,https://play-lh.googleusercontent.com/a-/ALV-UjV002kzam96qLVRqnfLWG-RWcv8XiviA2YmvPJJupl8KPoTFBw,"Bgs Bgs aj sih, cm ni gme lmyn ngslin ykk, ydh si B aja gtu, tp knp hrs updt ny kyk gni sih, ak kn jd kna btsan umr, ni updt diilangin aj dh, ngslin anj gw g bisa cht bstie",5,0,,2026-04-21 20:00:39,,,
6a6f1a98-1c07-4fed-b844-558d6ad4c6ac,Beah,https://play-lh.googleusercontent.com/a/ACg8ocJaV087jcihuyAncJCqEeYb_49CtULZ8hnEbFm9c7KJtWh4Gg=mo,"SERUU, walaupun boros kalau pake paket/kuota tapi oke lahh",5,0,2.717.985,2026-04-21 20:00:14,,,2.717.985
25648c38-cf78-433c-90ee-7b1a52083cad,Ariza Miftakhul Jannah,https://play-lh.googleusercontent.com/a-/ALV-UjVrcXSAbnzR0nPxTqd3RbVhVFIbgbbj1kU9wXfDFgePmnzfbRs,sangat seru,5,0,2.715.1115,2026-04-21 19:57:06,,,2.715.1115
40a689c9-4350-45d7-ad04-36c6507b1efb,Bom Bom,https://play-lh.googleusercontent.com/a-/ALV-UjWYSnH4P5nQYBgbnqLL06THS3xgVpSlLjb4x5zzm4URmhhL1oI,aduh ini gem ato porno sih,1,0,,2026-04-21 19:57:02,,,
aad40d87-49fd-4975-a10a-b3bf49d4175a,Azka Yusuf,https://play-lh.googleusercontent.com/a/ACg8ocLXFdsKshsb6HBphAg6tTuwxSFsBPWF0vautDL-BEaHOxYqow=mo,How could you delete chat bro?,1,0,2.716.875,2026-04-21 19:56:35,,,2.716.875
d04f122a-e255-45a6-8302-69b3edebe41e,Biancha Azqiara,https://play-lh.googleusercontent.com/a-/ALV-UjWRLUh0z-c0KmkcVyv72XoIJdkDfKkcxjtOa6_8ZkyWjSZjomg,1000000000/10000000 bagus 👍 ava cute lagi elu yang gak suka roblox Jagan 😡😡,5,0,2.696.799,2026-04-21 19:55:44,,,2.696.799
e737d1a8-8e7c-4710-98de-93604ac39cdc,Alafasy Irawan,https://play-lh.googleusercontent.com/a/ACg8ocIJQDaW0xYIeiT2Xm9M1D4KaoNQa5MhthonBnNIvZ8CaHugHw=mo,geme paling seru😘,5,0,2.717.985,2026-04-21 19:55:09,,,2.717.985
caa2822d-d723-4e8b-a993-0ee1f8e0e9ee,KKG 04 BINA CENDEKIA,https://play-lh.googleusercontent.com/a-/ALV-UjXvds_HkJq_IqTx39JYTYGUmGNXVFDFUp2neeTrXU4P1o9Cw4I,bagus banget kesayang yang chat baru🤍,5,0,2.714.1096,2026-04-21 19:54:56,,,2.714.1096
fa3af2e2-3adb-4969-8ad2-be66fc6127a9,Caca Caca,https://play-lh.googleusercontent.com/a/ACg8ocLX78IAKdywWjHV6X7HUgufE9SYZh9RFlFKshDlDghBMEnbhA=mo,"game ini sangat menghibur bagi anak² yang usianya 6 ke atas, gamenya seru banget, apalagi pas main grow a Garden, tapi tolong diperbaiki bug² nya🙏🏻",4,0,2.717.985,2026-04-21 19:53:56,,,2.717.985
c033c8a8-b7b1-492a-815f-e18b92b2aa26,Putri Alicia Salzabila,https://play-lh.googleusercontent.com/a-/ALV-UjXiDPaeVYQ-yfqgZrFCgiVkzE-NC9iF769ZsxSy99oVmi54o5-7MQ,upgrade Mulu dah,1,0,2.714.1096,2026-04-21 19:53:54,,,2.714.1096
fdab4405-245d-433a-be79-2f2fbf9f45e6,Handayani,https://play-lh.googleusercontent.com/a/ACg8ocI5dhF-hihJPG14JrOQAHswQ_C-EUDkvAH5t5Lbywn-8EIZYQ=mo,"bagus walu terkadang lemot tapi sudah bagus permainnya banyak jadi bisa ganti"" permainan jadi tambah seru apa lagi bisa Mabar bareng temen jadi bikin seru dan dapet temen baru gem nya seru dan asik makasih yang buat gem ini makasih ya biki hari"" kita berwarna dan seru makasih ya yang buat gem ini ☺️☺️🙏🙏🙏🙏🙏",4,0,2.716.875,2026-04-21 19:53:04,,,2.716.875
57666fb8-3526-49c0-84c8-559d7a45194c,Rhepaz,https://play-lh.googleusercontent.com/a/ACg8ocIxFpPi6sn5j1CVJ3mFYzko-5HHi8HZ55d_vDmVvtLMZiJT3Q=mo,game bagus tapi ada peraturan gak jelas udh gua top up berapa kali tapi malah akun gua yang ada robux gak bisa masuk,1,0,,2026-04-21 19:51:54,,,
20c6ce7a-8260-4054-aeae-725a97bce457,Iraa Iraz,https://play-lh.googleusercontent.com/a/ACg8ocIycyMg3r6aHa86QthI9Kl2DHn6HifDORKtuBHhubaygcWcbA=mo,seru tapi sering lag pdhl wifi nya baik baik aja jahat sih.,4,0,2.717.985,2026-04-21 19:51:04,,,2.717.985
0e461c4e-2c21-4626-a3e9-5a7596316222,fujianto Fujianto,https://play-lh.googleusercontent.com/a/ACg8ocKHb9Zt2EcQ0mzFPvoKFCW5-rT2X7Fhs6IbUf3jSn7arT990Q=mo,bagus seru banget,5,0,2.715.1115,2026-04-21 19:50:57,,,2.715.1115
d71cd8af-9d4c-46af-b305-e20ac46b6d4b,Dita Noviana,https://play-lh.googleusercontent.com/a/ACg8ocIJi-9JLmf-f3xgH2SYz-zkdgHAQUx_tqSNgCurgVTAW-ZsyA=mo,sangat bagus aku suka,5,0,2.715.1115,2026-04-21 19:49:48,,,2.715.1115
c488a384-258b-4de4-a2d4-2aa9ef6af610,Rizki Alfa rezi,https://play-lh.googleusercontent.com/a/ACg8ocKead0vg5U6S2hqCUUXmN_7B9TzZlHxHSAvL7oNiKKxugrdkg=mo,"banyakan aturan tapi gak berguna,isi gem kebanyaka brainrot bagus kaga",1,0,,2026-04-21 19:49:17,,,
1ba1d27c-9711-4e47-80e0-f217712fa5ab,Reya Yati,https://play-lh.googleusercontent.com/a-/ALV-UjXDi8JqZuVvhrjj3i5nut3mEYullSS3HFVzlxliBSrnKW3fv50,"Sekarang udah masih tidak jelas game roblox dikit-dikit koneksi terputus, padahal koneksi lancar tapi sering banget koneksi terputus.",1,0,2.717.985,2026-04-21 19:48:53,,,2.717.985
eac78f14-09a7-4cd6-8f1f-a85e9cc733b5,Meisyaa,https://play-lh.googleusercontent.com/a/ACg8ocIWsn6OIm2A6iLJt41aa9MDcwmHhWvotKtzQnxEEkwpOJ9QQQ=mo,game ini sangat seru dan menarik banyak berbagai game yang di mainkan,5,0,2.716.875,2026-04-21 19:48:15,,,2.716.875
271bf80b-cf05-4e32-9cec-85648fe09289,Faris Hilmansyah,https://play-lh.googleusercontent.com/a/ACg8ocIpKD-6UW3Ks7rZeuQBnJoSqHdJHnuzhXrpBXMpjrEuHHZMAA=mo,makin ribet dengan adanya verifikasi anti bot,1,0,,2026-04-21 19:47:54,,,
f400c272-e454-443c-9b80-88d6f5db94bc,Arham Newinoy,https://play-lh.googleusercontent.com/a-/ALV-UjWARsTUIHFaFUwDD5Ar0RVx1pf-adP-0Pt90_l3bikZZuvXR9yj,update sucks,1,0,2.715.1115,2026-04-21 19:47:42,,,2.715.1115
68646172-5a7b-4d8d-b6af-c2aa6a1f2f24,Aminatul Hasanh,https://play-lh.googleusercontent.com/a/ACg8ocK6GSRG8x1oBkJTREJ3bAowviWDssgSm-iI-swEbF6I4rhi2g=mo,baguss tapi..........ngelag,5,0,2.714.1091,2026-04-21 19:47:19,,,2.714.1091
c43efd68-956f-4bce-a601-25a15190bc49,Junaidi Ap,https://play-lh.googleusercontent.com/a/ACg8ocIt2A-B2FwuaA0n9QJqLK7wgH762rYYPOVzSmbehyoX87XJyQ=mo,suka bgt,5,0,2.714.1091,2026-04-21 19:46:20,,,2.714.1091
cbfb6102-1630-4b8b-af57-900c6885b838,nia wati,https://play-lh.googleusercontent.com/a/ACg8ocK5XqUUqM9dPoZjFk-TR5k0aTsy_GIRe1aU1-1S15AjRQERiA=mo,bagus jos gandos jadi seru lah pokoknya,5,0,2.717.985,2026-04-21 19:46:08,,,2.717.985
e927b0d5-7634-45ac-8064-fbdf68167606,Sakura Zira,https://play-lh.googleusercontent.com/a/ACg8ocJnd03JQ-wLt8zKC13g77rE2PY6OFpswmjiFQyeyIECrd7yGg=mo,sangat bagus tapi ada bug nya wifi udah lancar tpi bug terus,5,0,,2026-04-21 19:45:36,,,
35d9c70e-61cf-4f99-94ba-783a9a400d61,ziraa,https://play-lh.googleusercontent.com/a-/ALV-UjUVRD4672sKH6A8st3uv43RiL3SUtSGZZA1ZElx5-Xxa6BMHyem,seruuuu,5,0,2.717.985,2026-04-21 19:45:27,,,2.717.985
53ee805a-c7f7-45b5-8d1f-043b83eb0943,Archilles Once,https://play-lh.googleusercontent.com/a/ACg8ocLg3R2SaCtHRw9PjVsaE70AUP_lOFhveNDYi1YCbcEvvdd-zQ=mo,game nya seru dan player nya baik,5,0,2.717.985,2026-04-21 19:44:49,,,2.717.985
335e92d7-d91b-4972-bf04-2abc5b969184,Tri Kasad,https://play-lh.googleusercontent.com/a/ACg8ocJmOK7VMcfotA22yYaW6R2bZ_QNtPstmW4aLpOKCcp-NR9FFg=mo,game nya bagus seru tapi tolong ya bug nya dihilangkan soalnya setiap main data bagus ada tulisan koneksi terputus padahal bagus banget koneksi nya tolong itu aja ya 🙏🏻,3,0,2.715.1115,2026-04-21 19:44:04,,,2.715.1115
5530457c-cd9c-46dd-9b64-e9e7b902d19a,Daro Althurr,https://play-lh.googleusercontent.com/a-/ALV-UjUOdLmMWh_fj20IJuMFRzPNfl22AxA8pt-Msf8ekHqFA6GBNMw,"game ini cukup baik bagi saya dan memberikan saya pengalaman game lainnya yang belum saya mainkan, tapi saya sedikit kecewa adanya pengguna atau Player yg menyombongkan diri mereka sendiri dan merendahkan orang lain atau pengguna lain, semoga roblox kedepannya lebih baik dan mempunyai keamanan yg lebih unggul untuk penggunaan yg baik dan jujur😁👍",5,0,,2026-04-21 19:43:53,,,
2175a8c6-f7f4-4208-8a3a-90521448165b,Adila Adila,https://play-lh.googleusercontent.com/a/ACg8ocIrsL5VbePirTX77xowoDWjJ976fy0adRH2XsXz_l1DE_ztmA=mo,game nya bagus tapi kadang ngeleg sama ada bug juga tapi masih bisa di mainin dan tetap seru tiap hari mabar sama temen atau gak sendiri pasti kali pulang sekolah langsung main roblox,5,0,2.707.734,2026-04-21 19:43:20,,,2.707.734
d01253f0-6eda-42a0-b03e-1aba69c5198d,Daniswara Ruzain,https://play-lh.googleusercontent.com/a/ACg8ocJENUp1i6Orqf3yx5UOOWG4Sk6pu1q2KS2oFdmIOeFc-Ks43g=mo,ada grow a garden tambahin hd lagi rob,5,0,2.715.1115,2026-04-21 19:42:58,,,2.715.1115
eb813370-a217-4805-9d31-0a9e48f3b672,Aslamna N,https://play-lh.googleusercontent.com/a/ACg8ocKdZYJ7DYuyqVFS-4K2R9FjBJPEneXVm-xGyzMMVU2cG3vvaQ=mo,update ya buruk banget,1,0,2.715.1115,2026-04-21 19:42:52,,,2.715.1115
6e4cedac-2e46-42af-a384-a1c90ab19db8,fahru rozy fadila,https://play-lh.googleusercontent.com/a-/ALV-UjWXokjzHDaqSRx6Dkcmkj4DrtoXadAiCmHtcrkHi8hwcS_SQhYc,bagus sih ga ngelag tapi ada kadang kadang burem dikit tapi ga papa minusnya saya tak bisa chat ataupun voice chat sedih kami dari warga roblox memohon untuk agar seluruh akun bisa chat,3,0,2.716.875,2026-04-21 19:42:50,,,2.716.875
c2f762f2-c881-4a46-89e4-40454150a025,ׄ ༩ᰔ Bᴇʟᴏᴠᴇᴅ ᴀꜱora,https://play-lh.googleusercontent.com/a-/ALV-UjUcCTb9sXBpUs4HIkBHKgagkvzoI2TCn2QLZ-Cyn9vCSsldVMqN,"ts game is kinda weird. idk how,but.. ah wtv ya",2,1,2.715.1115,2026-04-21 19:42:47,,,2.715.1115
208e1476-d047-424a-a97a-0d7a4c26274b,Eddy Tamzil,https://play-lh.googleusercontent.com/a/ACg8ocIRu6iosCmsuma4ia1bs1THQIy2uJcgegBmBliPq5x_L0OjdQ=mo,david udah gak punya mental,2,0,2.717.985,2026-04-21 19:42:02,,,2.717.985
575e4d8f-b4b8-437c-8ef6-eb0cc87060d9,Benetta Dira,https://play-lh.googleusercontent.com/a-/ALV-UjX-iOJRqKB-ZnoOcfwhDMr7QOWIGioiyZAb5F4JZyMVgyYnxeoZ,game ini sangat bagus 👍😎,5,0,2.715.1115,2026-04-21 19:41:22,,,2.715.1115
d725dd31-872c-4f0d-84f2-cd26c7a83c88,Winanta,https://play-lh.googleusercontent.com/a/ACg8ocILGVALJVZUOMw-2YDYyS8gs-dBTWIbT9D12mYBfHTcq2rWIg=mo,Roblox ini permainan yeng sangat bagus karena banyak jenis gane platform di Roblox seperti tembak-tembak atau bertarungan fisik. Game ini sangat seru karena banyak gamr ysng asik di sini saya jadi suka bermain Roblox karena permainan di dalamnya sangat mengasikan dan juga seru.,5,0,,2026-04-21 19:41:00,,,
a8dd7833-9bf0-47c1-a3ef-58623b00ec54,Julfa Meyy,https://play-lh.googleusercontent.com/a-/ALV-UjVbAbGAepVmBaA5uR-9FuDHDB_tCRPVnX2_U-YC2wAyq_z5vGA,jelek roblox sekarang banyak aturan nya jadi lumayan gak seru lagi sering mau join map malah eror apa gak jelas bgt,1,0,2.715.1115,2026-04-21 19:40:47,,,2.715.1115
f58a422b-64a0-411c-b96f-4a2a401192fb,Zaki Alfarizi,https://play-lh.googleusercontent.com/a/ACg8ocKh95MRJ2ecVn5wQiKHU3cPmM3WU566SUUHJgM_fp0KY-eSug=mo,"oke, tapi kalau mau mabar sama teman tiba tiba langsung ngelag dan tolong diperbaiki secepatnya",3,0,2.715.1115,2026-04-21 19:40:26,,,2.715.1115
9f0ddcbe-fb13-492f-915f-b44b84f26035,danimarlay danimarlay,https://play-lh.googleusercontent.com/a/ACg8ocIIuFDzV7ysRKqeKxrZrbRkDaEoooiu2g1y0vqkztfSg5ziXA=mo,sangat baik tapi saya mau robux,5,0,2.711.876,2026-04-21 19:39:04,,,2.711.876
fe516640-2d1b-42c6-8dc4-3ffb6f17dce4,Fany Fitriani,https://play-lh.googleusercontent.com/a/ACg8ocKA4gr4SWOGqpllh1XFdMvI9vvdS3si2d20rD3M637FyHu0Eg=mo,sudah,5,0,2.715.1115,2026-04-21 19:38:56,,,2.715.1115
47586622-ae6f-4bd2-ada7-7146ddb6ecc2,Tulus Tobasir,https://play-lh.googleusercontent.com/a/ACg8ocJpdNHziBPl8_GUx1VW0Tvv-CRtcNRsbmk3u7nhdsXbNl8SVg=mo,keren👍,4,0,2.717.985,2026-04-21 19:38:23,,,2.717.985
71713745-7d68-4bc8-bd72-2d19bfb0b85f,Nayara Khairunnisa,https://play-lh.googleusercontent.com/a/ACg8ocKrVGR0q6X7mIkZQUSeZsyOnToWIHx4d3TslEdm6lc-qOc2AQ=mo,i like so much this game 🥰,5,0,2.715.1115,2026-04-21 19:37:46,,,2.715.1115
a905f86b-402b-4bbb-bd5a-55cb2d8f2e99,afifah saja,https://play-lh.googleusercontent.com/a-/ALV-UjVDbroeIt2C721wlD-TPLpXKRTaDCMKZPbVGyCuf0VoYYwe3i0,game nya bagus tapi terlalu banyak updetnya sgitu saja dari sy terima gajih,4,0,,2026-04-21 19:37:13,,,
9b75228b-4735-4820-8202-9db2ee783d33,Miftah Mdr,https://play-lh.googleusercontent.com/a-/ALV-UjVEpaGQi52NSzySE5jJ9Rrf7gXSSNOTC72lp3F68AVzTA17vDc,lumayan bagus tapi sering eror,5,0,2.717.985,2026-04-21 19:36:33,,,2.717.985
1c116411-9b9a-44f5-95fe-5e7996c70909,Wahyu putra,https://play-lh.googleusercontent.com/a/ACg8ocIDJvt16Yp2PDAVhntYv6Lz5asdSslPTSAeZireOIcPnAReZQ=mo,ini aplikasi sangat bagus saya udah main ini sejak 2018,5,0,2.688.862,2026-04-21 19:35:59,,,2.688.862
61d978cb-daf1-435d-88d7-c8f47db068c0,Faisal Ramadan,https://play-lh.googleusercontent.com/a/ACg8ocKyTTqRedyi7d8xHuYtjiK2q_vih44OYANt_2Ze8oE-Yre4kg=mo,aku suka game ini tapi sayang nya aku tidak bisa chat,4,0,,2026-04-21 19:35:57,,,
8468abe7-627d-4cf2-a062-2b1fe912f3ee,otongotong Otong,https://play-lh.googleusercontent.com/a/ACg8ocLFrNsrcByO_7Kw7GVmkUg0Hwp6gaySiVw1toLPQf0zt-V-oQ=mo,hei delevoter kenapa saya tidak bisa main Roblox dan ada tulisan update dan Roblox tidak mendukung Android 6 dan7 plis aku mau main aku kasih bintang 5 nih 100000000000/100,5,0,2.682.538,2026-04-21 19:34:36,,,2.682.538
bc0bed74-b58b-43ec-ab63-03cc43bb3632,Amara Amara,https://play-lh.googleusercontent.com/a/ACg8ocJjmWYIjRS5NQ71iRyXPYbH9OB9EGAdQAvev3qb_2P7mAKEfQ=mo,waw,5,0,,2026-04-21 19:34:15,,,
94b6b767-e8e8-43ae-90a1-26deebd914fd,Shafa Azzahra,https://play-lh.googleusercontent.com/a/ACg8ocL_C33NC6LsPH-w_GvtzeyR9iKdfTzJj5aRWUxhTiPoPWbalQ=mo,"game ini sangatlah seru dan menyenangkan bagi saya, karena kita bisa bermain dengan teman virtual/saudara/teman dan yang lainnya, di game ini juga kita bisa mencari teman, belajar membaca",5,0,2.714.1091,2026-04-21 19:33:49,,,2.714.1091
d075e831-0473-4e70-966e-8c4cfa61aaee,Theodrikus kalbar,https://play-lh.googleusercontent.com/a-/ALV-UjWoWagJKZVvdSD_zkaNBegAQZjaViPGLG-oDuFf0xGVmgCq3CU,woi bisa mabar tapi admin bikin bisa chat dong,5,0,2.715.1115,2026-04-21 19:33:19,,,2.715.1115
4ae65c26-1ade-4082-aefb-9ef17a3e794a,Aisyah Yasmin72,https://play-lh.googleusercontent.com/a/ACg8ocJvm05NFtY-6PnQFMiWBKdK1s0fJp0jmGWvI28WPFfSoNhUpA=mo,bagusssssssss,5,0,2.717.985,2026-04-21 19:33:18,,,2.717.985
16de633a-962e-49af-aa11-0acb82ace6b3,Mega Wati,https://play-lh.googleusercontent.com/a/ACg8ocK8YBdwAAKdE3JPcQi9fkMWQIWWPf9Wj7kydkAM8qxUHnShOw=mo,gamenya bagus bisa Mabar lagi,5,0,2.715.1115,2026-04-21 19:30:17,,,2.715.1115
b2d1830a-1c6e-48e6-9ed6-6e38aabc839b,Luluk Maflukah,https://play-lh.googleusercontent.com/a/ACg8ocLLWIi5B8cNjPFyzTn0WtgzX9xmDM0S3qh4S0qMzM9uxRFvMw=mo,"good, interesting and exciting but unfortunately this game is very dependent on the surrounding network itself, because my wifi and network are good but unfortunately there are still lots of reconnections and errors signals that interfere with the game and ruin the desire to play, I hate it, fix it🙏🙏😔😞",2,0,2.717.985,2026-04-21 19:30:16,,,2.717.985
033c645a-09a1-4900-ba48-e1cd134f5ac7,Bilqis Humaira,https://play-lh.googleusercontent.com/a/ACg8ocICGn02VyhfNt3uzBR_0-lv8sBKckuUVkWe3xXuswYTv-_xHw=mo,sangat seruu sekali,5,0,2.715.1115,2026-04-21 19:30:09,,,2.715.1115
d205aec9-d656-4159-a717-e95f24fb5124,Carissa Angela,https://play-lh.googleusercontent.com/a/ACg8ocKRYNLB7vDp3JsYPubtW4Z31yPMRd5CQAbXT8Epo4XWZQ9qyA=mo,saya tidak bisa download disini,1,0,,2026-04-21 19:29:46,,,
26883714-655c-4d93-a9b5-044e433944dd,kun Dede,https://play-lh.googleusercontent.com/a/ACg8ocLnMQxaqU7Eh2aqqIe-1eqkxM_lipUKLGStDBwn40AlNIpYugM=mo,memang paling top,5,0,2.714.1091,2026-04-21 19:29:02,,,2.714.1091
404e9377-5cee-488b-81e9-4d6065931afb,Novi Agha,https://play-lh.googleusercontent.com/a-/ALV-UjVck_qhsDr2JerulrAZqwaPcCEbydGEGXU3AEmio8VIWXt6_1I,"kalian setuju kalo report hacker/exploiter dapat ROBUX karena roblox gak mau nge-ban/delete akun mereka,kalo setuju tekan👍!!!!!!",5,0,2.717.985,2026-04-21 19:28:20,,,2.717.985
c3fba1ae-63bb-43b1-8d72-e44ea941b2b1,Syntia Sukamto,https://play-lh.googleusercontent.com/a/ACg8ocKCljSBlZDnFyM_KMsaGFQpoO5kZ4721qSkO-BlEXm-cjalsg=mo,sangat bagus udh gitu duang wkwkkw,5,0,2.716.875,2026-04-21 19:27:28,,,2.716.875
effe07df-bda7-4a35-87bc-bcbd3332ca47,Anam Atmaja,https://play-lh.googleusercontent.com/a-/ALV-UjXxYIsMslrC19AdG8yNxhIqvlyUE7TEhaWfsVVDhZ_Zv_BvpVwSSA,game nya seru banget tapi game ini banyak bug nya,4,0,,2026-04-21 19:27:24,,,
b706c188-9015-402c-b8aa-6482e87436a1,Adi Tama,https://play-lh.googleusercontent.com/a/ACg8ocIlJ_S2Yi-tmmuojtxrkWtfy4mRJLRNyWN9PnIpKXp5ouKp=mo,banyak aturannya,1,0,2.713.911,2026-04-21 19:27:07,,,2.713.911
811e6285-6de9-4aee-8ba7-2c0fe59f465f,Wardi Njarah,https://play-lh.googleusercontent.com/a/ACg8ocKvLPZ_uzwRxeYfK5zpdOHH2WieTJtXt7wfMwWzjHBXbbSZmg=mo,Roblox itu bagus banget,5,0,,2026-04-21 19:27:04,,,
eec3ca53-a925-42a4-ab1d-e19acc681996,Felisha Fais,https://play-lh.googleusercontent.com/a-/ALV-UjX9Ib4xrFssWEcmdBDaScDkHnj1OSAhvXsFUivpGSdRM1E6359Q,"haiii 👩‍🍳🐰 menurut ku game ini bagusss bngt 🫧🧸 alasan aku kasihh bintang 5 🧼💐 1.setelah upgrade/update makin aman tanpa chat gen alpha gk bisa berkutik atau mengejek orang lain 🙀👐 2.𝗴𝗮𝗺𝗲 𝗶𝗻𝗶 𝗺𝗲𝗻𝗴𝗮𝗷𝗮𝗿𝗸𝗮𝗻 𝗸𝗶𝘁𝗮 𝗯. 𝗜𝗻𝗴𝗴𝗿𝗶𝘀 🫶🎀 𝟯. game ini juga worth it 🫐🥀 walaupun harus online main nya tapi seruu 🫶👩‍🍳🐰🫧 di 2026 ini roblox makinn amann 🧸🐰aku jadii makinn tenang 🤗👩‍ okeyy bye bye guys 🙌🧸 ""sekian Terima kasih"" 🫶👩‍🍳",5,0,2.715.1115,2026-04-21 19:26:40,,,2.715.1115
3224e2d5-b0bd-43dc-84ec-98ca62a64ea2,Borneo,https://play-lh.googleusercontent.com/a/ACg8ocIfWN1l1mO7qWchoLDoZTCsN1kAU6C2hRN9BS1TqO7kmlkCgQ=mo,make this game free of cheats so it won't get trolled plii,5,0,,2026-04-21 19:26:10,,,
1c8b4933-c0fd-4714-90e5-5e9832c2e2bf,Eka Endang Saputra (Eka),https://play-lh.googleusercontent.com/a-/ALV-UjVmhdPc9kql-J7NG44cJkdt9Az1D1FTjJGMw77Q5odPGefcRIAG,gjls item yg di beli pada ilang mlu di refund ga full ngerugiin amat blunder lama lama ni game,1,0,,2026-04-21 19:24:40,,,
2569c4e2-f686-4930-bd1c-aa650e9afe78,loveyo u,https://play-lh.googleusercontent.com/a/ACg8ocKWC90jNw4Sg-nH_PeqPxDBbDuQsx-XRVP3P7bl8P_N-X84Ig=mo,roblox nya bagusss banget tau gkkk aku suka dan aku punya 12 robux itu sisanya tapi sayangnya sekarang gk bisa chatt tpi gppp lahh,5,0,2.714.1096,2026-04-21 19:24:37,,,2.714.1096
d5568bab-0276-4daf-8c03-3b1e9e265708,Zahra Khairunnisa,https://play-lh.googleusercontent.com/a/ACg8ocJU1iYyNYewHPfRWdCr0IfCLShbIzOrEFwt0CP6cg2Eva-wtw=mo,pake batas usia,5,0,2.715.1115,2026-04-21 19:24:35,,,2.715.1115
3b813ddf-7e09-4697-848f-52996f993159,Kazana Official,https://play-lh.googleusercontent.com/a/ACg8ocLIIg2EuTgQvbVRioMOH1Gv9QggoS9JDyhvP4ZtJApY_t4nfA=mo,"so many hacker in the gam,like a good game but people got banned",3,0,2.716.875,2026-04-21 19:24:23,,,2.716.875
7fe69401-198f-4c98-8b4d-35aa228d57de,Putri puspita,https://play-lh.googleusercontent.com/a-/ALV-UjXq3QaoNv3TSoGLpNuOBdcikyfWFHP25-YW6KwG8Vig6aJZ34DP,roblox ini sangat bagus tapi aku kurang suka dia agak ngelek dan upgrade terus tapi tidak apa apa ini malah lebih bagus dan game nya lucu tapi ada bug parahmohon di hapu,4,0,,2026-04-21 19:24:22,,,
64183e97-112b-4f22-8658-b87f1626a3fd,Adila Latifa,https://play-lh.googleusercontent.com/a-/ALV-UjUxRL4PFMc04telt8B9BEA3COZu94tp7NTOAf4Zl9_OlvpPY_M,harus update teruss,1,0,2.715.1115,2026-04-21 19:23:43,,,2.715.1115
3f270dbb-8245-4ed1-a86e-db1003fce3ea,Raditya,https://play-lh.googleusercontent.com/a-/ALV-UjVtRc8Weeq4eFyjsUmEMsjZEkk5qnOig1alAR4nUtbDMlShnn0,katanya ada roblox versi kids dan lain lain jangan plis,3,0,,2026-04-21 19:23:28,,,
0a45f224-a37b-4138-9123-32472b61e5be,Destri Miranda Octavianus,https://play-lh.googleusercontent.com/a/ACg8ocKcRxDl8lHdfY1pUel60NOerkewKt4i8MCUEwXsmvN47N1bAw=mo,banyak bug nya.,1,0,2.717.985,2026-04-21 19:22:42,,,2.717.985
75f45c33-137f-49b7-bc87-511852809fd4,Lampung Balam,https://play-lh.googleusercontent.com/a/ACg8ocKoGGXjMGDKoInjE2XDKS0Thw40qNeY5t34e7oGvsdyIEEUmA=mo,bagus banget aplikasi nya,5,0,2.714.1096,2026-04-21 19:21:34,,,2.714.1096
413e1b79-d470-4105-b917-ac84bf45b18a,risky evanes,https://play-lh.googleusercontent.com/a/ACg8ocK6qO__OuVDYATnkXJkqGsoH1c2JphIci15uYXoa3aywHSkog=mo,gem ini gakjelas masa guwa main Roblox tahun 2022 tapisudah di upgrade Masi aja ada tulisan Roblox kamu sudah kadal Warsa malas banget 🥺🥺🥺,2,0,2.715.1115,2026-04-21 19:21:24,,,2.715.1115
05b534eb-d8b6-40f4-850d-e472e12a1ab4,Rani Suprihatin,https://play-lh.googleusercontent.com/a/ACg8ocIHYeu2NASQqCkf0XYwmP_lNNJT6VvTxup8VAYH-Oc1ugNChQ=mo,"game nya bagus grafik nya bagus cuma satu ke kurang baju ,celana harus pake Robux",1,0,2.717.985,2026-04-21 19:20:05,,,2.717.985
e5ac8483-39a1-406c-b273-4a108e71a595,Daniel A M,https://play-lh.googleusercontent.com/a-/ALV-UjXtxAnnu23dgp0FzAPpUhC1CJVOFhP8tVJ80_teiWyImPwhNIE,server jelek ngeleg terus Roblox=goblox😹😹😹,1,0,2.717.985,2026-04-21 19:20:01,,,2.717.985
3afff6e9-b7e2-4926-8826-c237bbb72e01,Anak kesasar Anak kesasar,https://play-lh.googleusercontent.com/a/ACg8ocLvIydlsXnH81BXTV-SUIBd3GX_xScIxnIl254jOHKkTU3o7w=mo,bagus tapi ga bisa chat dan peraturan tak masuk akal,3,0,2.715.1115,2026-04-21 19:19:55,,,2.715.1115
956d1b2e-cf4f-4f6a-9db4-5362cf087d8a,Finski Tika,https://play-lh.googleusercontent.com/a-/ALV-UjVnu8xGI_vcnLJThJu7ExDb0uoBNEgW04Yy7fWW_DCvSIWhlDs,𝐠𝐞𝐦 𝐢𝐧𝐢 𝐬𝐮𝐬𝐚𝐡 𝐝𝐢 𝐝𝐨𝐧𝐥𝐨𝐰𝐝 𝐝𝐚𝐧 𝐠𝐚𝐦𝐩𝐚𝐧𝐠 𝐬𝐮𝐬𝐚𝐡 𝐦𝐚𝐧𝐚 𝐥𝐚𝐠𝐢 𝐠𝐞𝐦 𝐢𝐧𝐢 𝐭𝐢𝐝𝐚𝐤 𝐩𝐞𝐫𝐧𝐚𝐡 𝐦𝐞𝐧𝐠𝐚𝐬𝐢𝐡 𝐫𝐢𝐛𝐮𝐱 𝐠𝐞𝐫𝐚𝐭𝐢𝐬 𝐭𝐚𝐩𝐢 𝐜𝐮𝐦𝐚 𝐬𝐞𝐡𝐚𝐫𝐢 𝐬𝐚𝐭𝐮 𝐛𝐮𝐥𝐚𝐧 𝐚𝐣𝐚 𝐭𝐞𝐫𝐮𝐬 𝐦𝐮𝐝𝐚𝐡 𝐝𝐢 𝐝𝐨𝐧𝐰𝐥𝐨𝐚𝐝 𝐩𝐥𝐬𝐬𝐬 𝐚𝐤𝐮 𝐦𝐚𝐮 𝐲𝐚 𝐩𝐥𝐬 𝐝𝐢 𝐛𝐚𝐜𝐚,3,0,,2026-04-21 19:19:23,,,
46e5d057-02e7-4c65-8f8f-49adf486899a,Muhamad Al Jibran,https://play-lh.googleusercontent.com/a/ACg8ocJrbJwVMeulsY7KPRu-uG3rWfWOsoGCqyiebcfnMRsZVqWhJw=mo,"game nya seru,terus ada banyak permainan nya",5,0,2.715.1115,2026-04-21 19:18:58,,,2.715.1115
860d1420-1ee0-4ae3-ae2e-602eeab493d6,Yanti Sukma,https://play-lh.googleusercontent.com/a/ACg8ocK-MYhaiFUtmP6EaNGFpT6RrwR559wo4-ca6ABPcpEsP7_g7A=mo,"game banyak bugnya hapus dari playstore aja,dasar bikin kesel pas lagi enak main",1,0,2.717.985,2026-04-21 19:18:48,,,2.717.985
3bab62a9-b995-4c56-9263-e5a8b71d90aa,Damar Adi Saputra,https://play-lh.googleusercontent.com/a-/ALV-UjXi_rwmYvNxPtlwgkcfyhyxYDzPZZHnTOaL9rvFjIWQ-Ghr_Pw,kebanyakan update,1,0,2.715.1115,2026-04-21 19:18:23,,,2.715.1115
05294078-2ec7-4452-9ed1-6ddaae8937f4,Nur fadzriah ramadani,https://play-lh.googleusercontent.com/a/ACg8ocJEpJTpgBtDy0KVWJIyLr3IzRlotdfA5kfNUu2gZFUqQT2YfA=mo,geme nya bagus dan seru,5,0,2.715.1115,2026-04-21 19:18:05,,,2.715.1115
9d618cd9-1091-413f-9fb3-ea567aee7b47,Wirna Wi,https://play-lh.googleusercontent.com/a/ACg8ocJMNHQvAHsHh-IdcvjxE4nQxXC4E-AIsDmrsWcR7n8HGTRrwQ=mo,aku suka tapi kalo boleh update Roblox nya kasih jual barang yg sudah di beli karena ada barang yg aku g mau aku beli tapi adek aku membeli barang itu mohon di kasih update itu jual barang item yg kita udh beli pls🫪,5,0,2.717.985,2026-04-21 19:17:32,,,2.717.985
750bf1c1-3325-4b73-8afb-f889ab8f89e1,Jeng jeng jeng Jeng,https://play-lh.googleusercontent.com/a/ACg8ocLjzvtbTyawF13MxGN1UVjUcGLxfeGcssV-10bSawHS-9hAyA=mo,game yang bagus,5,0,2.715.1115,2026-04-21 19:17:04,,,2.715.1115
d75efe43-499b-48e0-aea5-1d3898712f2a,nurul ting,https://play-lh.googleusercontent.com/a/ACg8ocJqPYIqvT9CutnfHUvcopcITrDPHBrcrw8QI8WEvCM9Fur8mw=mo,bangus banget map nya banyak seru bisa Mabar sama teman pokoknya debesattt,5,0,,2026-04-21 19:16:56,,,
efa6fc02-2d58-4127-9641-928d6ec6021a,Davinia Sitio,https://play-lh.googleusercontent.com/a/ACg8ocKcnlAnM-_MswzaOv5ylci55t9sRsRJJEAvjSKk6Af7suJfQw=mo,"lumayan sih mereka membuat keamanan bagi anak dibawah 16 tahun tpi pembelian aplikasi ini seperti membeli robux terlalu berlebihan sih bagi aku, sebaiknya dipertingkatkan yaa🤗",4,0,2.717.985,2026-04-21 19:16:01,,,2.717.985
bf882607-f1b9-4ae1-a2f9-d23428c66d34,Kenza Khaisanu,https://play-lh.googleusercontent.com/a/ACg8ocLO76KPM-ZjxyykxdTUvy_y9IYmpu_ijWVjKApiDT3RrhhCiQ=mo,game ya udah bagus tapi aku main tadi,5,0,2.714.1091,2026-04-21 19:15:44,,,2.714.1091
17993873-88d1-4dfc-aaa9-30bbaac5e1b9,Daffa Januar Syahputra,https://play-lh.googleusercontent.com/a-/ALV-UjWNmPBuhMbrUt23hK_fNendbNIVYno7CbC_c_ed4I5Bo7EY7f4,seru sih maen nya,5,0,,2026-04-21 19:15:38,,,
2b4e68c8-bdb5-4354-9ed1-b026a3cc48cb,Athaya.Alwafitaqwa Taqwa,https://play-lh.googleusercontent.com/a/ACg8ocIuuvdO2Cz3ZNgQZiqQXKhpMBsratyQazVOBMLG2xfDXZ6LKQ=mo,game ini sangat bagus saya kasi bintang lima🧈,5,0,,2026-04-21 19:15:23,,,
5469672e-0174-4fff-965f-fc8e168ae3bf,Akbar Cell,https://play-lh.googleusercontent.com/a/ACg8ocJboyOmPld_EXhntlbqLXNKyPIfhWj_oqTu7_exuRB1SyneeQ=mo,Roblox gg 2026 Yeye 😊😊😊😊🤩🤩🤩,5,0,,2026-04-21 19:15:17,,,
5ab79924-1c58-4396-b6b3-c24ff81a8bcc,Aysila Putri,https://play-lh.googleusercontent.com/a/ACg8ocJVGZCFiFr42TC7w5rWndH_w7r2wqDcL5CGTcO3epjV2yBmCA=mo,GEME nya bagus banya geme yang bisa di mainkan,5,0,2.717.985,2026-04-21 19:14:26,,,2.717.985
5e375911-41a1-489b-9b9d-82dd1fe876df,Hafiz Z,https://play-lh.googleusercontent.com/a/ACg8ocJ6LZkYZRha6uFlXGs_97NojDO3s8-dxqwyGNkIshVDh44Jew=mo,bisa ga sih ada robux gratis,5,0,2.715.1115,2026-04-21 19:13:21,,,2.715.1115
cd97f29b-38e2-4a7a-851f-9852c80f4673,Yasir Asalam,https://play-lh.googleusercontent.com/a/ACg8ocKDtzznwVvvp024TKbSDcD9cku4qWEAC68nqPD87Bh9gH3LJQ=mo,game menabraknya itu bagus tapi nggak bisa dicat di komputer bisa dedikasi umum lebih bagus mantap,5,0,2.717.985,2026-04-21 19:12:59,,,2.717.985
cfd31111-6797-40bb-a0a5-eba2d49ce123,riska mawati,https://play-lh.googleusercontent.com/a/ACg8ocKdpxBkRS5-wH2BFJ4f9ibnuOBo-yq2XUSttXN8WTnD7GuDMQ=mo,keseringan update gajelas sama kasian yang memorinya penuh jadi ga bisa update lagi dan banyak predator yang keliaran di ini game,1,0,,2026-04-21 19:12:03,,,
537fdb57-24b9-4157-a7bf-f3e88116b993,Alzena,https://play-lh.googleusercontent.com/a/ACg8ocLeAIMNNcxsWO-wyYJ2aJOY5O1S8wsR6cFnIA9Rc3a393Yx5w=mo,oke,5,0,2.715.1115,2026-04-21 19:11:34,,,2.715.1115
5dacf066-05e0-4c1a-9977-321bf46faf79,Nadine Ramadhani,https://play-lh.googleusercontent.com/a-/ALV-UjV8rIdF6BRHYw4nQwy_jw-WlY8rU8i-N2kGULFXIoFEGWTQHp_b,"--aku dari pertama kali maen roblox, kan biasa² aja tuh, tapi pas aku maen mulu apalagi bareng temen.., itu seru banget! sampe ketemu org² luar negeri jadi aku ngerti apa yg mereka omongin dan juga nilai bahasa Inggris ku naik, walau ada bug,hacker, dll itu aku gapapa sieh walau kadang kadang ngeselin juga,ternyata ya gk semua hacker tuh jahad, ya walau hacker yg baik kena band ama roblox. itu aku sedih sieh tapi gpp, incomu jd penghargaan di roblox grafiknya suka bngt. KEMBALIKAN FITURCHAT KAMI",5,0,2.717.985,2026-04-21 19:11:17,,,2.717.985
059621ae-e2a7-41a1-a195-ab659071090e,dahlia Putri,https://play-lh.googleusercontent.com/a/ACg8ocLL-dO3t0Wwv9kWV7yR_mnguK6dPHY8OJj9skx3CMk4WOv-zA=mo,permainan nya seru bagus bisa buat jualan sendiri bisa mabar,5,0,,2026-04-21 19:11:05,,,
e065f790-08ee-4a36-960d-20b7bc5dbc1c,Syahlan Suparman,https://play-lh.googleusercontent.com/a/ACg8ocKfQN-LrOYF756EgpEEm7QOXDjt8NFR5dYEcmA-kGj4okYHgA=mo,update gak jelas lumayanlah tapi HP update nya itu loh bikin kesel,2,0,,2026-04-21 19:09:27,,,
b1c04e46-0108-4bcc-bb2f-fa071b56ecbb,Muh.fachir Mahasinziddan,https://play-lh.googleusercontent.com/a-/ALV-UjWM2IrHGQSHgyJYhSqOwRmZcd5-jEqFMcPG2w4G9hcSbuD4c3U,"sekarang udah ada verifikasi nya sebelum main,, ya verifikasi nya ribet lagi. tolong hapus verifikasi nya sebelum main.",1,0,2.717.985,2026-04-21 19:08:50,,,2.717.985
d9a32491-a935-49c9-b391-977908410849,Sartinah,https://play-lh.googleusercontent.com/a/ACg8ocILFzFtW7NolIzgEmfTPE3OnwohVQ-4MxljLu_GboXEqi70Jg=mo,game gakjelas sampah burik karakter nya sampah belesak harus nya pemerintah banned game ini pemain nya suka drama gakjelas YouTuber Roblox semua nya ke orang tolol cuma gara gara pemerintah mau menonaktifkan akun kecil YouTuber Indonesia pake istilah istilah minding kiyen game ana manfaat te kiyen dapet manfaat tolol doang bari bego manfaat pintar gak ada tolol bari bego yang dapet pinter nya gak dapet moga Bae pemerintah banned game ini atau rating populer turun ke nomor 80,1,0,,2026-04-21 19:08:41,,,
c471af46-a187-4a18-accc-0161d18083e1,Allief Alfiant,https://play-lh.googleusercontent.com/a/ACg8ocIgVvOYhXq0m7qUtk35O3DIHR9gfBgeoB22Holk0w5dvtDUtg=mo,bagus tapi kenapa punya ku selalu kadaluarsa,5,0,2.715.1115,2026-04-21 19:08:30,,,2.715.1115
d8739d93-7ce6-4bff-9417-68f35cde982e,agung juna,https://play-lh.googleusercontent.com/a/ACg8ocKwwi3lldzRXuUXBkAuEHhyj_2QooQa0MJwpTW92cx15uZOxw=mo,game bagusss,5,0,,2026-04-21 19:08:18,,,
c31b8c5a-79c1-48d9-b96e-a7b1feeddfb6,khanza Cantik,https://play-lh.googleusercontent.com/a-/ALV-UjXU3uqCm4z014UShS99hVLS5EYnnkib_YxOG9jYmrsqDchA5VA,game kesukaan ku kalo lagi bikin konten rame banget🤭🤭,5,0,2.716.875,2026-04-21 19:07:52,,,2.716.875
ba5725b2-6df6-4a36-a38d-b08c71429d9d,Ita Ita,https://play-lh.googleusercontent.com/a/ACg8ocLIzOWRCpAT81BSC34lFjq0fFxCFnH-gwvJIn7Imk63G9lnQg=mo,"jlk,dulu pdhl seru kgk ad pembatasan chat skrng di Batasin trs ktny jg bulan Juni/juli bkln ad Roblox kids Roblox selent dll gtw lupa pokoknya buruk bgt nie game apa"" di Batasin yg BNR kgk kasar waktu di Roblox pun juga kena pembatasan ciuh redup aja tu game minimal kembali kyk dlu lah bisa chat masa iy klo mau Mabar trs gbisa chat hrs tlpnan? mikir kek😹 klo game ini udh kgk di batasi w buat bintang 5 udh wajah klasik di apus di gnti makeup nambah jlk wok pokonya jlk saran w balikin sisstem cht",1,0,2.717.985,2026-04-21 19:07:30,,,2.717.985
617f5e38-7b46-4d72-8b86-8c9f274cf997,Rezky,https://play-lh.googleusercontent.com/a/ACg8ocLLYQPUnJ8mDGRnJ7arEpE5F_UxlmLW2TngQwcHZalc75FJrQ=mo,geme nya seru banget,5,0,2.716.875,2026-04-21 19:07:09,,,2.716.875
3df3ad7c-3c5d-4668-aa22-d5ebd1323741,Roblox _ playerwallhop,https://play-lh.googleusercontent.com/a/ACg8ocLrYCuFnph51U9bj1DuhygpXJX8evCVp2TDPp_9lAY7Tl78zA=mo,aku kurang suka update nya,2,0,2.715.1115,2026-04-21 19:07:04,,,2.715.1115
660e2257-182f-4774-8584-0c9dfec13916,gus sam,https://play-lh.googleusercontent.com/a/ACg8ocJ9-AJ6ycCy891FI0nnt9Ehrr13qW5CnYA09fP0XzZs0KFQGA=mo,game nya bagusss cumann skin aku bacon minimal Adain colab atau event yang ngehasilin robux minimal 100robux,5,0,2.717.985,2026-04-21 19:06:19,,,2.717.985
a5f90194-5676-423e-af5e-4eb478cdf6fc,Ahmad Husen,https://play-lh.googleusercontent.com/a-/ALV-UjU6yzbtr6dtlGq8GAOOd5yeckhqK57x7M7xpREKlWfKAnTK4D7s,balikin chat nya,5,0,2.716.875,2026-04-21 19:06:02,,,2.716.875
12bbf142-ea50-4ca9-9b32-ce42b50dcfa5,helll ra,https://play-lh.googleusercontent.com/a/ACg8ocJyB_fqOk8h_8gDGd0fmRdMhA4klKNtm1E36zsavDTJh7CFTw=mo,seru,4,0,,2026-04-21 19:05:15,,,
33d6d071-019f-4bbd-ab11-7674d2c918fb,Dewi Anisah,https://play-lh.googleusercontent.com/a/ACg8ocIpPX1K44_B0q1onUY2K3lwZCrwZwCcZQTmrJxsOLRuBDijdA=mo,game ini seru dan bisa menikmati kegabutan,5,0,2.716.875,2026-04-21 19:05:00,,,2.716.875
e4362ea5-80bf-4d7a-85a4-f5c6f4a57c0c,Try Mulyani,https://play-lh.googleusercontent.com/a/ACg8ocIRRL_nruvrcy1c57CO0qZTDfbE8s6AcP0xpMmZeNJzffZu2w=mo,Game nya sanggup menarik dan mudah di pahami alasan aku kasih bintang 4 krn ada banyak game horor dan aku tidak begitu suka kecuali Dand'y World,4,0,2.717.985,2026-04-21 19:04:48,,,2.717.985
b0203abc-7541-44cd-82ca-f6c666c7d148,Riea Thaa,https://play-lh.googleusercontent.com/a/ACg8ocJ7Y5iyQeqo-p0XkHi-bzbsJ2C1jHLhQ6gj6reOzRBf2L7v9A=mo,"bagus banget grafik nya dan sangat seru untuk dimainkan,aku sampe tiap hari main Roblox👏👍😆",5,0,2.716.875,2026-04-21 19:02:25,,,2.716.875
c7ee1d9d-e3ff-4f77-8a2f-e7219a796917,Hasnah,https://play-lh.googleusercontent.com/a/ACg8ocJU59S4byqlrGxoNjYazJCnxxrXXqGb_8yVEJgNXbHaMdKTUg=mo,Roblox itu sangat menyenangkan,5,0,2.714.1096,2026-04-21 19:01:52,,,2.714.1096
9db01dd2-ea38-4b10-949c-c18f9acdb4f8,Sudeng Purnomo,https://play-lh.googleusercontent.com/a/ACg8ocLILaZp7Lm1AIX6XCxUi5QmXqZXvlG5c0YxaNOYCP_Zy5g0qQ=mo,aku suka banget sama game nya cuman tolong perbaiki bug nya dong!!,4,0,2.715.1115,2026-04-21 19:01:30,,,2.715.1115
2d40c50d-7757-479e-ad29-286fcc00f931,Agnes Sia,https://play-lh.googleusercontent.com/a/ACg8ocJ9clh3cz_yT3tnCGQj8_I7hcDTNn4AH1PiuJDf457eo_rxjg=mo,aku gak suka karna ada roblox kids ew jelek banget,1,0,,2026-04-21 19:01:22,,,
07bac99e-157d-466e-a27f-ee778d9c6c56,Nur Maini,https://play-lh.googleusercontent.com/a/ACg8ocLlV7rBvFP-AcrSP6oS7BTd3krDVmC_22CEwExqnBmGeNY5SQ=mo,game ini sangat bagus saya menyukai Roblox dari pada game lain♥️😚😚😍,5,0,2.715.1115,2026-04-21 19:01:00,,,2.715.1115
f7e2da4a-1e87-4caf-aa62-ce7599854497,Labib Rafizqy,https://play-lh.googleusercontent.com/a/ACg8ocKcYziJwXAFavr7LKv9CahkFmWJHGR-QVUJQPOTCJ_qJKgsDg=mo,seru bangeeett banyak game nya lagi pokoknya seerrrrrrrruuuuuuu baaaaaaaanget,5,0,2.716.875,2026-04-21 19:00:26,,,2.716.875
34d36f26-bf1f-4f83-b99d-f97bbd76aa2d,Sumiati,https://play-lh.googleusercontent.com/a-/ALV-UjWZWQ6R_wf6vRwQA-ZweeMjcquMdHn_9BHpd4KnOT64DY9LrBk,bagussssss,5,0,2.715.1115,2026-04-21 19:00:11,,,2.715.1115
684a0bb2-542a-455d-aaa3-16db868fc37f,fransiska yuniati,https://play-lh.googleusercontent.com/a-/ALV-UjU3nkAUpMWfav-J8tvEa_eUtjL7xPA9w-Wqrx1uXRVC_pk20AM,oke,5,0,,2026-04-21 18:59:26,,,
01b8b385-7103-47d5-baae-28e52359ff58,Yuli Diva,https://play-lh.googleusercontent.com/a/ACg8ocKkGWRRkc9gF4YHznRpThSkbu8j7gGyIcTwbCsZwuiL5wDzKw=mo,Gem nya bagus banget aku suka,5,0,2.715.1115,2026-04-21 18:58:48,,,2.715.1115
4a9ce2f2-7cff-4dd3-866e-3fabc07b0616,Coky Wahyu Baroto,https://play-lh.googleusercontent.com/a-/ALV-UjUD6yPaFx3eN_SAS2jm06BSTKZ91Sif77MqnRh0MZJ6fxOf6MSV,"ya ini bagus-bagus aja. cuma tolong ya david bazuki lu harus tobat gk usah banyak aturan kalo roblox dipisah jadi 3 bagian dan gw termasuk kategori ""roblox select""ya gw setujuin aja ya lumayan lah😁👺👹 BTW I ❤️ YOU👹👺 CANDA BRO🗿",5,0,2.717.985,2026-04-21 18:57:44,,,2.717.985
5e9a8ff2-caee-4405-a83f-ada60284d495,Risfa Ayudia,https://play-lh.googleusercontent.com/a/ACg8ocL4AO1LG5Q9JdL0FoV-UeCI9vqMYew96qejN5cXKrbaSWcq_w=mo,"Gw mau update malah gk bisa, padahal udh hps aplikasi 2 lagi malah tetep gk bisa,ampun dah,untung gw sabar,jadi masih gw kasih bintang tiga,untung ya gk gw kasih bintang 1",3,0,2.715.1115,2026-04-21 18:56:19,,,2.715.1115
cababb54-7c30-4c31-9f2c-5002271ba989,Alfia Zufairah,https://play-lh.googleusercontent.com/a-/ALV-UjVvMracjQAYw3FwvecxhLReOrJnbUPM9ObLqIjTOclxx8o60hPL,bagusss aku suka 💝,5,0,2.581.563,2026-04-21 18:55:45,,,2.581.563
01d95442-1a1b-4bae-9457-bfa42a8498ea,asep barkum,https://play-lh.googleusercontent.com/a/ACg8ocJBXJHImUmMXwTWkXo1ESSwLXvXW46eLJxVe_s79KXVRzEsMQ=mo,Ini game bagus bisa pilih game dan bisa pilih karakter banyak banget game bagus di roblox(ternyata aku salah),3,0,2.717.985,2026-04-21 18:55:24,,,2.717.985
f74faa81-400f-4caa-9000-fca17e918242,Mila Martalia,https://play-lh.googleusercontent.com/a/ACg8ocJnD1eRiMqw3nHGJYuK6vDyORh8R8nzKk4ZPdZ7EhGNQNK_bg=mo,ihh lucu,5,0,2.717.985,2026-04-21 18:54:55,,,2.717.985
7f30d1b0-6417-4487-b196-b1954c50ea2b,Reza Maulana yusuf,https://play-lh.googleusercontent.com/a-/ALV-UjUCnAM4_PcSvvvJ1Og4gjLtYOCWQyDWpBHxYTHWxG8QLCoX3GE,bagus untuk orang lagi gabut main yang lain,5,0,2.535.277,2026-04-21 18:54:33,,,2.535.277
a88b9011-56e3-4058-89a0-052ebe3f1c30,Muhammad alfa Rizky,https://play-lh.googleusercontent.com/a/ACg8ocKBgpYhYXQctS4l7atK9iAa_oDfx0HQx0p_DVZ8ee1ZTOF6mA=mo,Roblox nya suka ngebug,1,0,2.715.1115,2026-04-21 18:54:13,,,2.715.1115
27d13577-33fb-4969-b2bc-4767049e0338,Febry Hestirinsa,https://play-lh.googleusercontent.com/a/ACg8ocJGjDoR70MlV2Z2Na8qM_b86vjn6xIPtDM5j_7TV6iZcoMyNQ=mo,Banyak gay di game ini😹,5,0,2.716.875,2026-04-21 18:53:51,,,2.716.875
a1888a70-0b0a-4b12-90f4-5ea5580a5f5f,Muhamad Ali,https://play-lh.googleusercontent.com/a/ACg8ocIg4duNhrcOzProlsZztYvxr85qY9wjtSxN0qKgjPHwQ2m-=mo,Roblox ny bagus banget cuma harusnya setiap kita tamatin tower harusnnya dapat robux,5,0,2.717.985,2026-04-21 18:52:16,,,2.717.985
1a39c649-c265-40e2-b46d-2011dcaa5ab0,Sri Maryati,https://play-lh.googleusercontent.com/a/ACg8ocIon5C1QQsi2USmDnZzoqRJYwOxjOrvDs18hefDyPa9poU2ng=mo,katanya roblock akan dibatasi kapan ya dibatasinya jadi aku bisa memperbaiki akun-akunku yang sudah lama,5,0,2.674.786,2026-04-21 18:52:07,,,2.674.786
82e9e4cb-b7dc-4d0c-8c71-ab80addb9291,Bisma Aja,https://play-lh.googleusercontent.com/a/ACg8ocIWiCWvdwsGtPhFOmbf4oBJFzq7dl4hOJ0fARrjWdqkveKbsw=mo,Game ini Bagus banget Aku baru coba,5,0,2.715.1115,2026-04-21 18:50:54,,,2.715.1115
ea5fc85f-77d4-4fb4-8a8a-73073a0e61ca,Aurelia Nafisa fitriani,https://play-lh.googleusercontent.com/a/ACg8ocIInN9x2WfJQPVi__OHEAmFX1WsqMdDrUrUt9jyoUAU16TP=mo,bagus aku suka main ini plis jangan di hapus biar anak anak senang dan orang dewasa juga senang tambah lancar bikin kontenya,5,0,,2026-04-21 18:50:44,,,
260ca76d-7a5a-4d13-a981-feff030e631c,Satria Fakhril,https://play-lh.googleusercontent.com/a/ACg8ocIZmxMk8jCXw-RBlQPTuBulx559dYMOhb-AjsWeVQt9na_ZPQ=mo,game sudah bagus namun kenapa saat main karakter orang lain ngeblink ngeblink dan patah patah padahal ini bukan masalah pada divice maupun koneksi sungguh sangat meng ganggu mohon segera di optimalisasi kan,5,0,2.717.985,2026-04-21 18:50:40,,,2.717.985
735ef6f9-6111-46ad-ab3f-ee3dc67a88b4,rusmiati,https://play-lh.googleusercontent.com/a/ACg8ocKkdG6iITagirdxQucPBHDJoFUOUIPEMqFKesZ15jOEV4Vrzw=mo,tolong owner Roblox nya dibenarkan karena sering main tapi patah patah padahal paketan masih banyak tolong,4,0,2.715.1115,2026-04-21 18:49:52,,,2.715.1115
7ed17960-f1b5-433e-a5ef-533a4d26d265,Isnain Janah,https://play-lh.googleusercontent.com/a/ACg8ocIt0hD2Df1rHBRigrX8D5H0xTb0TS-O7lvIYeHRV8NeExKSxQ=mo,game ini sangat bagus sekali untuk kalian semua yang baru pemula boleh mencoba game ini 👍,5,0,2.715.1115,2026-04-21 18:47:27,,,2.715.1115
9a551b6b-7cc1-4dbd-9b94-a61a90234b43,Yoga Baskara,https://play-lh.googleusercontent.com/a/ACg8ocL3ssCgJk3lbd4cH5TV9_uOL-2y_wOCz-L2p0-WJ37500eAhA=mo,makin di update makin Gajelas,1,0,2.717.985,2026-04-21 18:47:17,,,2.717.985
ebf7dc7a-5061-4f67-bb92-c2887b493f88,Adeeva Myesha,https://play-lh.googleusercontent.com/a/ACg8ocKT1bUy2Q752cqzjgPsT_ZuazyTLh7pZPHgNnd4-KhXBje7pQ=mo,Keren banget😋,5,0,2.715.1115,2026-04-21 18:46:26,,,2.715.1115
df1fe481-68d0-4aaa-b9d4-044992ac2e0b,SAPI TERBANG,https://play-lh.googleusercontent.com/a-/ALV-UjVNnaB95rRq_QY5cjtqgRnld3Rb4Y88BZ-d5_YcjxZtBgjI3x9x,"banyak aturan gajelas terus kenapa classic face dihapus shlep diban dan chat dibatasin chat itu buat komunikasi kalo gk ada chat kalo mau ngomong ke player lain gimana? terus kalo ada orang yg dah lama main roblox terus koleksi banyak classic face mahal ya minimal dibalikin robux nya biar robux player nya gak ilang dan player nya gak rugi,roblox kok sekarang jadi gini,perbaiki game mu David baszucki! dan tolong pecat Matt Kaufman",1,0,2.715.1115,2026-04-21 18:46:23,,,2.715.1115
b15e9018-892f-4666-8cf3-36420a1bc72c,ikhsan syaifullah,https://play-lh.googleusercontent.com/a-/ALV-UjVf_Rl35hkDT-OAa489rnbkyeJ8XbpW70PwkPxpJi9_MsutF0KX,game bagus tapi sayang nya ga bisa chat,5,0,2.715.1115,2026-04-21 18:44:49,,,2.715.1115
0f937311-29fe-4929-b659-9a672b697c2c,Arti Risvianda,https://play-lh.googleusercontent.com/a/ACg8ocIX1qEgGwaoBlzELJdkNfjPlZCybbtV4kHm9oGwTUN7fldH4g=mo,Tidak bisa di upgrade,1,0,2.713.912,2026-04-21 18:44:44,,,2.713.912
00169e9b-7118-466b-bb81-b3be50a04cb4,Agam Agamm,https://play-lh.googleusercontent.com/a-/ALV-UjW8MtGqIf7346s9C5Teyc1In-pOQgDZkOFWqSs5pgJMlv8i7gf0,kenapa lu game ini gk jelas padahal enak dapat item gratis game lain yang daripada memberi item mahal,5,0,2.717.985,2026-04-21 18:44:18,,,2.717.985
cdc389ff-001d-454f-bc21-d146b9f766ac,Almauzha Anugrah casandra,https://play-lh.googleusercontent.com/a/ACg8ocJKw8HLIm6r9vYSXMi-sSHZAkwfGj0LLWS6VW_6y-X4Vi76sQ=mo,oi bisah di perbaiki lagih gak robux ku malah jadih 0 gimanah.sih roblox Kaloh mau di perbagus jangan di ilang in perogeres kami. aku sebagai player kasihan lihat Anek ku gak bisah main roblox lagih.padahal Anek ku umur 15 tahun tapih gak bisah main roblox lagih tolong di perbaiki pls 🥺🥺🥺🥺,1,0,2.717.985,2026-04-21 18:44:08,,,2.717.985
9e0b2760-b2c4-47d6-89b5-d9852ea4537f,syad dongs,https://play-lh.googleusercontent.com/a/ACg8ocIRW13919WO-z3S7V_3B70ggHlVf4kPVWFm6i7-XOl3Lw4XckE=mo,enak banget mana seru lagi,5,0,2.716.875,2026-04-21 18:44:05,,,2.716.875
f65df0d3-0fc5-4313-83bf-41757a8e0960,ata kelana07,https://play-lh.googleusercontent.com/a-/ALV-UjVHjv0Xnqh1nHGbwHffysrlhLdR93p6LtuxT4kair4GpEr6eQ,bagus sekali,5,0,,2026-04-21 18:43:19,,,
fcda3973-c526-4885-94ee-81bb9a0201d2,Azila Gojo,https://play-lh.googleusercontent.com/a/ACg8ocIS1Q7p3A3ZrcUoOViX_AFrPB1rbDC-EDaY9NMOxFf8EvJdfw=mo,enk disini banyak teman,5,0,2.714.1091,2026-04-21 18:43:16,,,2.714.1091
26682ee8-b4ea-48c8-b5fd-179b7937cccb,Butong,https://play-lh.googleusercontent.com/a/ACg8ocI8ycwzBdDS-9BIBrAy4U1m52T9FbeRfJIkc7ox-3rsG7xxaw=mo,wah ini mah game Terbaik yg pernah ada cokkk,5,0,,2026-04-21 18:43:06,,,
1b6b3bda-9bb4-4862-8941-15dd0185ad31,Putri Tari,https://play-lh.googleusercontent.com/a/ACg8ocIxmlsOKTlfheNuL2kHma-slNQEc-afElZFJNDjqq-FSzJ0uA=mo,seru banget banyak game,5,0,2.715.1115,2026-04-21 18:42:00,,,2.715.1115
a4dbbd17-c0d5-4215-a282-4889bc7a480c,Dhot Design,https://play-lh.googleusercontent.com/a/ACg8ocKfpna7VdEGzew2rgUyZbGZL8GGFnk0qUQhFmjfrKt7lUd4Xw=mo,aku sangat suka game ini karna maps nya banyak dan gak bikin bosen juaga sih,5,0,2.715.1115,2026-04-21 18:42:00,,,2.715.1115
dc8e8316-115b-4e05-b11d-5882f890c7cb,Muhammad Rizwandi,https://play-lh.googleusercontent.com/a-/ALV-UjV9PQ5ew8yGMkK0kVMe1UTV3X6LXsnziupmRKODqHhnAu8K8fYA,apa tidak ada Roblox versi lite?,1,0,,2026-04-21 18:41:38,,,
54708c39-4b87-4369-b6a8-fad22b0ab294,Bebek Itik,https://play-lh.googleusercontent.com/a/ACg8ocKlYQ2c6qbvIn0v7lOS0YOfc7KahJOVuJ0KfibyezsLojV99w=mo,game nya bagus dan banyak sekali game tapi kadang tidak bisa main,5,0,,2026-04-21 18:41:02,,,
c9a34e5a-583b-4acf-98a2-97a609f888eb,Darto Goreng,https://play-lh.googleusercontent.com/a/ACg8ocLtoiUuwy2YdtakyMdo5V2r93WPif6SgbBkT_A_affra1YnrQ=mo,gamenya udah bagus menurut saya tapi update sangat cepat padahal pas itu udah update sekarang update lagi saran sa update nya di perlama,2,0,2.715.1115,2026-04-21 18:40:35,,,2.715.1115
92c1ace5-3bf8-4e3a-8994-951fc56eb700,Alpenliebe Choklat,https://play-lh.googleusercontent.com/a-/ALV-UjVY5WixkoQaDAafq3W4tSfp_iD9JX2mYdQ5MfmwqiPzOKjgqzl_-A,"bagus bgt, tapi ada update yg ngahapus muka klasik dan guna nya buat ngehapus mula klasik itu bua, make up dan aku gk suka update ini tapi gpp lah yg penting ava zepeto di hapus😊 dan terserah Roblox nya kan😊😊😊🗿🗿",5,0,2.716.875,2026-04-21 18:40:15,,,2.716.875
364c1e26-0de2-4059-b728-abb993877dfb,Nur Solihin,https://play-lh.googleusercontent.com/a-/ALV-UjWoxp0ERlaSUXWpYXpfJeQSnxJ9OdWwmIU1t24suyBvlu2yxg3O,Seru banyak game tapi kalo spesifikasi hp nya burik main game ya loding nya ikut lama teman ku main forsaken loding ku cepat karna spesifikasi hp ku bagus sedang kan hp teman ku burik eh Roblox tolong Roblox select atau kids buat android 5 ke atas tolong teman ku android 6.1 saja pliss 😭😭 dia kalok di kasih pinjam hp kakak nya dia pasti main Roblox plis Roblox kasihan,5,0,2.717.985,2026-04-21 18:39:02,,,2.717.985
8831f50a-2700-4dcc-929d-06cea994ce64,Irwan Syh,https://play-lh.googleusercontent.com/a/ACg8ocIMgZgITxR2rMqoxbGNUQ0FliXW3EQtvJvF2ZNTfgK9ynkb9Q=mo,kebanyakan update ni game gue kasih bintang 5 supaya yang lain liat,5,0,2.715.1115,2026-04-21 18:38:57,,,2.715.1115
8a79dbb7-8308-4a8a-ac5e-3f40ddd49cda,Barra Nur Rizki,https://play-lh.googleusercontent.com/a-/ALV-UjX3tn-yvk4ziYChEyscQdZUYTAhGACiiRRDvkoiJkfsCzFQO3-s,balikin korblox gw,5,0,2.717.985,2026-04-21 18:37:33,,,2.717.985
f50338c0-6840-4891-a3f8-9b1767824fa9,karissa 23,https://play-lh.googleusercontent.com/a/ACg8ocJ1o1JyThGcDjT6OxhK0fFDEWWlHMAoqRG5LrrHelzAj8C_rg=mo,geme ini aku dapet temen banyak lebih dar 💯,5,0,2.715.1115,2026-04-21 18:37:04,,,2.715.1115
c739b08f-e678-46da-bb49-713d8cd455d9,Saiful,https://play-lh.googleusercontent.com/a/ACg8ocIimeUHDPNKwZd9NqJfq-tM-8DXa9HA-hDI-bffe6jw02Aq5A=mo,game nya sangat seru bgt bisa Mabar sama temannnn,5,0,2.716.875,2026-04-21 18:36:41,,,2.716.875
b809a5ff-5175-4a19-82d3-26d9f9ae46d7,Aira Azzahrah,https://play-lh.googleusercontent.com/a/ACg8ocIQeqok2K_h97b2R3Cn6Vv9Dx0m_ddzIDyN8VCKDsPQy4HQ5A=mo,𝒔𝒂𝒏𝒈𝒂𝒕 𝒃𝒂𝒈𝒖𝒔,5,0,,2026-04-21 18:35:56,,,
1f48a7a4-7893-4a6b-bfa8-b80f4a0ebc7d,Idku Gesang permana,https://play-lh.googleusercontent.com/a/ACg8ocI-zh9pXsTWZSx7SGz67PDu3eyG52wHbYcMYsqEe4uw_F0EJQ=mo,easier to make friends 🫪🫪,5,0,2.717.985,2026-04-21 18:35:39,,,2.717.985
d0aab756-e71a-4020-966f-aff15309e1d2,ANASS TASYHA SALSABILA,https://play-lh.googleusercontent.com/a-/ALV-UjXAIuflm9Ac7wEXOlZXqQcAVtvyy9H_eq_CMTDJXsQUDxR_Ga4,"sangat bagus, banyak map game yang seru seru, tapi saran saja untuk map yang tidak pantas segera di blacklist 👍🏻",5,0,2.703.1353,2026-04-21 18:35:34,,,2.703.1353
664515e6-e211-45c3-b21e-653a0ff773ea,Delyn Joanna,https://play-lh.googleusercontent.com/a/ACg8ocIg2Ahs6i2EDNQ-48HatNnKgiJ7VaIyIoi13aFa1s0D2ysFUg=mo,aku berterimakasih sama kalian aku sangat terhibur sama roblox. makasih ya🥰,5,0,2.715.1115,2026-04-21 18:35:08,,,2.715.1115
56e122a4-8826-4f5d-862a-2b636edfb327,Valent edward Ang,https://play-lh.googleusercontent.com/a-/ALV-UjWhrHWpYFQZMtbHWYup2N4scWtAs6qFzJ68tPuufQNIJwuh_ak,banyak game nya sudah bagus tapi tolong di kurangi game yg ada brainrot,5,0,2.714.1096,2026-04-21 18:34:28,,,2.714.1096
d6c2b551-5dcb-4ad9-b027-9ed609577df3,Abella Salsa,https://play-lh.googleusercontent.com/a-/ALV-UjW7TySj82mn8jQDoIiRMM6TT26Y24j5mTWlErxlCkKuzGV9QsY,game ini sangat seru cocok buat orang bosen tapi sayangnya sering upgrade jadi saya tidak sering main roblox tapi serunya bisa pertemanan dan bisa mabar jadi aku suka dehhhhhhhhhhhhh makasih y roblox aku suka banget game nya kece ABISSSSSSSSS 🥳🥳🥳🥳🥳🥳🥳🥳🥳🥳🥳🥳🥳🥳🥳,5,0,2.715.1115,2026-04-21 18:34:21,,,2.715.1115
a5515a33-3468-4f10-8730-4ba8536e5f7f,Indah Lestari,https://play-lh.googleusercontent.com/a-/ALV-UjWB3Nkd2tChdxhsq3sVwiegU0s6rvt7Hd8BQgG018fuMbSnVf6g,"helo apakah kamu Nana Roblox,,,,, geme tower Wallhop punya pacar cowok cantik?",5,0,2.715.1115,2026-04-21 18:34:12,,,2.715.1115
5feaffbb-b5da-4f22-aa32-2ab9fe9b2323,Pengguna Google,https://play-lh.googleusercontent.com/EGemoI2NTXmTsBVtJqk8jxF9rh8ApRWfsIMQSt2uE4OcpQqbFu7f7NbTK05lx80nuSijCz7sc3a277R67g,inibagusbangettttttt,5,0,2.717.985,2026-04-21 18:34:09,,,2.717.985
57203bcb-788e-451f-bac5-ef73726f6442,Yuda Wiranata,https://play-lh.googleusercontent.com/a/ACg8ocKg_DxXcMv-_HJIcArFbTTaU_UtQJN6CHnLRTV_HzBn-6Nw_g=mo,ini seru jir yang bikin nya seru tapi gw update Mulu,5,0,2.715.1115,2026-04-21 18:33:34,,,2.715.1115
8c160e99-ffee-47fe-8039-6bcea5d70d90,Yasir Ramadhan,https://play-lh.googleusercontent.com/a-/ALV-UjUifO7pvEEXNwnP2MAw_SkuYLYtpQ8MR3h-VWKIq_Y5ZDwLycI,3 bintang karena GK bisa chat,3,0,2.717.985,2026-04-21 18:33:21,,,2.717.985
eb2391b0-fd04-4c12-853e-43c2a3f9cdc5,Gabriella Mercyline,https://play-lh.googleusercontent.com/a-/ALV-UjUHBqQOayVBrFKiBXaq1mcQngxHBJThwiQQ3tJA1F8s65-ruWc,game nya asik bisa mabarr,5,0,2.715.1115,2026-04-21 18:33:18,,,2.715.1115
0f98d044-8b63-4878-9929-3b48b3fb4b60,Brayden Langitan,https://play-lh.googleusercontent.com/a/ACg8ocKu-H9Ft4ei05DQblybBwmOlDzGVj8pka1yauLGyoKAyudAnQ=mo,bagus banget game ny asik banget,5,0,,2026-04-21 18:33:06,,,
3b5ac722-31ba-4c16-9c8d-3f5cffb72150,Gus As'ad,https://play-lh.googleusercontent.com/a/ACg8ocKuR9EkOW1q5WApFI0Ko3FiAFrEU-EwhM5S4SOzssDA9YECQQ=mo,game ini bagus,5,0,,2026-04-21 18:33:04,,,
46332a4b-ebb8-481f-a909-d6cb5922d963,Rizky Muhammad,https://play-lh.googleusercontent.com/a-/ALV-UjW72SS78QCyYrGmOXb2qp0paEldwxFHcx15b96Iv2--vQsoGDu-,seru polll,5,0,2.717.985,2026-04-21 18:32:30,,,2.717.985
c4f6b02a-6322-458d-bc84-c0d0d770abbd,BINTANG BINTANG,https://play-lh.googleusercontent.com/a/ACg8ocLBA7GU7AudFQsZGr8PCcsD4JIcbOwhXuRMjTMzfLjqDoVXng=mo,menarik,5,0,2.717.985,2026-04-21 18:31:38,,,2.717.985
6892a2f9-e05c-4f24-aae7-2461571c95bf,hartatik hartatik,https://play-lh.googleusercontent.com/a/ACg8ocIQaiKb0GPaihFQYRqF1dThrs5i0R0SV-0zjcLxjUBjy9P-=mo,game nya burik,1,0,2.716.875,2026-04-21 18:31:16,,,2.716.875
733a59a6-58ba-48af-bc78-cf2e2508d56e,bolo kresno,https://play-lh.googleusercontent.com/a/ACg8ocLNvsi8G0xd6BY6J3AHBhZIYiWAz6U1-55QryN9KKmt9V0-lg=mo,kembalikan roblox yang lama,1,0,2.717.985,2026-04-21 18:31:15,,,2.717.985
70fce243-2212-4483-b249-d7b01c399962,Syaiful Bahri,https://play-lh.googleusercontent.com/a/ACg8ocK-V4FXBgPDpiH6VKz0nViaTPsoENZNBKu__XhHGSnTyWSlRw=mo,bagus,5,0,2.717.985,2026-04-21 18:30:47,,,2.717.985
88e932a3-42ac-4608-bf17-3b4c6040cbda,ufuq pertiwi,https://play-lh.googleusercontent.com/a-/ALV-UjW8hCwOCzSzOpA_eG1W4lxJ57AW7xoXvTEjmL2tQsYcw5r8Nvw,game nya bagus walaupun banyak bug,5,0,,2026-04-21 18:29:44,,,
266eeea1-d6a5-4585-b41e-3b361eec97d9,Fikra Ba'i,https://play-lh.googleusercontent.com/a/ACg8ocLLWOl3U5dqQz5YimfYPsklYSku4FQeirXL-fwteheJgafBuQ=mo,bagus untuk anak kecil,5,0,2.717.985,2026-04-21 18:29:43,,,2.717.985
79f76d7b-a96e-434d-a1d9-9c5b18b9e5d7,Nara sya,https://play-lh.googleusercontent.com/a/ACg8ocJuTaPXtBNtU1NQ0tlSITga9AAhMbOwNEMYwHsrE9ONYxHi4g=mo,banyak gam yang bisa dimainkan dan sangat menyenangkan,5,0,2.717.985,2026-04-21 18:28:45,,,2.717.985
125c78ca-f1cd-4c55-a893-73bbeedc39fa,Abizard rayyan alcantara,https://play-lh.googleusercontent.com/a/ACg8ocKsVFNX1FynQuSqK9sGYdZDH-2IFIxXQ_x4Th23tVKyCwyj6Q=mo,bagus aku suka ada banyak game,5,0,,2026-04-21 18:28:07,,,
e80e646c-a319-40c8-9c43-955bd5152781,Sinta new,https://play-lh.googleusercontent.com/a/ACg8ocKGzPI9h4a-FjV3MzHHMZbtXDXRMmOFAPxbFLpb_nq4zARO0w=mo,saya sangat suka permainan ini. seru dan menarik. saya memberi bintang 5 karna saya sangat..suka da menyenangkan,5,0,2.717.985,2026-04-21 18:27:20,,,2.717.985
9b3e2bf1-89b9-4f09-ae26-75d738a9b9b9,Kirana Alifia,https://play-lh.googleusercontent.com/a/ACg8ocIK2H-knZH_mE3jL4inSBysEZkuvvnOquQR566O0vrF4Ae3PA=mo,"asik sih, cuman benci ping nya pas jelek",4,0,,2026-04-21 18:27:16,,,
d029593f-63fc-450b-b126-22567beb5c39,Taufan Rusdi,https://play-lh.googleusercontent.com/a/ACg8ocK9YO4NILItCwc8TDsZ1AUwLnGsBD9ajajS0XfVjJrXTVnT6g=mo,game nya suka ngebak,3,0,,2026-04-21 18:27:14,,,
11358bee-33e6-46b5-b28b-56a4650c73d3,rapi,https://play-lh.googleusercontent.com/a/ACg8ocJ_wZPOpWBLfof3NoonZG3HHY5I7PnVLbczlKFCRxF99LRkcw=mo,aku ange,1,0,,2026-04-21 18:27:02,,,
da110eb1-4767-4e43-808b-40547ccbf333,Ariani Wulandari,https://play-lh.googleusercontent.com/a/ACg8ocJfF6JJnaWxuH5kmGxByU54Tj_tvyhomxuVhVahhL8pSAX5=mo,jangan update mulu ngabisin memo iya si seru cuma jangan update terus,1,0,2.715.1115,2026-04-21 18:26:41,,,2.715.1115
98ae9541-e6e0-4e8b-8acf-6f7f3f9b925e,Alam Sejati,https://play-lh.googleusercontent.com/a/ACg8ocIo9thHSOxE7RrNnmCBg2svfVzLnqgqlQbigyLB99GE7IyU_g=mo,huhuhuhu seru banget main Roblox ini apaa lagi ava aku bagus banget loh aku paling suka berokheve,5,0,,2026-04-21 18:26:08,,,
026e51ef-1e21-4832-9bee-c65baca584ab,Syifana_am Syifana_keceeww,https://play-lh.googleusercontent.com/a-/ALV-UjWoO5nHpIacYU-b4TeyExyPEuYJAzB0vJfk1a0c1A-0rkysRg,balikin gak lu fitur chat jangan karna kita masih bocil lu malah seenaknya ngatur2 EMG lu siapa ha!???,4,0,,2026-04-21 18:26:02,,,
e2abd624-10dc-41f2-b7e7-6c9c0f00c199,Kh Arissa Putri,https://play-lh.googleusercontent.com/a/ACg8ocK5TVNUotFNc7D6DM366P97dBoy7CQUDnKi1zfmTgBWjRmj7A=mo,update nya sampah.,1,0,,2026-04-21 18:25:50,,,
7465df8f-5ee9-45c5-84c1-b0a2362959ad,susi sinaga,https://play-lh.googleusercontent.com/a/ACg8ocIvQBjOD7D1LQsG22tNzdsSb8PcjjdajEhwMCB-ih-umnluAg=mo,seru banget dimainin,5,0,2.715.1115,2026-04-21 18:24:57,,,2.715.1115
31e931c6-137f-47d9-97c3-aa4b978b98aa,khalisa kece,https://play-lh.googleusercontent.com/a-/ALV-UjV8ldobfKvWNvAI_Z5Uzgms8jgCpwfZhLW-MG83YZEnD78ybIk,kasih robux gitu 10 tapi gpp banyakin barang free ya,3,0,2.714.1091,2026-04-21 18:22:47,,,2.714.1091
cdcc5d72-bc12-4bf3-870f-7f350db818d4,01 2001,https://play-lh.googleusercontent.com/a/ACg8ocIQNWu5f3GtnSJKhu5z-T7kiE72hakgeAMmKjrS0FDYx6QHfQ=mo,"aku suka, tapi pas mau masuk & login malah gabisa lag terus. padahal wifi lancar, selalu setiap login stuck dan gabisa mencet apa apa",5,0,,2026-04-21 18:22:45,,,
b5fbca05-d3f1-4793-ab85-f36297c1dc18,Inf Smart6,https://play-lh.googleusercontent.com/a/ACg8ocJ9x6wJKS4FhJJ7iGugqFbQbzWdGD7RVP94nPbQJdAEou5boA=mo,game ini sangat enak tapi gak bisa cahd,4,0,2.716.875,2026-04-21 18:22:33,,,2.716.875
5b57ae18-64e8-425f-8103-a38fb8544408,gian pratama,https://play-lh.googleusercontent.com/a/ACg8ocJlLhlVULfOnl-hNPARyI-CQu4S0bs4lZMsiJtBpGBAgIV7yA=mo,"game,nya bagus tapi sering update🙂🙃",5,0,2.715.1115,2026-04-21 18:22:14,,,2.715.1115
bc9112f2-dbe7-40be-934a-23a820cf2c8a,Iryy Yaya,https://play-lh.googleusercontent.com/a/ACg8ocLd_WgF_1MDqkmyXugpiDbvEfyam9TiSD-43jNmoz24kxamCw=mo,baguassss,5,0,,2026-04-21 18:21:32,,,
8d34b710-0543-4c6e-80f5-df0213573417,Ana Chasa,https://play-lh.googleusercontent.com/a/ACg8ocLieKA7_75E2PwVqPOpbsLoLkA-znfbXIBV2m2k3PmQYUOX9nQ=mo,padahal ada cherter yang baik malah di ban dan lag dan error padahal jaringannya bagus.itu hecker bisa di gk boleh kn apakah itu sengaja,3,0,,2026-04-21 18:21:30,,,
0c164702-0fe7-4a6f-a569-62ebf32ac78b,enjelina simbolon,https://play-lh.googleusercontent.com/a-/ALV-UjUvThVtMnDuhgvTn0cbLFGZc3fLWN-HBiQ2jqg89Kyl2FCURp0,Game ini sangat bagus utk yg kerjanya cuma rebahan,4,0,,2026-04-21 18:21:07,,,
f3e5d85f-ae93-4784-ae5c-f68bc0559c55,Black Seed,https://play-lh.googleusercontent.com/a/ACg8ocItPWB8pGv9MLw5mTVFNreSOP21TYOuJWtu6STNXmJy77Gvhg=mo,"play store ngebug, penyimpanan ku 1,8 gb lagi ,tapi downlod nya butuh 111 mb , tapiiiii aku gak bisa download",5,0,,2026-04-21 18:20:24,,,
e87d1d68-49af-4254-81f6-b7d3246ed831,Amelia Nofianty,https://play-lh.googleusercontent.com/a/ACg8ocIW0LF2j-5BpkulULuE4mj--6QD9CD6c5h6qjLc0jxz0NK0Yg=mo,"suka leg, padahal pake WiFi, wifi pun lancar, tapi tetep leg parah",1,0,,2026-04-21 18:20:22,,,
afd93168-78f6-42fc-96bf-b05a77a5a925,Ayang Tri sukardi,https://play-lh.googleusercontent.com/a/ACg8ocIqyA0nO-X1kHlYaaFvLiUxfMgHD7eTh527lpV2og7bqB2AMw=mo,main hutan sama orang,5,0,2.717.985,2026-04-21 18:20:09,,,2.717.985
d4383b32-540b-4b56-ac26-d000d42d1eb4,Ariana Blackhart,https://play-lh.googleusercontent.com/a-/ALV-UjVW_7M7HowndjHcvst9mG9PLwEwUoLA1QbF2TAp7SKVD1kv_t8,Gak bisa di updated,1,0,2.715.1115,2026-04-21 18:19:29,,,2.715.1115
e8da79dc-2595-4385-8ce1-6485fa72f691,Shintawaty,https://play-lh.googleusercontent.com/a/ACg8ocJ2BTZw3ztvHDGfk9QBQTYf6vC8BqxUzSO_c2PJPj6TCW6rRQ=mo,bagus sih kenapa nggak bisa chat woi gua pengen main lagi ama temen gua kayak dulu please Roblox kembaliin chat jangan harus verification dulu.😭,3,0,,2026-04-21 18:19:23,,,
227731dc-ef80-4663-a7db-9a559338f50b,Lenni Sitanggang,https://play-lh.googleusercontent.com/a/ACg8ocK_XiPCfzEl2KwRT9jW_pDXEXud4aF292RRMjtTNTUw70GTzw=mo,banyak game yang bermanfaat,5,0,2.715.1115,2026-04-21 18:16:43,,,2.715.1115
95a50d04-cc79-4df3-89cb-d73661d99527,Mutiara Jamu,https://play-lh.googleusercontent.com/a/ACg8ocJDjpUSk0sqdRrO2HqN6TUk9OTk_rW9U9FgPQHsEodZwhw4Nw=mo,"tolong dong kalo semisal nya disconnect saat hubungankan kembali ga sampa progresnya ulang.contoh,lagi main game seperti vd,udah ngantri lama, giliran udah mulai gamenya kita malah disconnect dan harus nunggu/ngantri buat main lagi.dan juga untuk kata kasar yg di buat jadi pagar (#####) itu menurut ku bukan kata kasar,tapi mengapa di pagar (####)",1,0,2.717.985,2026-04-21 18:14:51,,,2.717.985
ec9ac03a-0583-4459-9eed-53c2369721d5,sigitbudirahardjo,https://play-lh.googleusercontent.com/a-/ALV-UjWn2a1wkCjnx568j-8a1DKWI2kNfnxm30B6d2xlGNjVCLokBIXd,suka,5,0,,2026-04-21 18:14:35,,,
f8576494-479b-4ca5-ba2d-687af3374384,Faiq Waffi roblox,https://play-lh.googleusercontent.com/a/ACg8ocKEMDwSE_IfgX870dHwqnO0O_jSNGGe7z_xpZRDcVaNdW8-3Q=mo,update sampah,2,0,,2026-04-21 18:14:35,,,
7cb3a71c-f4a3-4252-be01-baad57b8d1bf,Email Konter,https://play-lh.googleusercontent.com/a/ACg8ocJfAD7tPDzK-m8K3P_b2OQfL2GukTPQskCaLDZM3_tuBcjyAA=mo,"bagus sihh tapi tolong lah jangan di pisah pisah nanti saya gak bisa main lagi sama temen saya, sama idola saya, tolong semoga di baca 🙏🏻👈🏻😔",5,0,2.717.985,2026-04-21 18:13:47,,,2.717.985
4aabe332-9a0e-430c-87b1-513f3f4c5cc3,Madhe Wijayax,https://play-lh.googleusercontent.com/a/ACg8ocJRjvoB74utu-pK5teY0SwQgZoODuQ5Vs_OqVfmw33YR1ZYRg=mo,bagus tapi banyak alasan GB jadi banyak banyak player geluh gak jelas buka chat atau aku rating bintang 0,3,0,2.717.985,2026-04-21 18:12:42,,,2.717.985
6c95a5e9-1a1c-41e9-9de8-a0378cffc876,Gomaria Yohanes,https://play-lh.googleusercontent.com/a-/ALV-UjWBc7TgUp64Xp27scBENtUq_FA45uP8ya3GOfxuDq2k2Yo1tb4,Bagus sekali game ini Roblox 👍👍,5,0,2.717.985,2026-04-21 18:12:11,,,2.717.985
e332a511-8fe0-4600-972c-4a239bacf74a,Dino Fedro,https://play-lh.googleusercontent.com/a-/ALV-UjW4pCbsj2E65LN8PK1rs9xhzL5_INjuD6kbAoY83oCmcXpK61c,"Setiap kali saya akan bermain berbagai game di sini, developernya Kikir alias pelit, maksudnya teman saya 100 kali saya tembak tidak ada apa² giliran dia 1 kali tembak saya langsung dead",2,0,2.717.985,2026-04-21 18:11:59,,,2.717.985
6df1b783-8cf3-42e8-9b86-564d0e93e811,Sarlinda Buana,https://play-lh.googleusercontent.com/a/ACg8ocJA8d0C229-NvaavSHghZqxyVsA5NyHNE6Vm4tv15Voh7WBCg=mo,game yang bagus,5,0,2.715.1115,2026-04-21 18:10:18,,,2.715.1115
b1b2425c-732e-4618-9d58-39363f56c908,Rafael Orlando,https://play-lh.googleusercontent.com/a/ACg8ocKxJPzU5sTJcMyMUAFllYK8DfrNzIEBVKfcujPbAwlaVzrOeI8=mo,game nya bagus polll o love it,5,0,,2026-04-21 18:06:37,,,
285a531d-e154-4b03-bace-54f19414bdfb,Arsya Raditya,https://play-lh.googleusercontent.com/a/ACg8ocLF-DA7Ip2_FzXKtbKxiQUDOzpdX0-fr7hQxlnzny4nP5rK0A=mo,bagus,5,0,2.717.985,2026-04-21 18:06:00,,,2.717.985
ad5c27fb-4ad5-458a-b345-1302b0928869,Nabil Ilmi,https://play-lh.googleusercontent.com/a/ACg8ocKpKW_v_hj38FRUMPrT2MxXmtFxs9zJRo4YsQ16GwXtd6Sy_g=mo,update nya jelek,1,0,,2026-04-21 18:04:11,,,
9276b2e8-1df8-49a9-bf95-c023e8a27120,Ibnu Mundzir,https://play-lh.googleusercontent.com/a/ACg8ocIw_WMGks10kxffqVF9lMnNyWKkWRpK2xeRpaOJnlFz1iwSwg=mo,seru,5,0,2.714.1096,2026-04-21 18:03:55,,,2.714.1096
6333077d-87d9-4433-bc36-cdb649d4088c,Kiki Nayla,https://play-lh.googleusercontent.com/a/ACg8ocJfAY3LPoDNqmU8qjh69CmQGqlxZy0sklNJSihIQHr2g5WkfA=mo,bagus dan seruseru bisa main sama YouTuber towernya juga bagus banget seru banget tapi kalau mau ava Bagus harus beli robux,5,0,2.714.1091,2026-04-21 18:03:50,,,2.714.1091
b8ae1dc7-efd0-427a-b978-29662c00d3c2,Mamiu Choice,https://play-lh.googleusercontent.com/a/ACg8ocKcaQcAdMmE6zWH7Y8VFj15pdRgC6nDJ-UG3GeHHA_crMtU4A=mo,aku kecewa sama kamu roblox...,1,0,2.715.1115,2026-04-21 18:03:49,,,2.715.1115
f0016053-3229-44eb-8a46-e8f3efd8da67,Ika Wahyuni,https://play-lh.googleusercontent.com/a/ACg8ocI_o4xXufWaiZWdN94HJOkm6aD3rgt_Uu7UL1KGvNk3PRS1kQ=mo,game ini seruh bangaet aku suka main roblox,5,0,2.716.875,2026-04-21 18:03:43,,,2.716.875
7ef5d346-5937-4ce9-99a9-07efea5911ac,zahra yaya,https://play-lh.googleusercontent.com/a-/ALV-UjXZXHPJX95b3EWYeypUeHzaWgswSrI7lYJkphjT5EECCqPtol3f,bagus,5,0,2.661.713,2026-04-21 18:03:39,,,2.661.713
ddec1c87-b755-4d9f-9e55-bbadb5adb7c6,Raco,https://play-lh.googleusercontent.com/a/ACg8ocK2NndpAWtOSshvWdWHI0zxLz6Ktd5hRi-4WkCW8nvxgAmLcg=mo,bagus sih bagus tapi roblox yang sekarang pake verifikasi umur segala +buat t shirt doang bayar 10 roblox kembalikan roblox yang dulu,4,0,2.698.941,2026-04-21 18:03:17,,,2.698.941
3d6c9773-a411-498f-a295-e1ae3c09a8fb,Itkhonul Wafa,https://play-lh.googleusercontent.com/a/ACg8ocIaKXSxCrVkDE3EcjvX-ERvpG6306Pdu4R-x9yDgmnarMuhpw=mo,game ini terasa menyenangkan tapi visual grafik ya udah di turunin sampai 0 masih saja kalau masuk lama banget jaringan lancar teros hp buat main game yang lain lancar lancar saja,4,0,2.711.876,2026-04-21 18:01:40,,,2.711.876
446f0da9-7500-453e-b557-a7140c747c69,Sulikah Kediri,https://play-lh.googleusercontent.com/a-/ALV-UjVNOHcKRX4SPabQ_l1_34hBJRfgxcQ7hue0wol80x5-pj-mz00M,jelek,1,0,2.715.1115,2026-04-21 18:00:26,,,2.715.1115
59b7e8b4-95e9-4655-be4e-8e7371682cc5,hendro wibowo,https://play-lh.googleusercontent.com/a-/ALV-UjXEujxQIAXSIWCgLibyoKiJ046tePRgVBGJ27RWl3sMzvMW6mc,"Jujur seru sih, game paling diketahui bnyak bocah, tapi kayak sering bgt ngelag gtu, antara HP gw kentang atau nih game terlalu overload, tpi ok sih 👉🏻👈🏻🌚✨",5,1,2.717.985,2026-04-21 18:00:15,,,2.717.985
28c8ffcd-bcdf-4385-8569-c942554fe519,Yudi Irawan,https://play-lh.googleusercontent.com/a/ACg8ocKOYFwNMhyOSq8kq6UGVBC3-6bs9jxpOsA46tiJIrq2n3tGqg=mo,seru banget abis itu game nya juga asik kok,5,0,2.715.1115,2026-04-21 18:00:08,,,2.715.1115
a31d4858-0b21-4832-8c08-1d3cdb172922,Haposan Stg,https://play-lh.googleusercontent.com/a/ACg8ocIcZpgvusughwMXS1GNJ6NfmrVXUgsQ3Ud7ss8dO_GHr4PDBA=mo,seru tapi setiap main branrot selalu ngelek terus tapi kalo tower nggak ngelek,1,0,2.717.985,2026-04-21 18:00:06,,,2.717.985
31c9f6ff-1a8c-4543-a344-b92f50228271,Pidaesa Umriah,https://play-lh.googleusercontent.com/a/ACg8ocKXQ2nw4nijSr1tMcyQqbOH7-0YROoIo_dhENm0ytm_Tcc7sw=mo,game nya bagussss banget cuma banyak bug kaya gak bisa masuk padahal udah masuk ke roblox eh keluar sendiri kadang kadang juga udah masuk malah hitam layarnya terus sering banget akun hilang,5,0,2.717.985,2026-04-21 17:59:24,,,2.717.985
b3d80a9f-7d6e-4ddb-8da7-e5d8d17282c7,Bila Kamila,https://play-lh.googleusercontent.com/a/ACg8ocJhlMDVNYZWKjTN3_1_oRjwP_AjGiKf2Jh9r2mfd1tpj2VwNw=mo,sesuai ekpestasi,5,0,,2026-04-21 17:59:18,,,
1cbeb6c6-e92f-42b1-aaaf-45d2239bb220,Miko Maiziko,https://play-lh.googleusercontent.com/a/ACg8ocKEL_iB099XB16t1_Wjbo8Sfxip42A6ZOXFUAaqrtgl1vYShg=mo,saya di bully di suatu map roblox tetapi saya yang di kenakan pelanggaran oleh roblox. saya kecewa dengan pelayanan roblox yang tidak memuaskan,1,0,2.716.875,2026-04-21 17:59:00,,,2.716.875
884550cc-7738-4416-bd10-79c2dd89bdf8,Rangga,https://play-lh.googleusercontent.com/a/ACg8ocLB0zJ5Xh6aUuKePEOS54QPrhrnmLW8uTlDEtTHR4HNWaKNww=mo,gw cuma main dti cakep banget grafik rata kanan,5,0,,2026-04-21 17:57:40,,,
4e396379-bd08-4a97-b230-fccccd93b394,Makrif Fatullah,https://play-lh.googleusercontent.com/a/ACg8ocKFEhWpH4aHjA5nWZzJXJ9O07YxG1e9K3Hs98uv7KMf1eXlOA=mo,"Roblox doesn't make me sad because I used to get hit and kicked by my mom, but now my family doesn't care anymore.",5,0,,2026-04-21 17:57:33,,,
e1d293ca-c51c-4ceb-bbb7-fd3befc6a9f3,Novi Susanti,https://play-lh.googleusercontent.com/a-/ALV-UjUGgt2X3tw4aZbuIBWikOycQaQZW9TUrqUzadwGqOs6lGe02ME7,seruuu bgt 😘 game nya tapi tolong item nya jangan kebanyakan yg berobax,5,1,2.717.985,2026-04-21 17:57:29,,,2.717.985
a78a0924-5b51-4dbf-a8d3-d90b952e80bb,Sepa Ni,https://play-lh.googleusercontent.com/a/ACg8ocK4w1JhEEnEcwXggVNz4fTTIkLnQOopACyjWVO_Ut1sCE51hQ=mo,bagus banget jujur enyul,5,0,2.715.1115,2026-04-21 17:57:05,,,2.715.1115
cfe0fc99-99b0-4712-8f9c-b14f11e6fec4,agustina,https://play-lh.googleusercontent.com/a/ACg8ocKw09ILFCmARfLGOJWAzEwv-WH4fiR-gv0DJGMsekGWi2c_5Q=mo,bagusss,5,0,2.716.875,2026-04-21 17:56:50,,,2.716.875
a2081f5a-7234-498a-b692-944b813caff9,arga,https://play-lh.googleusercontent.com/a/ACg8ocJi56dK2WFfMkPdAT7q3IxaBGPuvWr0o5boPHBFDT3YPBp2dw=mo,This is very good but there are many bugs and other shortcomings. My friend bought Robux but the Robux didn't appear.,5,0,,2026-04-21 17:56:03,,,
47e970dd-84f4-4a7e-a77c-441ba5b021c8,Nasukah Wibisono,https://play-lh.googleusercontent.com/a/ACg8ocKGbhuiM7QfG5T5DmGA4W2z4BWmt0D0FzL7e120kn6yqc8WKA=mo,seru,4,0,2.715.1115,2026-04-21 17:56:02,,,2.715.1115
a2c02f02-1139-4a35-abff-c367aa55278e,ENTYEGAN S.J,https://play-lh.googleusercontent.com/a-/ALV-UjUdO-Z50Jf9k6h3Vbi2kuNu6ghCthoMY8OEh6LRAo346N2KbeyM,Bring back roblox,1,0,,2026-04-21 17:53:48,,,
c999023e-a5d2-470c-9b9e-72dd177cd750,Mikhayla Zalilah,https://play-lh.googleusercontent.com/a/ACg8ocKA1BUQRulIJFVgBZgN63fj61xeM3jcm6Sb4PMlVkYoXpvo2g=mo,sangat bagus bisa main apapun yang kita suka,5,0,2.716.875,2026-04-21 17:52:55,,,2.716.875
f19d69a3-f30a-401d-a88e-d90c14ee7dc3,channel gabut,https://play-lh.googleusercontent.com/a/ACg8ocKagKom9W_h1ki6FTMY_WxAkAnVHJgptoAlg6_6tImpQ8d3uw=mo,ini buagus banget juga bisa buat belajar bahasa inggris I love you Roblox,5,0,,2026-04-21 17:51:12,,,
08fcc5f7-118e-45ca-bb5b-0eefbe301b47,Ring Tone,https://play-lh.googleusercontent.com/a/ACg8ocKMCYpCbME_eUTLYU8uJYHpJIVJgC3wnNyyQ7LiyZHlmrCEVw=mo,"bagus tapi,ngelag tadi langsung, tolong jangan lag lagi ya'! pls",5,0,2.659.473,2026-04-21 17:50:14,,,2.659.473
b0433e7e-6d06-4cea-9a7d-92a673ca909a,Kharla Elisya,https://play-lh.googleusercontent.com/a/ACg8ocLL8KNfCMIfX5n_phKsjERh59eVQ4v2nH6nxfHihRVB_5SYIg=mo,game nya bagus sih tapi kenapa harus upgrade sih aku udah ugrade 10 kali,5,0,2.713.912,2026-04-21 17:50:08,,,2.713.912
263b054f-f897-454a-a363-e618c08192fb,Azizul Jumrah,https://play-lh.googleusercontent.com/a/ACg8ocJfFR6gsrSzbjWSlkmtbKGe0z5JHfETkgESKa4AKX30W0-opA=mo,bagus,5,0,2.716.875,2026-04-21 17:48:37,,,2.716.875
851bf62b-f38f-4155-a04f-23130bd9d645,Jam jam Nurjaman,https://play-lh.googleusercontent.com/a/ACg8ocIastPS7owGM8Rky83KVyhmpIZEVNuj5oQRPFCDFWtdJF7sYg=mo,sering ngeleg terus keluar mulu,4,0,2.715.1115,2026-04-21 17:48:24,,,2.715.1115
f494e401-2588-45c5-bab4-ed11a81b39b5,Rafanni Ibnati,https://play-lh.googleusercontent.com/a/ACg8ocJnesULMpejxXDbZP47W0Y3CtMzqag0mudiKacOdK51AWhSHQ=mo,Bagus,5,0,2.717.985,2026-04-21 17:48:00,,,2.717.985
8eb55f9c-b1c0-45e9-a5a4-199dab3e9bcc,Cscryptocurrency,https://play-lh.googleusercontent.com/a/ACg8ocKrYC0qtgi3QPASBQLYJrZnr7WUVEvyB3YkLILCU8A0rWv6kQ=mo,aku suka Roblox tapi aku jarang main jadi aku kasih bintang 4 ya. jangan marah,4,0,2.715.1115,2026-04-21 17:47:58,,,2.715.1115
8c2b69aa-7695-4024-affd-3b2577d5af1d,Mhazwan Alfarizqi,https://play-lh.googleusercontent.com/a-/ALV-UjVvjyBqmEGgkXr03VyoVYw1AhChVJotMPmO8lsxoxiShLzy1mDy,"knpa gabisa join tmen di server privat sailor piece sea 2,padahal udh diizinkan masuk??",3,0,2.716.875,2026-04-21 17:45:43,,,2.716.875
dc4cadcb-a3cf-43db-afaf-7e34bff2ea2c,Nifa Boyolali,https://play-lh.googleusercontent.com/a/ACg8ocKC2PPq3-xOJMfhbpJwD_ATBq1n2zhizU1qLj6CvPI1SDt6Eg=mo,bisa mabar,5,0,2.717.985,2026-04-21 17:45:30,,,2.717.985
12d82388-d1c5-4957-b17e-267ba268d706,Ayo Belajar,https://play-lh.googleusercontent.com/a-/ALV-UjWYjhfwC98m4lMCzqp1N3BBRc9WCMNDxEAvZMAqMfFRZZjCr8Gi,baguss bgtt bjsa mabar barengg dannn seruu bgtt dan banyakk permainannyaaaaaaaaaa pokonya seruu bintangg limaaa dehh💯💯💯💯💯,5,0,2.715.1115,2026-04-21 17:45:19,,,2.715.1115
d87b6108-16bd-4014-ab36-03772f96a90d,alya putri fadhilla,https://play-lh.googleusercontent.com/a/ACg8ocLAX7F-mT8XSFFsRLg-UW_OY-zpwwngXIHpF0MHasKVviiAMA=mo,Aku suka banget soalnya aku mainnya tu seru aku kasih bintang 5,5,0,,2026-04-21 17:44:45,,,
2cec026c-c653-4a6a-a54a-07d3ac765129,Hanna Ery,https://play-lh.googleusercontent.com/a/ACg8ocKseP-c00mJ5i0-YynKFrHDQHrBQ-f3B_fCmt_nNzg89cuaUg=mo,keseringan update dan makan ruangan besar bangeett.. sampe harus hapus app lain. lama-lama hp cuma bisa buat 1 game ini doanh,3,0,2.715.1115,2026-04-21 17:43:13,,,2.715.1115
fa2cf6e1-c40c-4c0e-9e41-029fcf9206ec,Marsha Sha,https://play-lh.googleusercontent.com/a-/ALV-UjUMNYckP7xfC8ETlwXcvnswZt-S3w4Mg06GTgCR17rcSqeDcC_W,game roblox seru banget dan banyak map jadi gk bikin bosen,5,0,2.715.1115,2026-04-21 17:42:19,,,2.715.1115
acb27033-3c56-4b33-99e0-9429e42b5617,Hafissprataya Mahardeka,https://play-lh.googleusercontent.com/a/ACg8ocJPI2eDzrXo8mxYJGK-brcKqA1qHVr1Bv3aOJd71KLpcSPFDw=mo,saya suka,5,0,,2026-04-21 17:42:08,,,
78728287-eee1-4bec-9e75-0c5aa245e456,Dewi Aya,https://play-lh.googleusercontent.com/a/ACg8ocLGo8ordb0CCIfKlbsbSnJR22X-5RR3edgsaljifKo0QRiPnA=mo,game yg bagus buat ank sya karn mengajar kan cara hidup 🙏😁,5,0,,2026-04-21 17:41:17,,,
404080ef-ecc4-4cf0-930e-c0d3929f9a32,Fatiyah Aulia,https://play-lh.googleusercontent.com/a/ACg8ocJLF6_WkRYFrpByf6WCn-igfg8pPRERWrJFsbWZMeBRF36L1w=mo,baguss bangetttt,5,0,2.715.1115,2026-04-21 17:40:11,,,2.715.1115
06ffb42d-cbc3-43d9-8a2a-a2c55ffcf665,Asih suarsihasih,https://play-lh.googleusercontent.com/a/ACg8ocJ4ir6knU4F8Zd_6zIoYGdAU-wrTilfAMXZ-KRUb12ubbH7=mo,Roblox saya ingin memberikan ulasan yang singkat jangan du update terus dong ganggu bahkan MB nya juga makin bertambah Jangan update terus ya hehehe tetapi tetap bagus kok saya kasih bintang lima,5,0,2.715.1115,2026-04-21 17:39:59,,,2.715.1115
345ea872-4979-482d-9ae0-b23cb7d64473,Novita Sari,https://play-lh.googleusercontent.com/a-/ALV-UjUEBEYteqIEk1WTPFwNtpc4ufUxd4fQPD_wOMtmWc6pnkQtpu6s6A,game nya seru banget apa lagi KLO Mabar sama temen,5,0,,2026-04-21 17:39:30,,,
ca913550-9a1d-45a3-abe1-edcad0f57657,yosua Salia,https://play-lh.googleusercontent.com/a/ACg8ocKEP2pxqUdzfXQGvvOb-ud25WKgiV-UfOue0uDfgkJdnS4vdA=mo,sangat seru,5,0,2.715.1115,2026-04-21 17:39:12,,,2.715.1115
16b1779f-4f51-445c-965a-9a57916447aa,Suhartono Soepardan,https://play-lh.googleusercontent.com/a-/ALV-UjUJY7ZTjiQOCKjzHy9gQvgGgSLCiKmJtg0DVtpMmmI8u4Vjp2eOrA,suka sih main Roblox tapi perbaiki pas gw main di map tower malah tulisan hubungkan kembali sinyal anda padahal di map lain itu bisa gak ada tulisan hubungkan kembali sinyal anda gak ada gitu jadi tolong di perbaiki ya,4,0,2.715.1115,2026-04-21 17:39:02,,,2.715.1115
7656a074-12da-4d14-a193-7b7026ec0e8b,Javier Christian gunawan,https://play-lh.googleusercontent.com/a/ACg8ocLFHdQqVo-Y0FO1pnxVeAhpR6OcUBdMYHDN6QAkVoaqFsP6rQ=mo,Bukanya mendengarkan Pemainya malah berusaha menghancurkan game mereka sendiri,1,0,2.716.875,2026-04-21 17:38:31,,,2.716.875
c67970f8-9e43-4325-958f-9e786ce873c8,Sri Amin,https://play-lh.googleusercontent.com/a/ACg8ocLjiRerJorRZxOXvywet1T1KkhON4y3w38-7XFD4-BBMz2Fjw=mo,love it,5,0,2.715.1115,2026-04-21 17:37:49,,,2.715.1115
da8d0cd4-f9e0-4686-a7d8-f5868dd499d2,Dark Blood,https://play-lh.googleusercontent.com/a-/ALV-UjWrTl7_YLvuFzo0pWuLpBTubSU3ObO_uFbzPEkrlWUzJqayKMjA,"jaringan/koneksi pada versi handphone terlalu buruk, terkadang home pada apk robloxnya error dan memunculkan menu login serta penjelasan sedang terjadi error. ketika di main kan di pc aman"" saja. tolong perbaiki masalah ini sesegera mungkin",1,0,2.716.875,2026-04-21 17:37:23,,,2.716.875
2a608dc1-d758-454a-a783-a985d3051470,Mister 1ND001,https://play-lh.googleusercontent.com/a-/ALV-UjVVlBTiBPnOv6Q8KFsA6JbKidnf5LRXHb5BXO4YrsomhOoNmUk,update sekarang jelek,1,0,,2026-04-21 17:36:22,,,
c5f5cfe9-26cc-4ec5-8647-4468a56d825b,Amira Maulida,https://play-lh.googleusercontent.com/a-/ALV-UjXmeeylLb-JXbvTWx7zoVfmTvy-wAE5IrKhzlOcUSHGERuDLbjj,bagus tapi kenapa nanti juni harus di bedakan sesuai umur sih??,5,0,2.715.1115,2026-04-21 17:35:36,,,2.715.1115
af36276f-a639-480e-95e1-55af4eb82b8e,Siti Khalimah,https://play-lh.googleusercontent.com/a/ACg8ocK2AuOZRbZK9PxnnZwC0hVQgIDhmgtkUqC8UmLQ4qpzZmV0zg=mo,ok aku benci game ini peraturan nya dan batas nya teralu keterlaluan walaupun seru tapi juni roblox akan membuat pamfrom mending kalian pake umur nya 20 tahun jika tidak kalian tidak bisa chat,1,0,,2026-04-21 17:35:10,,,
ca915cd7-984a-486e-b3a7-5dae83b757d4,mustofa,https://play-lh.googleusercontent.com/a-/ALV-UjVuPvePEDs70KtXrSvhOayQu8GXR5yqhxxIJ8sSzSSmsUsFcao,lumayan bagus ya tapi jangan mirip Minecraft dong kok masih aja kotak,4,0,,2026-04-21 17:34:53,,,
f89090f5-62db-4dd6-9380-aed66d8857ac,Riris Setyowati,https://play-lh.googleusercontent.com/a/ACg8ocLBsHTX6VdZMQAVAxOQZHzhq2sssQV3nwCzFeGvhLz52_nBBA=mo,"game ini sangat seru banyak map didalamnya tapi, upgrade nya tuh susah banget.",1,0,2.716.875,2026-04-21 17:34:21,,,2.716.875
4845c490-987e-4421-a87f-2fccc423019b,Dion Pratama,https://play-lh.googleusercontent.com/a-/ALV-UjVTpw5_zBqpsrLnYpCXiDgzSYg0DoEF-MqM_7aM8qX2PGfFnWk,Hey Roblox is bringing back chat on Roblox now in 2026,1,0,2.715.1115,2026-04-21 17:34:09,,,2.715.1115
08a2a814-7a76-4b7a-8dd6-d4eeb2086d22,MrFadilahHakim,https://play-lh.googleusercontent.com/a-/ALV-UjUmpR8ouZk9BceOw2fV-3Bqg51R0hmrqlJJ2-2ak7vUQD7aUpw,kadang² ngelag tapi game nya bagus,5,0,2.716.875,2026-04-21 17:33:46,,,2.716.875
b28fbcb3-c47e-405b-9ee6-49b3689bd125,Reisya NH,https://play-lh.googleusercontent.com/a-/ALV-UjXucLlAOh22wuuZpYNYjt7i7DF-aWFFUjxgxdCPIhtu8LbYmtmX,"game butut, udah bagus verifikasi malah ditambah dipisah² kaya gitu, emang bagus kalo dipisah? Bikin temen pada ngilang aja.",1,0,2.717.985,2026-04-21 17:33:40,,,2.717.985
59499082-28e1-43f1-bcd9-c1f5542fffce,satria arulfrnt,https://play-lh.googleusercontent.com/a/ACg8ocIbsWVbOdjxid0FWF14CT3lNTRHJ4bbGWneGIS6K4f_RlkJVA=mo,ini game maksud nya mau buat peraturan baru yang bagus ehh tapi malah menjadi jadi semakin lama semakin buruk peraturan nya dan juga ini game katanya anti hacker tapi kenapa saya masih ketemu hacker di beberapa game gk bakal lagi gw download nih game sesat,1,0,,2026-04-21 17:33:37,,,
3c025c61-5f73-4aa2-bc54-a0175faf4c46,Putra,https://play-lh.googleusercontent.com/a/ACg8ocJrbeasptRGDz66_Ya7cE3AUl7sANFvNtapSSCS6JP9eCdUfA=mo,bagus tapi jangan di dibawah umur 13 dibawah umur 8 aja,4,0,2.716.875,2026-04-21 17:33:19,,,2.716.875
1b50bb72-ba01-4551-9d18-b9733b22437c,Zhalfa Susanto,https://play-lh.googleusercontent.com/a/ACg8ocJAkNuSmXS_FwBOzX8fWXG5ncP-9bjBSAWp0uyrQhhDvNpZhw=mo,gamenya bagus walau ada bug tapi gpp karena gw jadi bisa mabar bareng keluarga kalo lagi jauh-jauh semejak ada age check gw gabisa chat ama abang sama kakak gw lagi:(tapi nanti kedepannya semoga aja dah di perbaiki,4,0,2.715.1115,2026-04-21 17:33:01,,,2.715.1115
1978d702-ae70-4877-8766-902b306944d8,Leticia farihan,https://play-lh.googleusercontent.com/a-/ALV-UjUSxMmbOjgBDJx07Brb2yv2TQ7Osk7ApCuoN2nCnmQXWRsGG_R6,"mff ya, ak kasih bintang 2 soalnya setiap update aturan makin gj",2,0,2.647.716,2026-04-21 17:31:38,,,2.647.716
a6b10925-2597-4035-91f0-8851f17e4d2c,Haris Ibrahim,https://play-lh.googleusercontent.com/a/ACg8ocJjYdbPx3573C-eAG56UH6Z4W1OULpDF2BMh7be_ybojd2DKA=mo,roblox kata gw kurang batasan game2nya sih kaya horor ada tempat nya atau game santai ada ditempatkan,3,0,2.717.985,2026-04-21 17:29:28,,,2.717.985
b3392897-02a2-4bc8-abb9-f9b723f91b23,RAKA GEMING FF TM,https://play-lh.googleusercontent.com/a-/ALV-UjXj6zKZepAV0spTOsVzn02oWJcrSNO9GX8lJXMysPTfSmufpEVj,apalah jadi gk asik gk bisa ngobrol di chat karna beda usia,1,0,2.717.985,2026-04-21 17:29:03,,,2.717.985
576db3c2-ca00-44d8-bf26-1d0ad63614a8,ady supriy,https://play-lh.googleusercontent.com/a/ACg8ocKh_9j-6WT1Xq-sZS4CUyuRtWlwP8NffOZF68iHFBrnjCXScA=mo,"emmm kalau roblox gak pake internet pasti lebih bagus lagi, dari pemain bernama uwong_uwong9 🙏🙏👍👍",5,0,,2026-04-21 17:28:38,,,
69fee6e0-8bf4-4b24-8143-41bf0b89b8ea,vido burik,https://play-lh.googleusercontent.com/a/ACg8ocKe5e24hsuGdjad8ekzJZeEIrqiERM47-TKT6OzfMD9ZrdjHQ=mo,bro memiliki banyak game random,2,0,2.715.1115,2026-04-21 17:28:37,,,2.715.1115
4451b2fe-1273-4ccc-9fa6-f2c441ebef66,Reni Bagus,https://play-lh.googleusercontent.com/a-/ALV-UjUzwIqvGjtZtUvzvXLiXQrdXaEB9FSyehMCFPNfjAeAqHNP9JU,kurang sruu,1,0,2.715.1115,2026-04-21 17:28:22,,,2.715.1115
a4a1a190-43c0-4ff1-8abb-b64f34122b1a,Kila,https://play-lh.googleusercontent.com/a-/ALV-UjUh2fuxKlWwSpRnXOmrTSxWWKZOAsRNxsnwi9_5DUKu65sZtbhh,game jelek kenapa coba classic face dihapus? juga kenapa harus ada age verification? orang² jadi gabisa chat,1,0,,2026-04-21 17:27:52,,,
2646f444-6d9a-421a-ab75-da38eb96179e,Nurul Nurul,https://play-lh.googleusercontent.com/a/ACg8ocIRWrWnNh1czejGC21Qst5tS8DzuCxyYY2dEPznfk8Wso1cKg=mo,suka aj sih,5,0,2.715.1115,2026-04-21 17:27:37,,,2.715.1115
42063c9c-66b2-4954-beed-52a73f08461e,Nurhasyifa Nazila,https://play-lh.googleusercontent.com/a/ACg8ocJ1kQu0VlXIy949n2a9AW_EG-_AgE40CohgEV_Lxn-WdnXKEA=mo,"bagus banget pertama main langsung kecanduan tapi ,masalahnya agak cepet ngabisin daya . tapi game nya banyak jadi gak bosan bosan mainya . karna itu aku kasi rate 5 soalnya baru login langsung kecanduan🥰🥰",5,0,2.715.1115,2026-04-21 17:27:23,,,2.715.1115
63495688-3cc7-477e-8043-0c258eee410a,Joan Natan,https://play-lh.googleusercontent.com/a/ACg8ocJYBP1_2eMXVQarfQoqELLcKAGNSpnwwoSrnlvwlr1iGo9NhQ=mo,Roblox seru banget 1000 orang pilih main Roblox,5,0,,2026-04-21 17:27:23,,,
73e10661-6db1-4694-9dcf-11ef8c5992bc,Puji bly,https://play-lh.googleusercontent.com/a-/ALV-UjVRjuZnQRryPWd_0cSZ4XOEc5gLRjg5S-2jzPZoAVE9CaX5DFw,seru 😊😊😊,5,0,2.715.1115,2026-04-21 17:27:16,,,2.715.1115
d3962cd0-ba35-4aa6-a4e8-0f3d76f03d6f,Apip 30,https://play-lh.googleusercontent.com/a/ACg8ocKbOJXKb2n2N90T0pLe34KhUaDTOSGSPdkjqGZiWE5o7u8OvA=mo,"bagus, tapi ada beberapanya item yg di hapus",5,0,2.714.1091,2026-04-21 17:26:06,,,2.714.1091
bf95df60-9e72-4ddf-89d6-086227f0924c,Ayi Nurlaela,https://play-lh.googleusercontent.com/a/ACg8ocKaizsgNiUq4nt4N0S1pE1hJueUvN5cdAsAbPhN2QeDrMqIGw=mo,suka banget,5,0,,2026-04-21 17:25:54,,,
c6bef2b9-ee22-4ef1-b08a-989b1e06c1a0,M.Reza Aditya,https://play-lh.googleusercontent.com/a-/ALV-UjUse8iSMaT5SYd1xOL0SuQneQ76Zufj1njK028U-FZA1blm1tT4,aturan gajelas,1,0,2.715.1115,2026-04-21 17:24:49,,,2.715.1115
406d763c-8e63-424e-9530-c37288d54687,Cafila Ficalista,https://play-lh.googleusercontent.com/a/ACg8ocIMNHERZ3bDPN03r3pk0FJD5YguGSbtBUORo-K6uaK0whVOKw=mo,sangat menyusahkan ribet lagi,1,0,2.717.985,2026-04-21 17:23:21,,,2.717.985
abfe4c96-b90d-4895-b5cf-e0db405e5cab,Rifi Adi Sucipto,https://play-lh.googleusercontent.com/a/ACg8ocIwagFhDKYVyDwaOFTOBmc0mY6j1iaTuDFadsWj_nSJv4e2ag=mo,Bagus,5,1,2.715.1115,2026-04-21 17:21:42,,,2.715.1115
c00e22a0-e068-4e98-969b-9386d5728710,Brian 01,https://play-lh.googleusercontent.com/a/ACg8ocLtlU3Cb8cOH3ACLqpqQu3dveWl81gQ3YM9dBod-fQMJEQ0uA=mo,disconnect mulu jir tapi oke lah,4,0,,2026-04-21 17:20:01,,,
e44ab393-64c7-419d-9b66-48d3ddeb1669,Muhammad Sandii,https://play-lh.googleusercontent.com/a/ACg8ocLZ6Muzyh0JoQPpDKkuUst_LLWJ67J_cilbBGjkx4amhGFm7w=mo,bagus banget tapi boros kolta tapi seru,5,0,,2026-04-21 17:19:56,,,
0bdcc493-29b3-45f4-986f-13fb5eaa2523,Asti AstriJDM,https://play-lh.googleusercontent.com/a/ACg8ocJ1IkQAztJL11wQUZw15XJ7X_vAVaeuui4i_j7QqzePZ9kWYw=mo,aku udah hapus aplikasi udah aku udah capek mainnya,1,0,2.715.1115,2026-04-21 17:19:13,,,2.715.1115
aef1f7d6-b3c7-4f78-962a-632b49d56d47,Panyabungan Kota,https://play-lh.googleusercontent.com/a/ACg8ocL004rCgPF5f1LXQJt8Y4KnlAlGqze8CfxJQvDs2MjcSb0SPQ=mo,bagus tapi tolong chat balikin😮‍💨😭,5,0,2.715.1115,2026-04-21 17:18:35,,,2.715.1115
9c3fec70-7d2d-4949-963a-627e6eaf1847,Ayu Saputri,https://play-lh.googleusercontent.com/a/ACg8ocLnEY4fUandFg-MgWqeK5dxQnQ38ZuDkFDOJdZC6RURoIM0TA=mo,agak lag sedikit dan knp harus ganti postur wajah?,4,0,2.715.1115,2026-04-21 17:18:22,,,2.715.1115
217cdcea-a39c-457a-9db0-e98fd7446e31,Love Queen,https://play-lh.googleusercontent.com/a-/ALV-UjW9304DPhAhPYm-pOuslnKfhlQjH3WSxhngbQwBe2cbEEaJd2pg,roblox seruu map paling aku suka itu mm2 / murder mistery 2 tapi... jujur jyanggalll roblox tuh gak bisa comment tapi tetap roblox bintang 5 alias tetep dihati nomor satuu....~~~~ salam dari aku byee..~~~,5,0,2.717.985,2026-04-21 17:16:06,,,2.717.985
e626a1ce-d217-475d-a0b7-5e77cbe285ed,Herisandi Lubis,https://play-lh.googleusercontent.com/a/ACg8ocIM6XgshF61A9lJDLXUbI5bmEFTdz5XGsu-cSPptnyu4x3Oyw=mo,seru dapat banyak teman game nya banyak,5,0,2.714.1091,2026-04-21 17:15:57,,,2.714.1091
0eaf9aff-1c31-499d-9f88-a9754da35780,Arya Putra,https://play-lh.googleusercontent.com/a/ACg8ocKTApTPDrIBo1pg2wVGHp33fOXiGry15R2XTNBapagoL6DKjQ=mo,Roblox pls banned scriptt,1,0,2.716.875,2026-04-21 17:15:26,,,2.716.875
1701c4b8-2219-4782-be8d-3427fead444b,Kayzo Dito,https://play-lh.googleusercontent.com/a-/ALV-UjUd4nYiNNTIycWMxOYmwv9MrKVU3Qsw7DSeQqkZBMo8TQbQQzU,robax kok harus top ap,1,0,2.678.751,2026-04-21 17:14:57,,,2.678.751
5e244809-0aa0-49e5-b9ab-38ea34950b2e,Arga S,https://play-lh.googleusercontent.com/a-/ALV-UjWr6hCl_vR5jRtVz4cospuEoE17N-rOJgUti3mnjDCT9BlwcjS4,"sinyal bagus tetep gk bisa masuk,,emahg harus banget ya sinyal 5g baru bisa main",1,0,2.717.985,2026-04-21 17:14:29,,,2.717.985
51e966cb-a37c-43dc-8e25-90b81e10cb60,Aim Mantan,https://play-lh.googleusercontent.com/a/ACg8ocLWGOdDYY6Dcz0blKEDUvBwiXLS5zqAimLgeLXPkXAfEREIbA=mo,Roblox sangat bagus,5,0,2.711.876,2026-04-21 17:13:51,,,2.711.876
f9599273-ce8c-47a1-a240-2d5fd5b60a11,Ikhsan Sobri,https://play-lh.googleusercontent.com/a-/ALV-UjXEs44gnUoHJ9W2ehnPqaoZSz3eFFQRbCkkslvGMSBtg0Hdv9I,verify by captcha nya ribet...,1,0,,2026-04-21 17:13:28,,,
e8a5f4ef-97db-4715-98ad-dd07707b8e49,Muhammad Rizqi,https://play-lh.googleusercontent.com/a-/ALV-UjWUPycYbCJ-wUlL_oWrNw7lLeOmbueVusPC-XvaRaVZbbQyjlY,update nya makin lama makin buruk seperti clasic face di hapus padahal itu sudah ciri khas roblox dulu andai roblox sekarang masih seperti roblox dulu.Dan roblox kids akan di luncurkan Juni membuat roblox semakin hancur karna verifikasi yang gak jelas seperti umur nya 16+ tapi di verifikasi nya 9+.roblox makin lama semakin hancur.,1,1,2.717.985,2026-04-21 17:13:07,,,2.717.985
9e30d0a7-5c97-4d73-94a2-bddf1047a1b3,Banteng Merah,https://play-lh.googleusercontent.com/a-/ALV-UjVS-5Z6X1shiV_sIroK-thQ0dyqmjwG8ExejR2x-IbA2qOyaXGq,game no rispek masa mas amba sama suki,4,0,2.717.985,2026-04-21 17:13:05,,,2.717.985
668ad530-3792-4657-a8d4-018d83f6df23,Isnan Dariawan,https://play-lh.googleusercontent.com/a/ACg8ocIJgPB37T5GYwVRUNM8Zn8kOpfn0MYKpzn4yNHbndtQ8aeLxA=mo,ini bagus tapi pliss kembalikan chat,5,0,2.715.1115,2026-04-21 17:13:01,,,2.715.1115
50e2ff47-9802-4239-b0c2-ed44b4f90158,Alfina Fauziah,https://play-lh.googleusercontent.com/a/ACg8ocKzFujIHRc07vhFHSf2QLbEs-ss83sqTJOuXP19q3yxw7aB0A=mo,𝚜𝚊𝚗𝚐𝚊𝚝 𝚜𝚎𝚛𝚞,5,0,2.715.1115,2026-04-21 17:12:19,,,2.715.1115
0013ec4a-667b-4585-acd2-c6c91c4541e7,Efa reva U,https://play-lh.googleusercontent.com/a/ACg8ocJ8yF5AjosPhKHvhvk5fbNuMdVCnGJsnLzPJltOJlr5MF39UQ=mo,uang gua abis gar gara aturan gak jelas,1,0,2.717.985,2026-04-21 17:12:05,,,2.717.985
600a629f-5cc4-48ad-bf97-cf8708d2e8d4,Jerimie Ismula,https://play-lh.googleusercontent.com/a-/ALV-UjWW6EmKJCgCm6yAJtIbEn6uDrJ4ShYj94119OY_bbEVeWXubq8,sumpah kenapa ini roblox item yang gua beli kemarin hilang tolong lah roblox!! gua beli pake uang bukan pake tutup botol kenapa di hilangin aku beli itu pake uang dan nggak murah nggak semua bisa beli banyak banget lagi tubuh yang gua beli hilang kecewa banget aku mau nangis yang mau bikin aku nangis karena itu aku beli pake uang aku top up pake uang di hilangin aja kayak gitu sumpah hatiku sakit banget kenapa nggak pikirin player nya sih aku mohon kembalikan 😭kenapa di giniin kecewa banget😢,2,0,2.717.985,2026-04-21 17:11:55,,,2.717.985
9b4d5811-3bcb-4150-9e88-6ee129f7542d,Muhammad Fredi Syahputra,https://play-lh.googleusercontent.com/a-/ALV-UjWkuKbanYjFCGNZ3tN3D-_N5BTxuZ4jBwfr6F1ntqETnudR-Wj9,"apasih gua cmn setel musik/lagu aja dimute,next di update bang pliss,biar bisa stel musik/lagu,gua orangnya ga pernah toxic,cmn setel musik/lagu doang di banned,pliss yaaa tlong😕🙏",4,0,2.717.985,2026-04-21 17:11:50,,,2.717.985
a430929c-1dee-4cf4-b09e-643ad8ad9b74,Abidah Arderlia,https://play-lh.googleusercontent.com/a-/ALV-UjVfJXYs6xDYmacyMlOgdjjHUoJiTXyuypaA4FRmKw6f3YqALoYM,gajelas body dihapus hapus terus cih,1,0,2.717.985,2026-04-21 17:11:31,,,2.717.985
00153753-4101-4c51-ae71-8f303255312b,Iko Jatmiko,https://play-lh.googleusercontent.com/a-/ALV-UjXFXIyY1LgEyEUlEl0O5IMWeUJzJBUhPPjRTreaB8GWuq8sE5Mi,menurut ku sih bagus yah tapi chat nya loh hilang kapan aku bisa chat lagi di roblox huhu,4,0,2.711.876,2026-04-21 17:10:27,,,2.711.876
3b2811a5-241d-4fa1-8fdd-2313e9271bca,Ifham Munawwar,https://play-lh.googleusercontent.com/a-/ALV-UjVmwF1GMZR87XJXEAeUhFt8LdszwlaYx517QN9gGPtNUQDhepU,keren,5,0,,2026-04-21 17:09:19,,,
d0aaeb96-ace2-4eb3-9118-fa72d8d4d9d4,Adi Loebis,https://play-lh.googleusercontent.com/a/ACg8ocJ2nYYhBUYc788QAUVUyAFZ9aYy_twJgS1UUyHNT84kXlLrYQ=mo,Roblox buat kan roblox lite,5,0,,2026-04-21 17:08:40,,,
9b3fde43-e779-4e5e-af8c-9ecd360699a2,Jera Karoyani Tarigan,https://play-lh.googleusercontent.com/a/ACg8ocKhnXiRIuWZiMgfKHfPBPVrHj7t7v_LFFDMx4r-squeMs0dBg=mo,karna makin lama makin real bug tolong perbaiki ini ya jangan real,1,0,2.717.985,2026-04-21 17:08:37,,,2.717.985
b70f168b-790b-4ee2-9046-bcad2653f87d,Haris Haris,https://play-lh.googleusercontent.com/a/ACg8ocLsI4J_30AZKxB_lqqNjJU1s_it8C0iiA96C-5pyVVgjyr1kw=mo,gamenya bagus tapi chat halo atau tiktok malah sensor,4,0,2.717.985,2026-04-21 17:08:31,,,2.717.985
66d86b38-c54c-4a4e-b3c7-d7043f1f4ee9,Agha Store,https://play-lh.googleusercontent.com/a/ACg8ocICjZPatAJfmfVwJvHdEi-jC8r8gc5WJ_0DPFfe16zKQlsQww=mo,"ini game favorite ku, tapi aku ga sengaja bikin tahun 2019 padahal aku aslinya itu 2016😭😭",5,0,,2026-04-21 17:08:22,,,
8de3c2f9-0e64-468c-87a0-c43510387e55,Zulfikar,https://play-lh.googleusercontent.com/a/ACg8ocIinnpYO_shnkBSr9ov1pkpZyjxedSqsw2IwNNLMArzdiDrcQ=mo,sudah banyak player ngebug Chet gak bisa bahkan gak reflek loncat👎🏻👎🏻👎🏻,1,0,2.715.1115,2026-04-21 17:07:33,,,2.715.1115
9e94d0ec-d297-4239-a65b-724faf9e30ed,Muhammad fuad Fuad,https://play-lh.googleusercontent.com/a/ACg8ocLmU6T1pR4kAf3nvLPQVpUchAMRdG6MXoLiPJXTNzjvUy4IlA=mo,game bagus para ini,5,0,2.717.985,2026-04-21 17:06:34,,,2.717.985
d18c7137-be04-42b9-ab47-823ba8432c5e,Deus Hurti,https://play-lh.googleusercontent.com/a/ACg8ocKNF09ql13-bCCyL7jyCyoLqtdKuZl0pej5NOcRFj8Ia8eBLA=mo,aku suka makasi updet nya ya terimakasih,5,0,2.715.1115,2026-04-21 17:06:22,,,2.715.1115
32c8a55c-a474-4c5b-86a4-85a11e446744,Arsa Anan,https://play-lh.googleusercontent.com/a/ACg8ocJK20l6bQIbYKVqKxbmTkMOQ1ASqaAPb1BP6wpP0DfsUbljwQ=mo,sangat seru untuk di mainkan sama teman,5,0,,2026-04-21 17:05:59,,,
4f57216b-3ecb-4657-8ded-9a8ece32153e,Cool Things Only,https://play-lh.googleusercontent.com/a-/ALV-UjWO2WqdDiy6EHbmEgCfgDSrrCy-9pJfHxqtSQcDp-ui-VZo1l9N,Very good game,5,0,2.717.985,2026-04-21 17:05:30,,,2.717.985
9d2178c8-a475-43d0-b758-a270725dc4ef,Alimunadhar,https://play-lh.googleusercontent.com/a-/ALV-UjXJDldlyTTm6RwoYQ4fzi1vaSHfRcr1COBnPX7a9ZKwVeLKyFYN,aku suka betul,5,0,2.715.1115,2026-04-21 17:04:52,,,2.715.1115
05eea920-dc10-4c6f-9d00-c30c0a4fb2e0,acc ml 2,https://play-lh.googleusercontent.com/a/ACg8ocKjD6PT8AOcEiyG0-2WPMd3guXNplJ3EiW-TTfrTQfwmUUosw=mo,"game nya sih seru,tapi dia memakan banyak paket/kouta,jadi jika prmilik roblox membaca ini,tolong agar roblox tidak memakan banyak kouta/paket",5,0,,2026-04-21 17:04:31,,,
adbdd40e-8e76-4111-846a-9725b7887c14,erlina walanda,https://play-lh.googleusercontent.com/a/ACg8ocKPn47hEUL9LnB5OtvLmR7hlVB2_oKlQ2REC4RV4mRc4Cf38w=mo,banyak sekali orang di Roblox aku suka banget.,5,0,2.717.985,2026-04-21 17:04:07,,,2.717.985
cc80bb78-4baa-45cd-afae-8613f0b761a8,batu marta,https://play-lh.googleusercontent.com/a/ACg8ocKfrSIADUW-EZT2-ovDaXOSbX4Iv6dUzUSHCwnpaIfFU1zCSA=mo,aku tidak ingin umur membuat ku tidak bisa komunikasi dan membatasi main ku,1,1,2.717.985,2026-04-21 17:03:51,,,2.717.985
1e2b5f3b-6e66-4edc-affd-ac31d0382c75,Vindi,https://play-lh.googleusercontent.com/a/ACg8ocJf1MP9dXHTmLv1PX1YJxNEIBX6MjDOU3Xcpa3R5p4ule_h2g=mo,seru sekali bisa Mabar dan dapat banyak teman disini kita bisa chat loh pokonya seru deh 🤩🤩,5,0,2.716.875,2026-04-21 17:03:49,,,2.716.875
576a4d02-2aea-4d4d-892a-a27dd13b3ab4,Nurdin Jaong,https://play-lh.googleusercontent.com/a-/ALV-UjUQzRcjyP_YIm_GDcsyf44wf1gGxDQA1IEkfoVSNAAp-yno6TLS,bagus asik dan bisa Mabar sama teman dan bisa Avatar bagus dan keren,5,0,,2026-04-21 17:03:40,,,
e14f1d82-52e2-4e1a-815a-e40934620c78,Naura M,https://play-lh.googleusercontent.com/a/ACg8ocLOXVhn_MIrbGeNIMlrgBuX-ZmHHvlZpwl6TBB4lGNvklr4ag=mo,hp ku jadi sering banget ngalag jadi ku hapus aja aku kasih bintang empat karna biar di notice sama Dapeloper,5,0,,2026-04-21 17:02:33,,,
5e019b70-0449-4cb7-831e-d8d7717cb316,Zizi Cantik,https://play-lh.googleusercontent.com/a-/ALV-UjW_bGXVFCswUyEzRbn0uEvAYd1d7_v_J_HIMgND22Vmjwt2GY0,"Bagus bgt , tapi kekurangan nya update Mulu jadi nya yaa harus nunggu dulu , apalagi kalo memori penuh disuruh hapus salah satu aplikasi , jadi nya kekurang deh aplikasi nya , plus org org indo ya rata-rata afz lah itu pake rambut durian , pdal dulu pengen bgt ava kayak Jihan putri Aisyah yaa jadi kangen deh era era itu...dan ya itu semua gara gara yg nyiptain afz(lupa namanya)🥺😔",4,0,2.715.1115,2026-04-21 17:02:14,,,2.715.1115
b30159b3-292e-4665-aec2-58fc5d2ebd68,Monton Baik,https://play-lh.googleusercontent.com/a/ACg8ocL7VcjkkC-sgqIHix5fVOjv1GMlvNuIEn3jsE_tarjGqPjzwg=mo,game ini sangat bagus,5,0,,2026-04-21 17:01:54,,,
77d697c7-686a-4519-88e5-355cce818338,Fidela Nara abiyyah,https://play-lh.googleusercontent.com/a-/ALV-UjV2_AkudKw13IM3w_j7xyaRj1j_uuea955mW3TbGUmIOgGucaE,gimana caranya gak bisa ke chat roblox terus?,5,0,,2026-04-21 17:01:01,,,
86ca4803-675a-4023-b238-99ff02508ca8,Sri astutik,https://play-lh.googleusercontent.com/a-/ALV-UjXd5khlB0AJANWwJSwj2HqXms27ruhDu1QSpcGV4_t8zXvyR0E,game bagus,5,0,2.673.710,2026-04-21 17:00:53,,,2.673.710
2b5d6077-3213-4e17-8431-98fbbbc5ef35,kasih hia,https://play-lh.googleusercontent.com/a/ACg8ocKDcv_VlzRVRIP_BjA0NKuiDzg9hLl7Nnd8Xte09nvbrz8YoA=mo,sangat bagus,5,0,2.715.1115,2026-04-21 17:00:38,,,2.715.1115
47a3f45c-e7ab-40cf-9766-a67215cc54dd,Dwar Fetyo,https://play-lh.googleusercontent.com/a/ACg8ocI0l-8ns8Z9VM3Gjm5bo9fx7vbWHZ2yvldsNIvCSNyqRHYxYg=mo,The game is so good that I'm so excited and never get bored,5,0,,2026-04-21 16:59:48,,,
fcf2809e-3ba9-4793-b748-54625636b5db,Della Nur Maulida Putri,https://play-lh.googleusercontent.com/a-/ALV-UjW4BNBr3xz_gKmR6uBhKi4b6XSvNyuwePnyNtHLMXW619ikAKlU,amazing,5,0,2.717.985,2026-04-21 16:58:27,,,2.717.985
5442fe22-5e2f-4b3b-9186-5156afa9242f,Fadilah Suciwibowo,https://play-lh.googleusercontent.com/a/ACg8ocJOr4jN3bVjKT9MTVwYc5VsSdflc1TDtLsmWcz4C87dLl6qlw=mo,"sebenernya ya bagus-bagus aja, tapi banyak bug,contoh nya itu kayak udah keluar map tapi tu malahan masuk lagi ke map nya, kayak otomatis gitu,,terus pas main sering banget ketemu scripter/cheater ketika main, jadi nya ga asik banget mainnya,,sebenernya nge cheat itu emang sengaja di perbolehkan atau gimana sih?heran banget jaman sekarang masih ketemu cheater.",5,0,2.717.985,2026-04-21 16:58:26,,,2.717.985
26550cee-1e24-46cb-b93a-afeeeb2d9765,Rasmin Asmat,https://play-lh.googleusercontent.com/a-/ALV-UjWz8qji8XEweGMTsoVnWrxZWNS29PTEaGHDxeX5jAUeSNem6Epq,"G SUKA BANGET PAS UPDATE, SERING AJA NGESELIN!! Akun hilang robux hilang temen hilang NAPE SIH?! PAS UPDATE KAGA ADA BEDANYA SEDIKIT PUN? BUAT APA UPDATE SIH?! BUAT PAMER HAH??!!",1,0,2.715.1115,2026-04-21 16:58:21,,,2.715.1115
e431d761-47c3-4b04-8b56-e1a7a8f3cd7f,Bowo Mas,https://play-lh.googleusercontent.com/a-/ALV-UjVGvpwB0fFPurpjd1VM0Tt16eSVd4qFKFZmfcB2S4Dur75hSCoC,seru bgt,5,0,2.715.1115,2026-04-21 16:58:21,,,2.715.1115
00e6312b-3e7f-4ad0-80ab-9813534bf33a,kucing item,https://play-lh.googleusercontent.com/a/ACg8ocLvN7ytUPmBGPqC87GW0BjAIiGNPsLg_uKRfdMhZqfMEkFKBA=mo,woyy ini seru sampai bapak ku tengok ku masih main hp ini seru banget kutengok lagih bapak ku eh aku ditampar pake sendal😮‍💨,5,0,,2026-04-21 16:57:35,,,
4320c711-aef0-4a22-9f35-e07fa62d27c6,Sadako Cute Pro,https://play-lh.googleusercontent.com/a-/ALV-UjUQkf5ieuXBgeMB4dUGu6y5ds0xnlqr4i2GXgjfal1kWRHuXcIO,permainan nya random seru dan juga saya mohon untuk beberapa bug dihapus karena meresahkan,5,0,2.715.1115,2026-04-21 16:57:14,,,2.715.1115
c53f583f-83ee-4b4f-a1ec-8b7be2c0ff4d,Abin Aulia,https://play-lh.googleusercontent.com/a/ACg8ocIECuey_cMV72uYRbGyL6I0zDX7QOfkswq9-IrdGr4XzPSsAQ=mo,"sru, tpi gabsa ngchat+ngobrol😔",4,0,2.715.1115,2026-04-21 16:56:45,,,2.715.1115
3f3cb770-3078-469e-b3cf-34d968141a5e,Intan Puji lestari,https://play-lh.googleusercontent.com/a/ACg8ocKaxKM__e5XX3Ddby9dciO5gnh6sl3HYoz7zTFoeDKF3WCu6A=mo,"saya suka ini !, tetapi kurang suka nya karena Terlalu banyak update, dan jika masih ada map yang berkesan menjelekkan Agama tolong segera di delete otomatis oleh Roblox, karena itu juga perbuatan yang tidak pantas atau tidak cocok untuk menjadi map",4,1,2.717.985,2026-04-21 16:55:59,,,2.717.985
c29b3a86-3119-4c06-961d-ff5cdb45e3a3,Ali Ridlo,https://play-lh.googleusercontent.com/a/ACg8ocIkaS6HqUldImZzlViF33R8t2DgRyn8BH21fBdYh1vHHAu7vw=mo,Mantap akun ku di hack👍🗿,5,0,2.715.1115,2026-04-21 16:55:46,,,2.715.1115
f1c75cfc-c8dd-44ce-813d-e982277a5e25,Tanz,https://play-lh.googleusercontent.com/a/ACg8ocL3ckQD0ne3yoSUL7S4xrJ4GEZXgp2PokFjBrBiWDHNuHGuSg=mo,seru,5,0,,2026-04-21 16:54:11,,,
e7538aef-101d-4991-a2ff-42bcfcde1788,Marcho Giovano,https://play-lh.googleusercontent.com/a/ACg8ocJ8emXPIHltwubyIA0aQxtuEyKH96FA2BJAd39op08XC-VuNg=mo,bagus,5,0,2.717.985,2026-04-21 16:54:06,,,2.717.985
110c53a5-5c02-4f17-9a87-f5f3ec8cacd1,Cinta anindya Putri,https://play-lh.googleusercontent.com/a/ACg8ocL1MJbZBMooaij7MacQSiuc22HspPboPYxAAkIOASvBEYEvCQ=mo,update sampah,3,0,2.715.1115,2026-04-21 16:53:26,,,2.715.1115
bfaa0200-9884-440a-b1d6-910862a7f8ca,Adwan Wagirpandan,https://play-lh.googleusercontent.com/a/ACg8ocIx2lOwdgq58WicHa9HgTzQCbXbzmV6aHD1cT4pF-wryL9jrQ=mo,baguss bgtt tapi di sarankan update nya jangan terlalu sering kasian bnyk yang memo nya penuh🥰🙏🏻,5,0,2.715.1115,2026-04-21 16:53:18,,,2.715.1115
0a058342-6e71-4be6-8c49-0fe92a6b6bd0,IRL Design,https://play-lh.googleusercontent.com/a-/ALV-UjXC5bd_DJK12ySHYloQRpDi439Xwe29vuB6ANQ-aBleYy0oi3g,Game nya seru tapi aku sering mabar sama teman² ku banyak pilihan map tapi bintang nya aku kurangin satu karna 2big yaitu suka eror padahal jaringan lancar. tolong betulkan Gw gak bisa update karna HP ram 2 😭😭😭,3,0,,2026-04-21 16:53:09,,,
fdbc690a-5b40-4ced-b48a-5769cf8d0f3b,Vanessa Joyly,https://play-lh.googleusercontent.com/a/ACg8ocKKM0m2_HZnBLaHsI4e70tsW4W4LXxAKaqwASrVhr56HFUNNA=mo,"banyak aturan nya, memang niat nya bagus tapi itu ngebuat beberapa orang kehilangan tmn, tim, sahabat on, dll, aku rindu Roblox era dulu yang bisa chat, tapi aku masih berharap sama game nya buat ngebolehin player nya chat lagi, peraturan nya juga makin ga jelas, semoga ga jadi dead game.",1,0,2.715.1115,2026-04-21 16:52:24,,,2.715.1115
71b5ec55-8278-4ebb-9d85-87ff3ef76f85,tigan tamboen,https://play-lh.googleusercontent.com/a-/ALV-UjVV6sojWnyQob4576Lk6be6DXPHwz1Yg_5bza3uCjgpoPHJlpN9,seru baget wooy paling seru klo main misteri2 pokoknya game nya seru deh,5,0,2.717.985,2026-04-21 16:51:43,,,2.717.985
e5eb9cf1-c339-4bdd-923a-8b3b8492371d,Raihan Rasyid,https://play-lh.googleusercontent.com/a/ACg8ocJkAkw-ZP32-zX7hrM7mizI72wGdDqDfABqhLZIUC4e5F3BeQ=mo,"gamenya bagus tapi ada game yang tidak mendukung private server jadi aku kasih bintang 4 karena bagus,dan tolong hilangkan dan hapus bugnya.",4,0,2.715.1115,2026-04-21 16:50:53,,,2.715.1115
2fedfa8e-984f-4bfe-894a-bee1d42b135f,Naila Nurfazwa,https://play-lh.googleusercontent.com/a-/ALV-UjXR9t9eW49C715QmDMHMBmjcwZbLd1Bw4dcJW44MErnS2y7qYE,"udah ga seru, soalnya pas update tentang usia , Udah ga bisa komunikasi lewat chat lagi",5,0,2.717.985,2026-04-21 16:50:12,,,2.717.985
a799cd5b-3135-4cb5-a860-7db8b9329da2,Silmi Adiba,https://play-lh.googleusercontent.com/a/ACg8ocLFrKTEyXJ-CGdh-s8dt_UfmeQckqcbC62meNQXqr0Vvbu-aw=mo,bagus niech walau ngabisin banyan kuota,4,0,,2026-04-21 16:49:01,,,
035e4e5a-7651-4186-abf6-07039967faae,Solihat Ihat,https://play-lh.googleusercontent.com/a-/ALV-UjUzhBwZp3bVWK6v8NFfcKaF2Fndm2q0ritFHpdO3VxOG_Rd5tc,Bagus bgt ku saranin ya robux nya geratis,5,0,2.714.1096,2026-04-21 16:48:27,,,2.714.1096
68b28998-3d04-438d-8d32-d63332630028,Sumatera Selatan,https://play-lh.googleusercontent.com/a/ACg8ocKveuQmKaahdwdGP22Gp-qrF7FiJZZiuG7lNDNXKAlfMQfOYA=mo,wow keren sekali,5,0,2.715.1115,2026-04-21 16:47:44,,,2.715.1115
7c2150e7-4eed-445d-9b61-e1bcefb46967,Majiid Islami,https://play-lh.googleusercontent.com/a/ACg8ocJMveHwekk83umwYyxiNttBSQQAJXNhvehm6BrPzF-oa0WfJA=mo,Gamenya udh bagus tapi pembuatnya agak bodoh karns banyak bugnya chatnya dikurung dan banyak cheater,3,0,,2026-04-21 16:47:30,,,
58d8abcd-b24d-4dea-a795-6c11893699cc,SIMT2022,https://play-lh.googleusercontent.com/a-/ALV-UjWxfwKLbt9sdpenQDJgOJhhjirogJMpL-dsl0aQpLyMlmf_Ton7,buat mabar,5,0,2.715.1115,2026-04-21 16:47:27,,,2.715.1115
f0e0148b-7da9-4b8d-a386-10d307579765,Eko Eko aris,https://play-lh.googleusercontent.com/a-/ALV-UjXkKOdOmdWNi_gM8CHckbqyW7SQ5RxBSNi5Vb8wJmDNOUxzh_c,bagus,5,0,2.717.985,2026-04-21 16:47:13,,,2.717.985
be26f848-2199-43b7-997a-4a9a10f02a35,Ardan Jepara,https://play-lh.googleusercontent.com/a/ACg8ocLftukc6IcJJ7kkQ9dLcIDSBQaM0P5ePTtaQKYDNLSTpSOMRQ=mo,geme bosok gara-gara onoh apdet tapi aku harus hapus geme,1,0,2.715.1115,2026-04-21 16:47:08,,,2.715.1115
fedd3157-40bb-416a-a64c-f7b710acf761,Winarso,https://play-lh.googleusercontent.com/a/ACg8ocJ1Oq-Nj7nPaqOwosgSddREaJb85JdSjUFXJofnvFNWVyRPRw=mo,game nya ternyata Bagus (maaf saya telah hujat🙏),5,0,2.717.985,2026-04-21 16:47:01,,,2.717.985
bdd2b985-760b-4a22-afd8-3a069a2a47e9,Aliefdanfathan,https://play-lh.googleusercontent.com/a/ACg8ocJQ6CQEmYW7uK2WypJhuFXs94YFwG11oQrDnKVciRxy9pnfwfk=mo,game ini sangat bagus,5,0,2.714.1096,2026-04-21 16:46:36,,,2.714.1096
c432ed28-e908-4b91-a09f-c37399a79313,Su Laiha,https://play-lh.googleusercontent.com/a-/ALV-UjUlrtn438nTl0QjQk8bAn0SS8eIf4CLl2fu0TTd09oHEE1MNOHg,kurang seru kurang nya di APUS,5,0,2.715.1115,2026-04-21 16:46:18,,,2.715.1115
93271823-30b7-470f-8007-750563e2f381,Dapalupa,https://play-lh.googleusercontent.com/a/ACg8ocLIsq0zoyx9-WSHU-BxrVlqv26PLzc8Efhj_xWtkRczjkoIJw=mo,bagus sekali,5,0,,2026-04-21 16:45:40,,,
1740b46b-38e3-492c-a013-3b2da36ae2bb,Komang Puspita,https://play-lh.googleusercontent.com/a/ACg8ocKhYWimrZeaiBKmsl8SYjM1FyirAUQHAtWTYUNNPcWtbVSFuA=mo,permaina yang sangat bagus,5,0,2.717.985,2026-04-21 16:44:47,,,2.717.985
b239a984-5c39-40c3-9355-bb2901da576d,Noval,https://play-lh.googleusercontent.com/a/ACg8ocKRxNCXEItS59C5XK6gBOXq5eZtBTbg1oO_dM7SnHN2XvjlEw=mo,seru banget,5,0,,2026-04-21 16:44:17,,,
cf95603f-287e-4c32-913c-33e2f4ab9987,Barsasapi,https://play-lh.googleusercontent.com/a-/ALV-UjW9jbnUVKVmtWNYTSEc2UGXEn9K2V_gGicfcC_f74xP0l8keNU,game nya bagus tapi tolong log in nya di benerin masak mau login ke akun yg sudah ada tapi login nya susah habis masukin sandi masa suruh login lagi jadi tolong pihak Roblox login nya di benerin biar tidak lama tapi game nya bagus cuma login nya aja yg ngeselin,5,0,2.717.985,2026-04-21 16:43:39,,,2.717.985
207dedea-6513-4a7f-8bd6-efcf7e759ee6,Fina Aisyah,https://play-lh.googleusercontent.com/a/ACg8ocJlVmeDHrRKeo0J1y8elscicG--RXxfqqDpUkr62l35mBsuXw=mo,aku ga suka sama roblox ini karna pas mau si mainin ada peringatan roblox anda kadalluasa itu yang bikin saya najis,1,0,,2026-04-21 16:43:08,,,
b812d186-dd3c-4525-b884-58830504a21e,Siti nurhidayah,https://play-lh.googleusercontent.com/a/ACg8ocJ08OQ55reeYktXtZ3_h1pIesmlz2IW_eddzcuv_C84QFJijg=mo,𝘴𝘶𝘬𝘢 𝘣𝘨𝘵 𝘥𝘪𝘢 𝘣𝘢𝘨𝘶𝘴 𝘵𝘢𝘱𝘪 𝘬𝘯𝘱 𝘺𝘢 𝘱𝘢𝘴 𝘥𝘪 𝘣𝘳𝘰𝘬𝘷𝘦𝘩𝘦𝘯 𝘬𝘦𝘬 𝘢𝘯𝘦𝘩𝘩 𝘨𝘪𝘵𝘶 𝘢𝘥𝘢 𝘩𝘢𝘤𝘬𝘦𝘳 𝘭𝘢𝘪𝘯 𝘭𝘢𝘪𝘯 𝘥𝘦𝘩𝘩 𝘵𝘢𝘱𝘪 𝘢𝘬𝘶 𝘴𝘶𝘬𝘢 𝘣𝘨𝘵,5,0,2.715.1115,2026-04-21 16:42:51,,,2.715.1115
1221d548-e8cb-41a2-b435-2cc7a4446fa5,Boucah Banjar,https://play-lh.googleusercontent.com/a-/ALV-UjUzHOBdq6pOozpCavDmK7X9nQkkNEqLp11mCXnCRCfpG5Ch9Js,kebanyakan apdet,1,0,,2026-04-21 16:42:38,,,
5ac3d5dd-7dc1-48a1-9d71-34b7d275a996,Geo Ganteng,https://play-lh.googleusercontent.com/a/ACg8ocLmwgenvomFN973v4RQubclbCTaCyJopelZweSVU6_1QhNhig=mo,kasi kami chat kembali!,1,0,2.715.1115,2026-04-21 16:42:29,,,2.715.1115
e8c9aecc-1917-4364-9ac3-cf40c5618f33,Surya Alfareza,https://play-lh.googleusercontent.com/a/ACg8ocKCdQY92wZeaM14cWvF3mz7kkgXRqwTmhGHpO95S0pTKeUzrA=mo,aku sangat suka game ini andai kalau pemilik memberikan robux gratis kepada pemainnya 😭😭😭😭 semoga di baca,5,0,2.717.985,2026-04-21 16:42:11,,,2.717.985
8fa06c46-b50c-48a9-b2c4-630c4555aaa2,heru kurobbi,https://play-lh.googleusercontent.com/a-/ALV-UjUPKUgMZAM1dba4x2RzdKl3kdMSOCw50ikcJwqHoIEE56vU-NY,"UPGRET terus, 𝙖𝙣𝙟 𝙠𝙖𝙩𝙖 𝙜𝙬 𝙢𝙖𝙝 𝙮𝙜 𝙬𝙖𝙧𝙖𝙨 𝙘𝙤𝙗𝙖 😹😹 𝙢𝙖𝙨𝙖 𝙪𝙙𝙖𝙝 𝙙𝙞 𝙪𝙥𝙙𝙖𝙩𝙚 𝙢𝙖𝙡𝙖𝙝 𝙜𝙠 𝙗𝙞𝙨𝙖 𝙢𝙖𝙞𝙣",3,0,2.715.1115,2026-04-21 16:41:25,,,2.715.1115
59231b4f-0db2-4edf-8f8c-bf1b4b08317b,Susanti Rizki,https://play-lh.googleusercontent.com/a-/ALV-UjXR72CArGgliChkdN3_AfQR_Av8yHyHlQI5xAS3G7PGxUJ4pCY,tolol banget game nya umur 17jadi 12 verifikasi,1,0,,2026-04-21 16:41:15,,,
07b95b68-8c49-4de9-99bc-668ee73b6eb2,Hikari Allaric,https://play-lh.googleusercontent.com/a/ACg8ocIuus1qGWjIjUDCmcg2AAqE3Y-eooDUjfq4u4o4MlPe5x7b0Q=mo,"tolong jangan dikit² update ya, ngeselin soalnya, klaw mw update yg berguna buat pemain 💔💔",2,0,,2026-04-21 16:40:56,,,
02849b2b-abf3-402d-8d57-1c8f4d1125d6,Sumi Ati,https://play-lh.googleusercontent.com/a/ACg8ocJvSpjLI1MKzsHhXf-eRx3cMv-ZdJ_OFQMIWJgmfM-8DP0I9Q=mo,"game nya gk bgt, sensor pdhl gk toxic + bnyak bug.",1,0,2.717.985,2026-04-21 16:40:26,,,2.717.985
a411956a-e6d2-4c3e-851e-cdfad68431bf,Aufar Ashar,https://play-lh.googleusercontent.com/a/ACg8ocJKZdPfwZgQB17htJKUQj0TojamXGnMqW73FVbox4YTKrwZDA=mo,gmes nya bagus si tapi nek masih ada hacker sih gawat jadi perbaiki ya takutnya orang-orang pada di blokir sama hacker,5,0,2.717.985,2026-04-21 16:40:14,,,2.717.985
961a3413-8e31-4057-90b5-46864ffd622f,Aldo Ardiansyah,https://play-lh.googleusercontent.com/a-/ALV-UjVUCoAZLgJFPM5kLkBGwFU3aKro2UtJPGQeNT0Lx6PNE5lko00,game nya bagus tapi aturan nya boleh di longgarin dikit gak,5,0,2.715.1115,2026-04-21 16:39:59,,,2.715.1115
97bfc724-1ea5-49d4-a2c1-35d2434e4c9a,Sonde Sabu sabu,https://play-lh.googleusercontent.com/a-/ALV-UjWIDn2sHjlsygAnvx8qHefnGwn6XlCR8QDBa5O9ADMu_PSBMQ4,Sangat bagus di Fish it,5,0,2.715.1115,2026-04-21 16:39:40,,,2.715.1115
f61c3dc8-95fb-4980-9ce7-e6b55bffd072,Fio Pwk,https://play-lh.googleusercontent.com/a-/ALV-UjXJm4qthkbsqT_9M9FmuP9dN2Y5FYx-xH13G0WI3UpJi4izGvk,untuk roblox sendiri bagus bagus aja cuma aku gk suka ama update dari roblox nya sendiri yg update kenalan harus sama yg umur 13-15 tahun lah klo yg kedeteksi 13-15 kyk gabisa bebas aja berkenalan jujur kangen roblox yg dlu #ILOVEOLDROBLOX #KANGENROBLOXDLU,4,0,2.717.985,2026-04-21 16:39:30,,,2.717.985
36d90001-49d7-4ab9-a41f-01ce52aa58a1,Wildan 292,https://play-lh.googleusercontent.com/a-/ALV-UjXE0QHGd-Mau7Mk42hnVID_0bR2by05HsDrkJS3nWPMBNJAcjkE,seru banget,5,0,2.715.1115,2026-04-21 16:39:27,,,2.715.1115
a5650dbc-3d41-49b9-aca5-607754fa1dc6,Alifa Siti,https://play-lh.googleusercontent.com/a/ACg8ocLCq_ry0lJt6Lt55ly34jUSD6MVD9S5Z1jPmjMg6sAJUd-BFQ=mo,update nya lama padahal peyimpanan aman koneksi aman dan banyak aturan aturan gajelas padahall kita main ini biar bisa bersosialisasi dan punya banyak teman dari Sabang sampai Merauke dari inggris sampai Paris,2,0,2.715.1115,2026-04-21 16:38:30,,,2.715.1115
8b128a18-c89e-4414-8518-835734ca2703,Pretty Cute,https://play-lh.googleusercontent.com/a/ACg8ocIWbCwFNpY_fYVJyN36JYF-jdLmGGTTg86nFbd-2ej-HW70pg=mo,bagus banget,4,0,2.714.1096,2026-04-21 16:37:32,,,2.714.1096
35201fbf-1ce1-477c-a83f-b790254cbfcd,Gabriel Nathanael,https://play-lh.googleusercontent.com/a/ACg8ocLDQQvDQiUxhkSlFcKBJuVcu32MIQfUyf6W9k_tx3VBm_uHPA=mo,roblox nya gk bisa mainin jadi rating nya 1😠😠😠😠😠😠😠😠😡😡🤬😠😡😡😡😡😡😡💩💩💩💩,1,0,2.717.985,2026-04-21 16:37:11,,,2.717.985
8b8d921a-5bee-43ac-9f02-01576e03201c,Najwa 123,https://play-lh.googleusercontent.com/a-/ALV-UjV_0or5BAb1AcvJZNHJbjYAcYmi7WJRlyB7xpzdRZGXVVpItjI,"update mulu, bikin memori gw penuh",1,0,2.714.1091,2026-04-21 16:35:36,,,2.714.1091
4dd0ab04-259d-4bed-a7a9-5b8f550e673e,Nanang Kh,https://play-lh.googleusercontent.com/a/ACg8ocIOB9HL9kF53xr0UKXhE-E0qRqhxr1fGbkoyVXdicxsDOfLgA=mo,coba cet yang di buka plis,5,0,2.717.985,2026-04-21 16:35:24,,,2.717.985
ea999d78-45ce-4d8c-b896-fbe010eb04d9,Ghania Mysha,https://play-lh.googleusercontent.com/a/ACg8ocIiwHu7ToaLDLg-oCTfBTrIDsCGjqUr_37GYFRBawYjfSLFOA=mo,uh seru sekali bisa mabar dan juga bisa bermain dengan macam macam pilihan game seperti tower,4,0,2.717.985,2026-04-21 16:34:58,,,2.717.985
eb9bcab3-7460-4869-9986-897d7979ef75,Yusran Muna,https://play-lh.googleusercontent.com/a/ACg8ocJFMpER6CsYs5Lp5HX4BJ-RS-Fw9A6Jl2Okk55wNYhK122wtQ=mo,seru si tapi sayang nya GK punya rbx tapi yaudh lah karna seru banget,4,0,2.717.985,2026-04-21 16:33:40,,,2.717.985
ce909c95-ef41-46f8-ac2d-779845bfd7bd,Safura Khanza,https://play-lh.googleusercontent.com/a/ACg8ocL2w6UM7rw1O9YbvBlhT9z0yi0nqJ5WWTKv5MpVMn6IpHJAuw=mo,baguss bangett!!!,5,0,,2026-04-21 16:33:18,,,
0b057d6e-ad49-483e-ac07-f9c96b92d941,Vina_ Cans,https://play-lh.googleusercontent.com/a-/ALV-UjVIKSxC4sxJi4vluD504N23m3tbxoe4yngu5-EPgYVCJe-SrH5v,banyak aturan,1,0,,2026-04-21 16:33:02,,,
03d40ee6-c0bd-4f74-8963-6935d39642b2,Kamarudin,https://play-lh.googleusercontent.com/a/ACg8ocLYE6wo237xyUeRD9mKHnV6X4YNYJcHxDfheCANYUkWq-O6Gg=mo,bagus,5,0,2.715.1115,2026-04-21 16:32:58,,,2.715.1115
8f9200c5-c318-4fe3-b9fa-73dc61665bd1,Felani Atelia Girly,https://play-lh.googleusercontent.com/a/ACg8ocJ8xA6ndcZGU94ZtyvZf966daIey3SJp3GrwJIwmwElUJrP1Q=mo,aku suka game ini seru seklai,5,0,,2026-04-21 16:32:10,,,
cf869d95-38af-4f9b-a0a4-58ebfd00a56c,Rama Tatani,https://play-lh.googleusercontent.com/a-/ALV-UjVHA4DbjK9P313qdc-5JCDDZq809hCgyz2LYU5TvVp79CNrikw,sekarang game itu nggak asik lagi oleh update yang gak benar,1,0,,2026-04-21 16:31:49,,,
f52bf8a0-8f88-4e4e-9747-9178e4d5f1e7,Ingalogo1,https://play-lh.googleusercontent.com/a/ACg8ocL2Bsk7fKjS92g-H5viUWYNd2vcg6HiCt8Z_MDYnvHKPErQ2g=mo,game nya seruuuu bgtt,5,0,,2026-04-21 16:31:41,,,
7cd8b122-fd8b-4bb6-bad3-48476d36325e,Haniyya Sarah,https://play-lh.googleusercontent.com/a/ACg8ocJXzZRthGJOvPJoO6doFf8fP8I9ocqadSml4-G7eOjhDDewqw=mo,seru banget game nya banyak permainan disitu😅🎉🎊,5,0,,2026-04-21 16:31:08,,,
04d1171a-fc93-4685-85ed-c83f7f0ea33f,Riyan,https://play-lh.googleusercontent.com/a-/ALV-UjUV10OoTgn_jL1DjYKIzHVAjeE-8MudsgoY3WqjHPfL1MYCE_fn,Game nya seru banget banyak pilihan game lainnya,5,0,,2026-04-21 16:30:11,,,
e2887093-39dc-4136-ace9-672eeb39c49f,nitaa azizah,https://play-lh.googleusercontent.com/a/ACg8ocI--W3bTRknk6j_FYQkoF5APSnEThPA3XQIEJuXIdwEiZhSxQ=mo,game nya seru tapi kenapa ya selalu aja ada kadaluarsa tapi aku tetep suka sama game nya. 😆😆,5,0,,2026-04-21 16:29:34,,,
e2603647-2308-4a71-9e38-71df48108e96,Angga_cb,https://play-lh.googleusercontent.com/a/ACg8ocJRf15pE1sUHZ629Do7_5jPKnSsSSQLIYBQVGaHQD2hbuU02g=mo,terlalu banyak brainrot,1,0,2.717.985,2026-04-21 16:29:07,,,2.717.985
69d602a3-3600-4b75-81d9-6a232c950e33,Fitrah Ramadhan,https://play-lh.googleusercontent.com/a-/ALV-UjU0HMpP_pKdAzlwueKU1peoM6xXf5ya46siiIVIkckwovbsVrq3,wow soo good wait david pls don't delete fitur chat and makeup soo L makeup bleh,3,0,2.717.985,2026-04-21 16:28:41,,,2.717.985
63516d37-3a9d-4a9b-a50c-9af29964b255,Gita Gita,https://play-lh.googleusercontent.com/a/ACg8ocKfmnl_NVddKSfwDxJ_6BTN3ggznb0uq7Z2AKrfFaJ_NVV51Q=mo,coba ada robux pasti gak dikatain noob.dan juga permainannya kalo pake wifi ngeleg bagus sih bagus cuman neleg di band dan tidak ada robux sama sekali tolong pemilik roblox kasih kami robux 695 plis,3,0,,2026-04-21 16:28:39,,,
a5fec643-06b3-42e7-b52e-3f7ec2370e34,Riksan Ktt,https://play-lh.googleusercontent.com/a/ACg8ocJabu09ipoPWcU84exKCXcWHPy-ran9fG0f9dE6S5g3Jla3Rg=mo,gem seru kerena gem nya onlen dan bisa mabar cocok untuk anak-anak itu saja makasi,5,0,2.717.985,2026-04-21 16:28:17,,,2.717.985
fcb5a2ec-e06c-4b7c-a2b7-07ec6d614b37,Ilham Shalahuddin Malik,https://play-lh.googleusercontent.com/a-/ALV-UjXl11n2mP42zVKDxMlNEuebFeUt0WaHhOdHwJLKJmsz6AzdQbI,malas gamenya gak bisa chat terlalu malas scan wajah,1,0,2.715.1115,2026-04-21 16:27:54,,,2.715.1115
9518bbcf-c069-4914-8c30-eb3a80330cdc,Gatot Pky,https://play-lh.googleusercontent.com/a-/ALV-UjW-oV070pqFFIYawQoLWYJvPfnZ3WzTTRBY3pGKRd8bzyzyws8b,game ini tidak bagus untuk anak anak apalagi untuk dibawah 6 tahun ada konten sex,1,0,,2026-04-21 16:27:53,,,
6f3d01f5-5a3f-4d55-85ad-68728fbecc44,Istiyanti,https://play-lh.googleusercontent.com/a/ACg8ocL8W-mzgAelIh8vlli8ormieT6gDyDW2H9WsvIBei90XTVKVg=mo,seru banget,5,0,,2026-04-21 16:27:52,,,
e3533366-99e0-4cdd-aec7-6794bd550a0b,Supri IdaYnti,https://play-lh.googleusercontent.com/a/ACg8ocI2lGjtDvaiHzleJVqEYGmFCyOuPT8-qT_WPW0gMXmEHpOncw=mo,kenapa selalu update SIHH !! ngeselin banget kebanyakan update gem ga seberapa update nya terus menerus benci,3,0,2.715.1115,2026-04-21 16:26:28,,,2.715.1115
63c51a81-94e1-4d80-802f-88978f442a09,Varenren,https://play-lh.googleusercontent.com/a-/ALV-UjUHJmo9uo_cuQmlg5KOjci3qtZngKfOBDPVJUSbAM24fpkznZw,"bagus ni game, asik juga. tapi kenapa lho di suruh upgrade mulu? apasih, gak suka kali aku. jeda dikit upgrade, gitu trus. kalo gak di upgrade skrg gak bisa main, hadeh poke",3,0,2.715.1115,2026-04-21 16:26:18,,,2.715.1115
c3520438-73bd-4c64-aff8-ee902c657a6b,Ariya Alhafis,https://play-lh.googleusercontent.com/a-/ALV-UjVu10tlh5VkK_42czeHi_IRN2jHpOmLBdhK0Dv3yqICtediWUE,gemnya sangat seru tapi kalau bisa jangan abdet terus karena HO kentang gak bisa main .,5,0,2.717.985,2026-04-21 16:26:02,,,2.717.985
61742646-0faa-47f2-a56b-b7e91873f03d,Ayi Rahmat,https://play-lh.googleusercontent.com/a/ACg8ocI-nfxiIAx4mQWlWRUQK85f8JKy_Fk0FGgBTxfxZqB5l0Te1Q=mo,sumpah seru banget,5,0,2.716.875,2026-04-21 16:25:42,,,2.716.875
8a2ebc5b-2bd8-40a2-8384-c2605b4a3c95,Willih Budhiarty,https://play-lh.googleusercontent.com/a/ACg8ocKwGR3X7BQdvzDpgJS4moPIAXwjd4ZdESxLdSJ8-Cmf47ChmA=mo,game roblox seru banget gak kaya ff buruk najis makanya main roblox itu ada tamba tambahan emang ff gak bisa mengasa otak 🤣🤣😂😂😂😂,5,0,2.711.876,2026-04-21 16:25:27,,,2.711.876
9b4524d3-ab5e-4834-a5d1-707b03b888b5,Raisa456,https://play-lh.googleusercontent.com/a/ACg8ocKCjUpqG2V4Er2Ol7jy3uglTLh6tsMzof8S_rSHba6NUz0mNw=mo,sruu tapi GK offline banyak game ny,4,0,2.717.985,2026-04-21 16:25:16,,,2.717.985
ee35c96e-ab9d-4e18-a1f6-0ef2758dc61e,Rani Aprilia,https://play-lh.googleusercontent.com/a-/ALV-UjW8tYA6k5lB6aX3axdV0mqN2cgqNCA6d8E-aZ5ZCE9bcq5dASA-,"Bagus sih sebener nya tapi masa pas saya beli barang pake robux baru 1 minggu malah kena hapus tapi temen saya yang beli aitem yang sama pake robux engga hilang mohon di perbaikin di bagian itunya yaa sekedar saran saja, waduh gimana ini roblox masa sekarang apa apa sensor si padahal kg ngomong kasar loh trs bagus si ada batasan umr tapi satu orang pake deltai makin banyak dan rusuh.",2,0,2.716.875,2026-04-21 16:24:39,,,2.716.875
dd807282-c381-4422-a4f8-4b79c68e7a8b,Aqila Kafah,https://play-lh.googleusercontent.com/a/ACg8ocKTQXVXbsgL40PBIQ1_vEWg-YoUpN6hF1jlNwY_k4EU2Jc3sA=mo,seru sih tpi error mulu,2,0,,2026-04-21 16:24:22,,,
b922c6e2-7974-48a3-aedd-45756b5ec3d0,Sadinem Imoet,https://play-lh.googleusercontent.com/a/ACg8ocKqt2SZ84TshbALNZA2sD8PiQc2CiHVra5NDSuSiuV9DV8KDw=mo,gamenya seru tapi kok sekarang gak bisa chat sih mana apdet mulu,5,0,2.715.1115,2026-04-21 16:24:03,,,2.715.1115
3b32c474-5f0e-4433-9deb-d9aed7c4dd1b,Nopi Padillah,https://play-lh.googleusercontent.com/a-/ALV-UjWfvJ-Rdftt1mqhi2o4PuhxgkJq9lVkIFOjQXrU5RGCpgb4gZo,roblox sangat seru saya bisa bermain banyak map di sana :3,5,0,2.717.985,2026-04-21 16:23:41,,,2.717.985
345d43b1-dbf9-46f9-bb04-47b043a47a89,Chyntia Putri,https://play-lh.googleusercontent.com/a-/ALV-UjWfKKmyJnabCgycbbPencF4j48svuTD_k4nIJpGDXRiz77Mdss,i loveeeeeee,5,0,2.715.1115,2026-04-21 16:22:43,,,2.715.1115
a46ceac2-343a-4504-9bf9-34155fa0804c,Reynard Athafariz,https://play-lh.googleusercontent.com/a/ACg8ocLZhdwXWissBsMOAw-2wZ44WlK8E8ZZINBLVASfrAdHb2U5eg=mo,satu-satunya Roblox yang aku sukai dari game yang lain,5,0,2.717.985,2026-04-21 16:22:05,,,2.717.985
c2ae3777-0fae-4bd1-8af7-0776d5af0233,Kayla Saffa,https://play-lh.googleusercontent.com/a/ACg8ocLhcVibUVFdHJF9OROr6Qj4U5L_b3AKJZ2_tkbVhgFbSWb3Lw=mo,SuKaA SaMa gAmE InIi,5,0,2.715.1115,2026-04-21 16:21:51,,,2.715.1115
9eabb40d-fdf5-45b4-b6a7-979868091514,FILZ,https://play-lh.googleusercontent.com/a-/ALV-UjXvl9PrbL7yPoL3gVx9YimvJe1NOaPVQySgdIlRoQvokWPsKevN,gamenya seru banget anjay,5,0,2.717.985,2026-04-21 16:21:30,,,2.717.985
7cf360e3-fac7-4653-80ce-9d086dfb4169,Albertin Dasa,https://play-lh.googleusercontent.com/a-/ALV-UjXzLCA-2WuCVvMoOGF8zL376X5mOe2UugMUU2iXtL3ri5dtdz0,ini bagus liat aaj yang donload blm setarha youtube taoi ini game terbaik dan bentar lagi hancur,5,0,2.636.626,2026-04-21 16:21:10,,,2.636.626
96153d9e-9651-466a-ab4a-25783fc0cfce,Gibran Stb,https://play-lh.googleusercontent.com/a/ACg8ocJ-EFOfi_k9xyanz1bDzoXtx5zQyqdE9U-YgjvLZSymTeWPww=mo,wah game ini sih bagus tapi gak bisa chat,5,0,2.715.1115,2026-04-21 16:21:10,,,2.715.1115
bbd58784-15ba-4b2c-88c6-795dfde81669,Bilall Spb,https://play-lh.googleusercontent.com/a/ACg8ocIY7Da4zPgklmqkFGKy8KJiv8nXlj_c31IH6KYUQaSEtRFyyg=mo,updetenya jelek gulingkan David🗿,1,0,2.717.985,2026-04-21 16:20:47,,,2.717.985
acff77f2-17e2-4eaa-8fd6-8570975f649b,Kemelia Kontesa,https://play-lh.googleusercontent.com/a/ACg8ocIjImspghGQZMrQ23wnv3noem_bL4Sg6rMDo3Cyumf-gdI74w=mo,bagus dan suka game ny apa lagi 99 malam,5,0,2.715.1115,2026-04-21 16:20:15,,,2.715.1115
b24c3534-e077-4d63-b335-d4d4ce07c3b9,call me zar,https://play-lh.googleusercontent.com/a-/ALV-UjUOwaF3McuQPc0Zrpw4_Go1TEvfh-_jsTQLFgGE2GAjf5mdfZ-u,sangat bagus,5,0,2.715.1115,2026-04-21 16:19:21,,,2.715.1115
fd26a34c-1801-4d59-9aff-ad8d76485bf5,aluna,https://play-lh.googleusercontent.com/a-/ALV-UjUTrkmSqgPhubR0fo3K6X9rkE2-5EMSXxM2DA8MK41QmETh4Z4,please karna Roblox gw nggak bosan lagi😝🤓,5,0,2.717.985,2026-04-21 16:18:35,,,2.717.985
fa163147-aa42-436f-98b4-712660c6d4d7,dani gumelar,https://play-lh.googleusercontent.com/a-/ALV-UjVdl8cA1QL36jQeoEpwP4YLr-PffYeKRd47DFjp93oAlZyxBnC5,saya sangat senang pada Roblox,5,0,2.714.1096,2026-04-21 16:18:26,,,2.714.1096
0a3efe8c-0480-407e-b8e5-6fa356f4c2a0,QueenCha Fameley,https://play-lh.googleusercontent.com/a-/ALV-UjV7bR3eGqccJSx_b5Ci47k9b8aq5ZKCVgdXe-QKCGtwao8BSWw,sangat bagus untuk anak anak semua. ya 😊👍,5,0,2.716.875,2026-04-21 16:18:23,,,2.716.875
d7e01ecf-2d20-4c0f-b73f-2c3b2c0c21fb,Vina Azis,https://play-lh.googleusercontent.com/a-/ALV-UjUEJKn9rw4xquuwjK1vBx1t7wiXGjG3BrQo15WpgSGi1ZTravU,THIS GAME IS GREAT BUT ALL THE PREDATOR ITS MAKE ME RAGE I HOPE DAVID BASZUCKI REMEMBERS ERICK CASSEL AND MAKE THIS PLATFORM BETTER TY ROBLOX,5,0,2.717.985,2026-04-21 16:17:56,,,2.717.985
f2171dba-4707-492e-8118-645abea305d0,Dwi Wahyuni,https://play-lh.googleusercontent.com/a/ACg8ocLpJPaGhMXc35C54QTuglHYaJ-hfOUFqrQdE5pnmyQ7rDiAqg=mo,game ini sangat seru bisa dimainkan dengan teman dekat atau saudara,5,0,2.715.1115,2026-04-21 16:17:51,,,2.715.1115
936e3507-0f39-4519-ad03-f61162b25dc7,Desiw Desiw,https://play-lh.googleusercontent.com/a/ACg8ocKRv47UML3S3gKeE8RjX-Vew1ypksmATtPOIp_nfp-04QQfHg=mo,aku mau Robux gratis,5,0,2.715.1115,2026-04-21 16:16:57,,,2.715.1115
c91b5af2-061d-40e6-841b-8de53cb3de00,Viona Desty,https://play-lh.googleusercontent.com/a-/ALV-UjUe4L_G-WqOuGnxz3PnZnvZv8adooSX5ehOoId7Gv-FU071Y-oa,jujur game ini keren dan menyenangkan tapi jika saya sarankan game ini bermain nya gausah pake sinyal saya malas menyalakan sinyal nya itu saja saran saya untuk roblox dan jg robux saya minta dimurahin ya assalamualaikum .🙏🙏🙏🙏,5,0,2.715.1115,2026-04-21 16:16:37,,,2.715.1115
f569c507-1dbc-4522-a542-72aeab06145c,Alif Fian,https://play-lh.googleusercontent.com/a/ACg8ocK3Bzborhsehv_pp29bUdqSvy_DkggtabelcqlqEOtLuhc9-A=mo,g di kasih pet gratisan kaya kitsune racoon gitu atau tokenz geratis pokoknya bintang 1🙄,1,0,2.716.875,2026-04-21 16:16:32,,,2.716.875
77ef8bf8-ead7-48fb-b542-cd352998fbf6,Alesha Echa,https://play-lh.googleusercontent.com/a/ACg8ocIzPu6Vl9GJtwq6YrAoI6Akwti3F_U1jBUqrDwfa7AT0Ga7mA=mo,lama lama banyak peraturan ga jelas ngaco,1,0,2.714.1096,2026-04-21 16:16:28,,,2.714.1096
aa624dbf-2125-42d1-98c1-acd5cea3432d,Anggi Indrawan ritonga,https://play-lh.googleusercontent.com/a-/ALV-UjVg8gIupNLb9EPmfCoBOs4d28p8-84aysTvuaV97Fn4LEpAINRq,gem nya bagus banyak sekali pilihan nya tapi saya lebih milih map cdid bagus,5,0,2.714.1091,2026-04-21 16:16:20,,,2.714.1091
f1df8a39-c45e-4658-94df-e3d7369e9744,Sopian Yanto,https://play-lh.googleusercontent.com/a-/ALV-UjXC0iDJodhfO4NGA7nr1_TbUEprerpWkczlyHsq2EHET4xxAWY,malas,5,0,2.715.1115,2026-04-21 16:13:01,,,2.715.1115
4c9dfe8c-c899-4807-9388-28469c5c077c,Nadhira Syafa Kamila,https://play-lh.googleusercontent.com/a/ACg8ocIC-rGQtqe39eUAYn83PY0dHn10QcBnO1Xys9z9pS4CJp6Edg=mo,suka bgtt beb bisa main vd 🫶🫶🫶,5,0,2.715.1115,2026-04-21 16:12:22,,,2.715.1115
1466db61-77c7-4761-a3f3-2fbedfd5c238,gunz mukasyafah,https://play-lh.googleusercontent.com/a/ACg8ocJESN_2YsylT0x0PDuBcz93WgQqOSDqoUmFOfTfIJFACywg7w=mo,game nya saya suka skl krena ada game yang saya suka Haiti game matematika saya bisa belajar dengan ini,5,0,,2026-04-21 16:10:27,,,
3163afc7-ad41-456f-bd60-f2b55b366f66,samsung galaxya20s,https://play-lh.googleusercontent.com/a/ACg8ocJ86mMIN9RWmeSKula1dM0dSIEcWzt8qkp3McVPT5O-nOPs=mo,bagus menjadi lebih gampang mendownlod apa apa saja aplikasi di play store.lebih mudah dan cepat,5,0,2.717.985,2026-04-21 16:10:11,,,2.717.985
9825a1b2-4edc-46b1-8eaf-f4265c6fadd9,Selena Azzahra,https://play-lh.googleusercontent.com/a/ACg8ocKBYoxajSfcezV2K5XDebzqDZExsGlLc7rIjPXPUCv32l-0Fw=mo,"hmm the map is good but, there is always lag even though my cellphone is 16 pro :(",5,0,2.715.1115,2026-04-21 16:10:03,,,2.715.1115
e1b5cb7b-7faa-43fc-9ab3-740736798c1f,Shanty Effendy,https://play-lh.googleusercontent.com/a/ACg8ocJaG-_HR-OJeGefi7cE1aG7Ez9L-UKuYNMsw_HxZK41u9n9tA=mo,kenapa pas saya keluar dari game gak bisa main lagi padaan saya keluar 1menit,1,0,2.716.875,2026-04-21 16:09:09,,,2.716.875
df3b540a-32ea-431e-83ce-d5ca3913e04c,Widya Ngsih,https://play-lh.googleusercontent.com/a/ACg8ocLpT8bl7QMuqvbay-FIOVESlfJeYiO2z8T_YQ7SL5huc8QY4A=mo,"Why do you have to pay now if you want to make clothes? Why please, so many people can't buy Robux and want to make their own clothes, but instead they are asked to pay 10 robux",1,0,,2026-04-21 16:09:07,,,
b528e4c9-22ad-478b-aaf1-557ded8f4346,Afisa Fitriani,https://play-lh.googleusercontent.com/a/ACg8ocJkEPN4ihGsG_a0xOXZH6cDhfwwNAD6jKaRwLwkUxO0j8SXGw=mo,sangatlah bagus untuk saya yang positif,5,0,2.716.875,2026-04-21 16:09:02,,,2.716.875
6dedd0a8-fde9-457a-a101-84b488e1116f,aryanti yanti,https://play-lh.googleusercontent.com/a/ACg8ocJSBgjbaUnEK0tyAjTxMkcNlQIMIe3fkykMv19tkyoB8FBB9A=mo,aku pingin mendowdload tapi mengapa aku harus dowdload saat agrep tapi boleh gratis gk,5,0,,2026-04-21 16:08:52,,,
f147eed5-a91e-4791-801f-bf0f4d5563d2,Vhanessa Erdelin Musrahayu,https://play-lh.googleusercontent.com/a/ACg8ocLgb_HzZkG_qmZjcNL2jMgetoiAXwzWv06IJz3FggjA3PO2Fg=mo,Aku kasih bintang 3 karena chatnya gak bisa tolong buka chatnya lagi pula aku gak ada ngomong kasar kalo chatnya udah di buka baru aku kasi bintang 5,3,0,2.715.1115,2026-04-21 16:08:02,,,2.715.1115
c6409bf3-5831-44a0-880f-9d1f6e68b078,Jesslyn Caroline zhu,https://play-lh.googleusercontent.com/a/ACg8ocJmworDApDi0OSdZpYdoChgTCJ5TC4nZG7Mfvj9QReRdmxSdA=mo,Memori Nya Yang Sangat Gede Kalau Bisa Dikurangi,1,0,2.714.1091,2026-04-21 16:07:48,,,2.714.1091
2df8225d-0c5c-4994-b24a-03c82d555210,Raisa Taberima,https://play-lh.googleusercontent.com/a-/ALV-UjVAhFQo3wB5rSdAT5wczscQNxqvU5wMc3aWUYfAuafUcC8WwkQ,"Stop this updates. Untuk apa lu merilis update ampas kyk gini? Iya gue tau niat lu itu baik buat lindungi anak-anak dari predator terus apa gunanya ngehapus classic face terus digantiin sama dynamic face? Yang ada lu malah memperparah game lu sendiri, tolong lah pikirkan kenyamanan para pemain. Gara-gara update ampas kek gini semua pemain pada pensi dan pindah ke game lain, kalau lu masih lakuin update gak guna kek gini game lu bakal jadi DEAD GAME.",1,0,,2026-04-21 16:07:10,,,
581bd51e-8d45-461d-a0f1-1f858774372a,Kevin Yudhist,https://play-lh.googleusercontent.com/a/ACg8ocJeSpLU0beIY5RcVF8aXCq6V53sLOwmLV3FpB2sj6x01GxfhA=mo,yang download dibawah umur 9 tahun masuk ke roblox kids,4,0,,2026-04-21 16:06:50,,,
601cb9a4-361d-43de-85c5-0917abe358e1,Tomato Sigma,https://play-lh.googleusercontent.com/a-/ALV-UjUun6fm8OwtjSN8gyF_zZhzhhtU1evZ9Y6bNRKLa_qPLO9kj8Ix,"One of the worst add. what you mean I should go to PlayStore after I skipped your add? that's really bothering. your game Is already boring and annoying and now your add? hell nah, how crazy your game Is. if I can't give you zero star, i'll do it.",1,0,2.674.2789,2026-04-21 16:06:45,,,2.674.2789
0b045a17-a0a3-4e15-8a52-73744839eb9e,Novika Daniys,https://play-lh.googleusercontent.com/a/ACg8ocILA5cXL2XSlsl2NydZSZpEAlQHORIR76aqAAZ8Eb4SAr-3Cg=mo,"gamenya bagus min tapi ada sedikit kekurangan baru aja main 3 hari atau 4 hari itu langsung suruh update aneh min🤬, yang penting harus diperbaiki",5,0,2.715.1115,2026-04-21 16:06:08,,,2.715.1115
1cfe5b93-27d9-4934-ac88-80b92f096de9,Altamis Nadhifa Ikhwani,https://play-lh.googleusercontent.com/a-/ALV-UjUapzpEAZkIcqfp9D2pG593uOSNwa9SLcSwan0M-_7ldLMbHfko,game ini sangat keren,5,0,2.715.1115,2026-04-21 16:04:16,,,2.715.1115
ae4f9600-7604-4a40-b477-7113668187f0,Syafrida Ida,https://play-lh.googleusercontent.com/a/ACg8ocITWrgHZpCeAYb3YnEl8CaO3mzr6r9HuzvfoCCfqVFXZUnHbw=mo,game ini banyak permainan nya dan saya suka sekali dengan game ini,5,0,2.717.985,2026-04-21 16:04:10,,,2.717.985
3194f9c1-c72f-46c2-973e-86eff45460f8,Revan Herlino,https://play-lh.googleusercontent.com/a-/ALV-UjWj3HuI4iTcFcfGp8DcHt-BD7dnklQsUuWhsUDSUFmKvDdtWQpL,kembalikan sistem chat yg dulu,5,0,2.716.875,2026-04-21 16:03:42,,,2.716.875
67d68fe1-c853-4922-a64c-1cbe9a2fe259,Hono Widodo,https://play-lh.googleusercontent.com/a/ACg8ocLnXmXVLKHTkryQ_Whl3oWw-ZWfoJtyY9KLMhDQy4D0bQojDg=mo,"lumayan sk cuma gasuka aj upd nya, ok sekian",4,0,2.674.786,2026-04-21 16:03:12,,,2.674.786
78397bd4-72c3-48b4-abac-7f9e9dc16683,Sigit ary ardhata,https://play-lh.googleusercontent.com/a/ACg8ocK7A27b5aTB7YJp1r1sSWpnhGreidvOovoMd1ufYRYrfcWmEg=mo,seru banget,5,0,2.711.876,2026-04-21 16:01:51,,,2.711.876
33899f5d-98df-4501-b0ce-f33f792b2f61,Yuliaroma,https://play-lh.googleusercontent.com/a/ACg8ocKMfnQDPlu-HLespZXgYGY8xEnm2s0YjTZht2LNTWPtBANL1w=mo,"seru,bisa bermain bersama teman, tapi harus selalu upgred saya tidak terlalu suka",4,0,2.715.1115,2026-04-21 16:00:20,,,2.715.1115
fd454f95-7766-49f8-9cfe-3c92c2a2c366,Wiwin Utami,https://play-lh.googleusercontent.com/a/ACg8ocKE3JGCAF-BIiBFhx8Zp5AKNjAkF7i_KHh0pFCqqfInm1FMSQ=mo,game ini menyenangkan saya dan tidak ada iklan sama sekali. aku jaga main bareng dengan teman saya.,5,0,2.715.1115,2026-04-21 15:59:05,,,2.715.1115
60542a9d-1524-428f-b8ed-358cf0a32e77,Zaid,https://play-lh.googleusercontent.com/a/ACg8ocKQTgjiUyTRDAkKNrFOSv3RGPxOeW1giTI3w0Ldv-qe2oV8KA=mo,seru banyak gamenya.,5,0,2.716.875,2026-04-21 15:58:59,,,2.716.875
6c160c25-adca-42d5-b0f4-ddc84c0e1978,Arubugam,https://play-lh.googleusercontent.com/a/ACg8ocLrXfTRVS3Odqf4POWbi0YkK5Yy-Wxai6efTydmSgYev4tM3A=mo,game burik elek,1,0,2.717.985,2026-04-21 15:58:43,,,2.717.985
40057629-f5f1-4da3-b6dc-6d7afd31ec48,Warior Warior,https://play-lh.googleusercontent.com/a/ACg8ocJL2x80S6mKHjUm7kkQRUo6DNrufATH7VCrLLM2CM1XKDIDlw=mo,seru,5,0,2.716.875,2026-04-21 15:58:24,,,2.716.875
637701d4-fba8-406f-9def-a58f16ab866e,Alif Fadillah,https://play-lh.googleusercontent.com/a-/ALV-UjWkEICimSJF0EJAnnTUcZXli2OZIyZayRd0sgXXjtBiSFZDIQc,seru dong,5,0,,2026-04-21 15:56:46,,,
92f4822b-c761-4c9b-a837-19216b6d9413,Astronomi Nomi,https://play-lh.googleusercontent.com/a/ACg8ocJKA4mHkE9yHaxj682h-ESjW78wCSKka3EIgt8PNEZ5bSjJhA=mo,game ini sudah bagus aku sangat suka,5,0,2.715.1115,2026-04-21 15:56:42,,,2.715.1115
559bf9bf-1254-4f7b-bb23-fbec2a577a3d,ICCANG Andi,https://play-lh.googleusercontent.com/a/ACg8ocIPx2pMaxsFOjpvj0troLItwa6FLJCSZWuUx_aY5Ns57gGe5Y0=mo,aku sih rating 2 aja deh soal gak bisa chat udah gitu fitur mek up upda lagi jadi malas banget sama update satu ini,2,0,2.716.875,2026-04-21 15:56:37,,,2.716.875
ce354a6d-cc04-4cae-ae0a-aed6b7aeff20,Luay 1992,https://play-lh.googleusercontent.com/a-/ALV-UjWyqfVQxZvIh2uMZdSsEGxVtgEZ5kYXWRE6nKrmBwVBR8Us1WNr,habis update tambah rusak ini game kalo maen harus pakai data kemarin aja sebelum update masih bisa pakai WiFi lah sekarang sudah tidak bisa apa aku hapus aja ini game,1,2,2.717.985,2026-04-21 15:56:23,,,2.717.985
b0f5232d-1013-4be9-87c7-d0b652803cb3,Maulana Wijaya,https://play-lh.googleusercontent.com/a/ACg8ocKNBMpcTJ3u_7k-X8uqnaKGzYn7Kgp4XtTbhmiNXvin9mlGnA=mo,bagus bt sampe gw pake delta😹,5,0,2.717.985,2026-04-21 15:55:21,,,2.717.985
56e6537f-d6e3-48fa-b8c2-6cd8651d3a04,Dzikri Arya,https://play-lh.googleusercontent.com/a/ACg8ocJSj5WPN4fnDI0RrAw2qe0SKN3YJuF4G5YuUOyloyZJB1MTNw=mo,banyak game seru,5,0,2.716.875,2026-04-21 15:54:28,,,2.716.875
99eba621-e26b-4207-bed1-1ba2362c5ea5,Muhammad Maulana,https://play-lh.googleusercontent.com/a/ACg8ocJ60lsm0xLbf4Lqz-HQpk5Ie5FIDQ5pQKtgvORU1Li5-SgoKQ=mo,BOXING,5,0,2.717.985,2026-04-21 15:54:28,,,2.717.985
9aacc362-7313-4a1b-aa08-8d852206e237,Qiara Arcilla,https://play-lh.googleusercontent.com/a/ACg8ocKqOQET1NGhWv0UchSSUJvS-4SCxf8bxSLvqK8Nl5n25WyNIg=mo,wheres the chat?,5,0,2.716.875,2026-04-21 15:53:06,,,2.716.875
e7cae7e8-dd05-459b-9fae-648154a3dae8,daddy TV,https://play-lh.googleusercontent.com/a/ACg8ocKoYR07rFnh8Ls7XaScrolnfc3hSS_nyqDdOYzmFYLwqSeOxg=mo,nice game,5,0,2.717.985,2026-04-21 15:53:01,,,2.717.985
61bf8e20-e500-4d31-a5fb-c0e87f8fbec0,Kaifa Azzahwa,https://play-lh.googleusercontent.com/a/ACg8ocLz_H26ZKX0nYnJ3lqdvjOhjTS30rpw_mqi7uEnubnAWXBR6A=mo,"aku suka dengan map mm2, tapi knp banyak script/hecker,sebaik nya mereka di blok aja, soalnya menganggu cara main kita",5,0,2.715.1115,2026-04-21 15:52:29,,,2.715.1115
64f55571-e11e-494e-a218-2ac119a0392c,Mar Yeni,https://play-lh.googleusercontent.com/a/ACg8ocLT2KpYWuz7wLL0Ceb1eUIBvb3K8WOYA4CVwjwDykN5KnP8yA=mo,seruuuu,5,0,2.709.873,2026-04-21 15:52:18,,,2.709.873
7b05956e-a076-4a1b-b017-a2331508aaa6,Rizkysaputra12 Putra,https://play-lh.googleusercontent.com/a/ACg8ocKAw7owLrQ-xdbowJzRUvtmA9JJ2IfkIPk9sHwSAPY2fD6aGg=mo,bintang 2karena akun di ban dg tanpa alasan,2,0,2.715.1115,2026-04-21 15:52:06,,,2.715.1115
887896bb-d80b-4910-b295-548749b0dbe8,Geniuars Arsy,https://play-lh.googleusercontent.com/a/ACg8ocLCHgG2ReLrueZpq3syJQGxjeQXxVdp3l4UUCrA8tvyQ3XuYw=mo,Seru banget sih,5,0,2.639.688,2026-04-21 15:52:01,,,2.639.688
79b4d140-c234-445c-8838-71129c1cfecf,Nazdrina Rina,https://play-lh.googleusercontent.com/a-/ALV-UjXzdR3XxXnfLS_JEyyb9vpV6XDJyyod-pxm7dp5izOzhdDAn-oi,tapi biong,5,0,2.715.1115,2026-04-21 15:51:01,,,2.715.1115
b7edb245-d549-410b-97b4-ecd9fcbe73d0,Auliaa Nurputri,https://play-lh.googleusercontent.com/a-/ALV-UjUyBYR_MKUNR67CQtsNTXp9MFYGG6VndNouhZGp9j9lLYSLngRv,Burik game nyah😡😡😡😡😡😡😡😡😡😡😡😡😡😡😡😡😡😡😡😡😡😡😡😡😡😡😡😡😡😡😡😡😡😡😡😡😡😡😡😡😡😡😡😡😡tapi bener burik sama patah patah ih jelek tau jangan donload,1,0,2.713.912,2026-04-21 15:49:17,,,2.713.912
7a9f50d1-57a4-4b3c-a803-0e2a886e8c44,da ga,https://play-lh.googleusercontent.com/a/ACg8ocIpTcl2CPdmECHZw21GPUp7IK95EpyOw8u7BAY3qb_1D0PNWQ=mo,saya suka roblox,5,0,2.717.985,2026-04-21 15:49:14,,,2.717.985
deb90458-cc3b-4cd2-aeca-2b517f62fd6c,Reza,https://play-lh.googleusercontent.com/a/ACg8ocJFZAuVYa7ImQn4CuPUylBPKdm_JqKRUXjXWIIMxmohKrZ5Jg=mo,ini gimana akun saya tidak bisa di masuki udah di uninstal tapi malah gak bisa sandi ya trus pake no way juga gak ada yang indo trus pake gemai juga gak gak ada kode ya,1,1,2.717.985,2026-04-21 15:49:06,,,2.717.985
7dc5815f-a862-48c4-b096-1fe9da06e513,Harun oppo,https://play-lh.googleusercontent.com/a/ACg8ocJJpvmFagbgxW8vOyGiA1GbZ568JQqlJJZ2FYYTksCmM2LR0A=mo,memang game Roblox ini memang seru tapi jaringan sering ngelek bukan cuma itu tapi masuk dalam gemya jadi lama jadi sering disekonek tolong bagi yang pembuat Roblox dibacaya supaya Roblox makin banyak yang main kan kawan ku aja kusuru mainin Roblox yang seruini jadi dia juga ikut main Roblox deh cuma ini pesan yang bisaaku sampaika Roblox dada☺️☺️☺️,5,0,2.715.1115,2026-04-21 15:48:55,,,2.715.1115
f3184929-df22-4f88-9209-a65e3e1efb0e,21_Made Arya Aditya Putra,https://play-lh.googleusercontent.com/a-/ALV-UjVKa_AB6nrz9bABAMQvVme529xvF-P1GgGCLrCYCCoEfV2j26rwKg,"makin lama makin aneh ni apk, minta verifikasi trs setiap mau masuk map",1,0,2.716.875,2026-04-21 15:48:29,,,2.716.875
75b567b0-5b89-45eb-bb40-7138606be37a,Elin,https://play-lh.googleusercontent.com/a/ACg8ocKFkj8gM9mZF8q7j25XXYdx_hdib_hBBT4CVfcfpZoQGlmygQ=mo,kangen roblox yang dulu..,2,0,2.715.1115,2026-04-21 15:47:44,,,2.715.1115
d111e5d3-e6a7-448e-b90d-01cb9511edb7,Raffi Raffi,https://play-lh.googleusercontent.com/a/ACg8ocKiG4_3N52DtoeeQ5054KbKe_5i9hQxhlQ32ObAFeekxjuklQ=mo,saya tidak suka game ini. kerena chat di hilangkan. sistem verifikasi nya juga bermasalah dan saya tidak bisa verifikasi,1,3,2.717.985,2026-04-21 15:47:10,,,2.717.985
f60deb3f-fc79-4878-8d3f-751d50f6dcf3,assyifa azzahra,https://play-lh.googleusercontent.com/a/ACg8ocItdx3CSU_Rv8aAfO7hKVLHRwMs3sFjL629eB3CAr_dL_ZnZw=mo,bagus tapi kadang login padalahal udah pake wf,5,0,2.715.1115,2026-04-21 15:46:43,,,2.715.1115
754b0378-93ba-45bb-a834-991df8fc24b8,Rahman Unti,https://play-lh.googleusercontent.com/a/ACg8ocKqqvNsrlKT6-VKc_1wRQ2IDBYbroHgOVStO6A3lkMse9TeOg=mo,mantap,5,0,2.715.1115,2026-04-21 15:46:17,,,2.715.1115
459bf32b-bab6-4fb4-b797-ea6e84fd0e81,Agatha Mutiara,https://play-lh.googleusercontent.com/a/ACg8ocIN4nTZUppL8oxpgJJ9RxrHLTvc1uGrnIjoSHlWRQTzv0BxKA=mo,kenapa setiap donwald roblox harus update😩👊,1,0,2.715.1115,2026-04-21 15:46:11,,,2.715.1115
1d486aa3-62e4-4f44-addf-2ec5248144d5,Kevin Ok,https://play-lh.googleusercontent.com/a/ACg8ocJcPcLmXnpsZ75nQlOXxUL_rhTWanJHfTHYNA0-T5JGFvihhw=mo,Sangat menarik guys karna gemnya sangat epic dan luarbiasa!(Nice Game! This Game Is Cooler Than All Games And I'm Wanna To Play Roblox In Many Times!) 2026 edit: Aku kangen roblox yang dulu... (I miss the old roblox...) 💔,5,0,2.715.1115,2026-04-21 15:46:01,,,2.715.1115
e2dbe843-5d5a-4db2-a7d2-452bc8957119,albany gibran,https://play-lh.googleusercontent.com/a/ACg8ocJ1Ax-gCwsfCs1ViR5YO9CZ9Vt_bhCyOEkRhtC-zHTPsHvvzQ=mo,ga becus njir kemarin disuru upd dah gw upd sekarang disuruh lagi upd upd kok cepet bet dah mana pasti kalo di game disconnect padahal jaringannya bagus apalagi cheater/org sus pke chat roblox gitu walaupun udh dibatesin tetep aja gw sebagai org yg masi bisa liat chat mereka banyak yang sus sus di brokhaven aja bilang kotor apalah roblox ini masi aja ga ngelindungin,3,0,2.717.985,2026-04-21 15:44:53,,,2.717.985
ff151628-da6e-4df8-ad93-8b78d7848659,Rita Gumara,https://play-lh.googleusercontent.com/a-/ALV-UjUgzaiNwYjZPYb0ZXk91vAh13VGZ07vcCFOrZ4eu3NWwbwxCoW1,satu kata gua pencinta fish it,5,0,2.717.985,2026-04-21 15:44:51,,,2.717.985
4251bd9b-f895-4210-a1e8-66055bb55b00,binniebingo,https://play-lh.googleusercontent.com/a-/ALV-UjW1YrC6G7vakg25oY2XBwaweoQkAWondtoCRc6NP0yzMY3Tr6NQ,the game is getting worser ugh,2,0,2.715.1115,2026-04-21 15:43:47,,,2.715.1115
f3f07ee1-1e0a-4fea-993b-4e82375aee8e,Nelly Sky,https://play-lh.googleusercontent.com/a-/ALV-UjX3quNNOKQ8OnPM_RzqR5Q1CvQPFjAre0NSFJHesIwWeEzv6b35,"seruu!! tapi kenapa aku kasih bintang 4? karna gak sebagus yang dulu! dulu bikin t-shirt gratis, lah sekarang bayar!! dulu bikin GamePass gratis, sekarang juga bayarrr!!!! sekarang juga chat, pertemanan, dibatasi!! enakan yang dulu!!",4,0,2.717.985,2026-04-21 15:43:36,,,2.717.985
2e90a619-a7dc-4db0-a524-291f7be7ea9e,Erni Tarigan,https://play-lh.googleusercontent.com/a/ACg8ocIjgQsb2VuICBDoQcPZiB2a9XY49cXOI7MWSo3fzQIbmU_-HA=mo,foblox sangat seru dan membuatku rilex,5,0,2.716.875,2026-04-21 15:43:23,,,2.716.875
9f8bc715-dd73-4b97-b965-203015a4bcd1,Dwie Syafitri,https://play-lh.googleusercontent.com/a-/ALV-UjUW81GEru6IAjA_O6u1o-GfwlR2l7s9V5jTzRQidCruXRoamJ4,The emote I bought for 39 robux disappeared when I went to avatar and customization and the emoji disappeared,2,0,2.717.985,2026-04-21 15:43:04,,,2.717.985
5f9affb8-86a5-4f34-aef0-8dc4e01a6014,Afika Andini,https://play-lh.googleusercontent.com/a/ACg8ocKxeFWlJsIPF7Zt9CgjzJrk6ItaJcvgDNlHCn7xrS33Bu5Ytw=mo,karena upgrade' mulu,1,0,2.715.1115,2026-04-21 15:42:19,,,2.715.1115
74c3f496-2e7c-445d-8a0a-95bd516ee73e,keizha salsabilla,https://play-lh.googleusercontent.com/a/ACg8ocLjjPl-grGZ87kevbrtcWm-wkCNlKMXc8n1HCK2dmMjUvEZ6w=mo,mantap,5,0,,2026-04-21 15:42:04,,,
aedc871b-06a4-4e29-b95c-957bdcada2e0,fajartanaka__ fajartanaka__,https://play-lh.googleusercontent.com/a/ACg8ocK4QZGA20b6M49t5DJrrcU6m7soFF7sZMATZJCJZFdAwuoxUQ=mo,game ini saya sudah update kenapa suruh update lagi?,3,0,,2026-04-21 15:41:54,,,
da66fa27-7dbf-47f8-8b8c-aa0873e67d9d,Ardhy Adhy,https://play-lh.googleusercontent.com/a/ACg8ocKqGTSFNPPSTOnGuSCdYaT2Nk2ZO13jvmEf6sdIUptMpcjP_w=mo,permainan ini bagus tetapi kenapa harus update terus dan kalau Robux kasih gratis karena saya kasian dengan anak² lain yg kesusahan beli Robux yg kyk misalkan miskin gitu jadi kalian rubah semua ya yg aku kasi perintah 👁️👄👁️👀👀,5,1,2.717.985,2026-04-21 15:41:30,,,2.717.985
610039fd-5260-4729-9481-9c5a5e11603b,Rieky,https://play-lh.googleusercontent.com/a/ACg8ocLZ0T2B1vfM3rP7uGpyfOyRJE_PnWZm6NTPHOkjVt84jE7s1yY=mo,keren gk ngelag,5,1,2.715.1115,2026-04-21 15:41:25,,,2.715.1115
cb6db54f-7b8b-4168-a799-30d9f8417ea9,Nadia MaulidaHusna,https://play-lh.googleusercontent.com/a-/ALV-UjXVDmZvx2xAqIvOtoFEbnMq9KXuWW_5qSnPqWsVnABih0K39dM,bagus banget,5,0,2.715.1115,2026-04-21 15:41:16,,,2.715.1115
e3c87cce-7efe-4d21-9367-b8142e20f3e1,Gebi Permatasari,https://play-lh.googleusercontent.com/a-/ALV-UjWsYk-vttkiOBOWB8eKN_iPIobPfJ1PgsBrklSQgrY05y0SIks,I LOVE ROBLOX no.,5,0,2.673.710,2026-04-21 15:41:15,,,2.673.710
16699cad-3126-402e-b7a7-7a14b629e09a,Arvino Pratama,https://play-lh.googleusercontent.com/a/ACg8ocLjTMWAsAljOmZeGZRBZhXJAq4v2Dk81QScJNT6n63w31PBgw=mo,ya bagus sih bagus tapi kenapa akun yang kemarin ilang padahal ga dibanned dan ga ada yang mainin logika nya dimana coba apcb,4,0,2.717.985,2026-04-21 15:40:33,,,2.717.985
60b4d3e0-bf96-4b22-92d1-4ce080656a1c,Ni putu triska Devi,https://play-lh.googleusercontent.com/a/ACg8ocL6ViTxhc6Wew-NgE7POdwZ9xqtbYxkx6DfOXyfxo-9AphlcQ=mo,game nya bagus,5,0,2.715.1115,2026-04-21 15:40:13,,,2.715.1115
0e89c68d-6f59-4760-8b57-3e25c921144a,Viyola Septira,https://play-lh.googleusercontent.com/a/ACg8ocK4EMPtXETfS0qS3R8U-_7Gn1ztyGPUH8gb_U2PDNlNaLm0iA=mo,upgrade mulu jir,4,0,2.715.1115,2026-04-21 15:39:56,,,2.715.1115
0637b4b2-e333-44f7-b1d2-51f88b38d9e0,THE MASTER Minecraft,https://play-lh.googleusercontent.com/a-/ALV-UjXY8oDOD665tWbqHztqkVHkcQbUptRrlP7YO_Dg9I-VPIuRJDc,game jembud kentut,1,0,,2026-04-21 15:39:19,,,
0b6784f2-f8b9-4d0c-bf70-a3816ae1581f,Fathina Fuady,https://play-lh.googleusercontent.com/a/ACg8ocJOC-LCyqrfW0qi1kMUGwOzF2qltohM7_d14esbQHaB6LnL0A=mo,enak di pakai,3,0,,2026-04-21 15:38:18,,,
f8d0b41d-ce96-4278-b353-19e73f2bd1d8,Eza Yusuf,https://play-lh.googleusercontent.com/a/ACg8ocLnK-FJbLbCLfYhI5r-JM8jSU5QMQrVwgDXxMTmlrdVAqf0mg=mo,game asu,5,0,2.717.985,2026-04-21 15:38:15,,,2.717.985
d60480bc-0ea1-405a-8b39-81a7d897cdc6,Khafidhotus Sholihah,https://play-lh.googleusercontent.com/a/ACg8ocK3eIY_9ILf3hbf6YiPZ7A186suCf5EyLP5eGFm3GiwDNZeGQ=mo,asik sih tapi sering banget disuruh upgrade terusss,3,0,2.715.1115,2026-04-21 15:37:45,,,2.715.1115
b7b1e5df-1a50-49aa-9657-4d9a9aa1929d,Aza Mustika,https://play-lh.googleusercontent.com/a-/ALV-UjWzzem-RC63r9k1FIZnnVfGG_8qK0DVgV040RcAZLjNZaHQ9vk,"makasih roblox, aku main game ini aku jdi keluar dari dunia per bl an, dan juga b.ing ku naik",4,0,2.717.985,2026-04-21 15:37:32,,,2.717.985
24587ce3-0a6d-4772-a046-d8f3e6af44d0,Sari Candra,https://play-lh.googleusercontent.com/a/ACg8ocJwY5hTFdoRkbEqW2zX-ZkpEDv_MsGwkomscgTG3lWXOLJCZw=mo,game Roblox yang terbaik aku suka semoga yang bikinnya banyak rezeki amin 🤲🏻❤️,5,0,2.717.985,2026-04-21 15:37:02,,,2.717.985
2c9673f2-3809-44ec-9708-c6516a6ecfc7,RealmeC31 bos ku u,https://play-lh.googleusercontent.com/a/ACg8ocIANJGHtX4RsRnyYvCxNN8zwqe63fQfZ_kjKHq5hEHRL4Vs7g=mo,game nya sih Bagus tapi batasan umur nya yang tidak di sukai sama banyak orang kenapa gak game lain aja yang di batesi,4,0,2.715.1115,2026-04-21 15:36:11,,,2.715.1115
e9c7cd79-98da-46c3-b41a-12d34fb02db2,fachri amir,https://play-lh.googleusercontent.com/a/ACg8ocJ7GOQK0mXUf_Ho7ld3BXSF-aaZzsiBvpo__GFPLL0J5CSuiw=mo,Gema Seru Sekali,5,0,2.716.875,2026-04-21 15:35:27,,,2.716.875
3aade61a-a63b-4f81-8ed2-fd280441afa2,Bisma Realmec71,https://play-lh.googleusercontent.com/a/ACg8ocLbIkLDWL8G_VnELq3s4H0GO8YDskfOidcHkwmec753WP_BIA=mo,bagusss,5,0,2.711.876,2026-04-21 15:35:06,,,2.711.876
562e48bb-8275-4e11-b6c0-706c54a7b11d,Alda Safira,https://play-lh.googleusercontent.com/a-/ALV-UjVWY3iOGIgirfcHSe_IA_D9QLCL6iQLbFM9naHlk9rhWKX-LB2i,"eww sebenarnya itu aku suka roblox cuma update nya JELEK BANGET makeup nya gak sesuai dalam pikiran ku, face dynamic aja dihapus cuma makeup plis balikin gak ROBLOX AKU YANG DULU!!!!!!!",2,0,2.717.985,2026-04-21 15:35:00,,,2.717.985
277a7bad-da82-4abd-9fb9-82fe618f8cdb,Luis Vernando,https://play-lh.googleusercontent.com/a/ACg8ocLk5wd9xSRikCORGL0jxmPEP29GEcsnC2tnjwePhH-F3DkGXw=mo,biasa,5,0,2.716.875,2026-04-21 15:33:24,,,2.716.875
b58a048e-80e3-4a34-baa1-e30bcc0d6e52,Wafik Sholeh,https://play-lh.googleusercontent.com/a/ACg8ocJyR8GDyQxccVAySAPpXCv3yx6CEXS2FRnLQ03gXU1LTitRjA=mo,update ya makin lama jelek parah,1,0,2.715.1115,2026-04-21 15:32:58,,,2.715.1115
8b0508f0-2e0d-4996-b34b-ba2cbaa53bb5,Haikal Halindra,https://play-lh.googleusercontent.com/a/ACg8ocIkQL-ycEBQTfDbNkRyRd5Bai7EWFVIlN1JYxW9Atwxki9VrA=mo,permainan sangat bagus tapi sudah di apdate ada tank baru tapi musuh nya itu terus,5,0,,2026-04-21 15:32:58,,,
4014b5ad-1c3a-4163-b805-60e6f5403625,faeyza,https://play-lh.googleusercontent.com/a/ACg8ocIeRrJfIg0F5337THxhjz8GcqCIQKOiNCBo8pUs-KxCnw_1JA=mo,Roblox itu seru banget terus juga bisa Mabar sama teman,5,0,2.717.985,2026-04-21 15:32:15,,,2.717.985
fc0aa2b6-bf43-4031-8b48-0d076d388fc4,Ghassan Two,https://play-lh.googleusercontent.com/a/ACg8ocJ3qeUHBpux61hIWAsnfymoPBrjqGoz42_pwMV6yWWZ4nNPSQ=mo,BALIKKAN CHAT LAGI ROBLOX!!,1,0,,2026-04-21 15:31:40,,,
43bd9da4-79bd-4d04-b1e5-872f38b3114c,Celsi septia Devi,https://play-lh.googleusercontent.com/a/ACg8ocLCDe4poyENV3bU6bSKTUcrvlTeSCbtVs86QRwjCkrE8mDDtQ=mo,game nya sangat sangat bagus aku kasih reting 5 ya,5,0,2.715.1115,2026-04-21 15:28:31,,,2.715.1115
af627b9c-8e71-4abb-b6e1-8188ac969552,Udin Din,https://play-lh.googleusercontent.com/a/ACg8ocJtNiseHnuynrqcyTuHn8CKAWkQXPydMdBlmBHzdedHS_myzA=mo,"game nya asik banget aku suka game ini,tapi layarnya patah patah",5,0,,2026-04-21 15:28:18,,,
3ebff051-9fd8-4e80-8338-1f50941d3acf,Muhammad Arjuna Pratama,https://play-lh.googleusercontent.com/a-/ALV-UjWbC73v1DiBbFES0xbshqN3c_GMkeSrnL5pRgfJ39nCGiOD2Qqa,Keren banget bisa join gema teman bisa Mabar juga sama kakak saya dan Adek saya bisa main parkor dan brokhefen 🏠 RP KALU BOSAN MAIN GAME LAIN BERUAN INSTAL ROBLOX BISA MAIN SAMA ORANG ONLLAI AYO INSTAL SEKARANGGG dari Muhammad arjuna ok INSTAL ROBLOX ok ok,5,0,2.717.985,2026-04-21 15:28:18,,,2.717.985
b0b55534-5a9b-447d-b403-20acb5311191,Deo Donatus,https://play-lh.googleusercontent.com/a/ACg8ocLG6X-MB5E8DNqDp9pPcEq2DVvqj20IPiDBPxJH29RUHJsQ0Q=mo,good,5,0,2.715.1115,2026-04-21 15:28:10,,,2.715.1115
6710e1bd-d60f-4c81-ab8e-3d8116724990,Jarwo Gunarto,https://play-lh.googleusercontent.com/a-/ALV-UjUyrz1Kvsjp2eqC_6Uw-IPKfzbrMoZbbeSl2e24tPIPDOBhqSw,bagus,5,0,,2026-04-21 15:27:26,,,
da9402ff-5874-459d-9b78-7e794ac9e99e,Selvi Nurdiyanti,https://play-lh.googleusercontent.com/a/ACg8ocJAU1A01DenoEZGzYfh1d_BHnrvdizicUS7DUcO1nVTfSK7Pg=mo,mantap gw suka banget coy apa lagi abang gw juga main,5,0,2.717.985,2026-04-21 15:26:54,,,2.717.985
a0d881e8-fca5-4b09-9b6d-f88801129169,Amma Rachma Muawana,https://play-lh.googleusercontent.com/a-/ALV-UjVbh6FMG2SKjfUbW93_TZBmtrNtu4Uj0PuYVtagSsB2GW2PnfY,ini gamenya sangat bagus walapun ada aturan sih tapi gapapa itu sangat bgus sekali,5,0,2.688.862,2026-04-21 15:26:03,,,2.688.862
140528c8-fe71-4623-9794-2a4fce516721,Hanifa Nurahayu,https://play-lh.googleusercontent.com/a/ACg8ocL7_bkp_tV-3vZuIj3COZQLBA8rTTQCRyOVi80wHnJrvtRpkg=mo,Bagus,5,0,2.715.1115,2026-04-21 15:25:43,,,2.715.1115
59ae7d72-8b4f-4898-b329-4936f3b49a3d,Dean Priatna,https://play-lh.googleusercontent.com/a/ACg8ocL2MDKIQngwUi9wMujsli3RL_Nxmr52z8QBrj7YR_kkikayoQ=mo,wow bagus banget jir dan bisa sama temenmabar juga,5,0,,2026-04-21 15:25:13,,,
48502362-77f1-4bb6-a237-0f9215ef83e7,Nur Hayati,https://play-lh.googleusercontent.com/a/ACg8ocJuPyofAfDuANIjEZVDeHXuukt45cCx3R7wuJZZl7HJUEiepg=mo,bagus bisa Mabar,5,0,2.715.1115,2026-04-21 15:25:00,,,2.715.1115
2a93eff4-09f5-4982-a61e-a5138ed88e0e,Ikan Hiu,https://play-lh.googleusercontent.com/a/ACg8ocJEL03R4_gXHvXN2OSpt0H22jUp1rcyr1qfnPRtExCvCa7EHA=mo,game yang bagus tiba tiba aku dapat robux gratis ini game bagus banget kalian harus main juga ya nanti dapat robux gratis kayak aku 100 robux,5,0,2.717.985,2026-04-21 15:24:24,,,2.717.985
c1081e28-39fc-4f20-ad27-bab95fa293c5,Tiara Valeshka,https://play-lh.googleusercontent.com/a/ACg8ocK0TmtcpnUN_poBFfKXQRcQWJOJ_ONkQpwiwK2gDYpFrW4mxQ=mo,banyak aturannya anjir,3,0,,2026-04-21 15:23:06,,,
92d8eada-8c93-464b-aa23-a51e3a9c0ef8,Nor Azizah,https://play-lh.googleusercontent.com/a/ACg8ocLkhv7gPYxVWFZzciD5K61q9VkTPxMhl0DFDSaH81cjJFRuhA=mo,bagus sekali,5,0,,2026-04-21 15:22:21,,,
09f19fe1-11cc-4fa0-8c3a-8f509379f505,adhimas fathan,https://play-lh.googleusercontent.com/a/ACg8ocJ_MG8_kDccMMTG5cqx3K-JPVcPGGE8eyj6cvD5h9oFtimi=mo,you delete chat!,1,0,,2026-04-21 15:21:18,,,
ba035b0c-20d4-4cf8-b47f-f3c9d79b4136,Wahda User,https://play-lh.googleusercontent.com/a/ACg8ocIU2SUmImvZ2L23Y3Lt8pB6kc7aYLKg3bVyTrcoynNgMTa3BA=mo,sangat² bagus👍👍👍👍👍👍👍👍,5,0,2.715.1115,2026-04-21 15:21:06,,,2.715.1115
e20f3ccf-ce19-4455-add1-86548330d044,Infinik Infinik,https://play-lh.googleusercontent.com/a/ACg8ocKgsJpFaccadh36ZVO5yBgsPvaKuVtV2jE9LYz-6UnjETC5bQ=mo,"di sini map nya banyak bgt dan aku sukaaaa bgttt✨🤭, tapi.. udah gak bisa chat , jadi agak susah mabar sama temen",4,0,2.714.1096,2026-04-21 15:20:42,,,2.714.1096
272b2772-b4b7-47ce-af1b-d4511f031248,idan Suka epep,https://play-lh.googleusercontent.com/a-/ALV-UjX_ATp4RIHAqn8qkxLUExjH3c3PK0Jn9g_bq8bLnC0xjC0kG6E,game ini sangat bagus untuk didownload dan dijadikan bahan gooninh,5,0,2.703.1353,2026-04-21 15:19:55,,,2.703.1353
af242a14-b400-43f8-a85b-5c6a61e0ce98,Zdaki Rotul,https://play-lh.googleusercontent.com/a/ACg8ocJ8nEYrrwTB3rSuc9jVP1JS7oi0mZbrbgQkrkBsDFsNysa-rg=mo,"gasuka peraturan barunya gabisa ngobrol sama yg lebih muda atau tua,jadi biasanya kayak jadi bi*u",3,0,2.717.985,2026-04-21 15:19:36,,,2.717.985
2b41f136-4cea-4e65-ab2b-06c4e4eef475,Aabid Tauhid,https://play-lh.googleusercontent.com/a/ACg8ocIV4SFS8IQoX7wd6eMwxp_qp7vIPRSIlEci8Vei6uvHpZX7aQ=mo,BRING BACK CHAT,1,0,2.717.985,2026-04-21 15:18:34,,,2.717.985
363f4543-7bc7-4193-9394-a63bd2039c92,Made RESPA Egi agastya,https://play-lh.googleusercontent.com/a/ACg8ocKRyqulsQfvEOGNjuleXIz9kmc_BZZDsz6XWvbjorK8iLFJYg=mo,game kontol,1,0,2.703.1353,2026-04-21 15:18:28,,,2.703.1353
2a04b5dd-fe2e-4073-af39-aa8379b636ea,Bryan Aji,https://play-lh.googleusercontent.com/a/ACg8ocIeO-yg1Hfou0JCTQqTbbKpKOqwUCz047EjtcMPzq7EgO0qPA=mo,"Aku di perlakukan backshot terus sama orang lain di game mana pun, saya tidak merasa nyaman dan trauma jadi saya memutuskan untuk uninstall dari Roblox karena saya tidak suka backshot, tambahan moderasi roblox itu sangat buruk dan saya tidak bercanda pun.",1,0,2.717.985,2026-04-21 15:17:31,,,2.717.985
981f356e-ff16-4274-b984-1b94f8ef6f8f,Aan ayu Liyatna,https://play-lh.googleusercontent.com/a/ACg8ocKR9FT0_4lOxmst1GGfZi6coMme4WQIqoknXl4Oj5E5TSFgEg=mo,I really like this game because it's fun but I'm sorry please return it chat feature,5,0,2.715.1115,2026-04-21 15:17:21,,,2.715.1115
e269cfef-829b-4ddc-842b-fe39aedc3fe6,Lura Rafida,https://play-lh.googleusercontent.com/a/ACg8ocLVtVUkDSejQR0OSCF8I3Z6ufGs0h2g3rlaey8JgcAyq2GdsA=mo,seru! semoga lebih cepat menanggapi orang yg ngecheat,5,0,2.717.985,2026-04-21 15:17:17,,,2.717.985
4da094ff-094a-404a-814f-37989e9e8dc8,Rusmi Ati,https://play-lh.googleusercontent.com/a/ACg8ocIasJn-5D5UgufousUtR4h9q6fVqtL1AHbBKbgCGwvHssfZTw=mo,game nya seru tapi ada yang ngeleg gitu di map nya,5,0,2.717.985,2026-04-21 15:17:06,,,2.717.985
900ed154-3f91-4151-a8d7-8c1e070dc1c4,Away Away,https://play-lh.googleusercontent.com/a/ACg8ocI4319bR-ZQ85t8PGEIdffEPjGim3fOAvn6wriQYXH9f2Ha7A=mo,menurut saya game ini seru dan banyak belajar dari situ saya banyak belajar tentang sehari harinya main game ini untuk pembuatan nya saya mau terima kasih sekali dengan game ini karna banyak ilmu untuk di ketahui,5,0,2.717.985,2026-04-21 15:16:37,,,2.717.985
7cf9839c-e28c-43dc-990d-cbb7bd06d449,Yeni Ayu,https://play-lh.googleusercontent.com/a-/ALV-UjXAjc3kCMRMfgUX8E6QsudXRMJAIGYtJO7cV_eVb_Jyu8cGo7Ep,"Aku kasih bintang 3 karna gabisa: gabisa chat, klasik face diganti jadi mekap😅",3,0,2.717.985,2026-04-21 15:16:33,,,2.717.985
befd257d-0646-4b73-a557-d23f34b4d6ab,rizqia salsabila,https://play-lh.googleusercontent.com/a-/ALV-UjWRcbFVGcqIoxqaKM96SFmDaP2eD8_-giSk-FKYUTVzKncHXy0,dunno.. not that lagging but lag..,3,0,2.716.875,2026-04-21 15:16:30,,,2.716.875
3e3d29c2-87b8-4b0c-931f-813147d8aad6,Budi Bowo,https://play-lh.googleusercontent.com/a/ACg8ocJLSYSKmo9psd-Edgw9bjS74_Rmc2GTQkdqMiLdkyPP20KQMA=mo,bagus mines nya gk bisa pake mobilador,5,0,2.717.985,2026-04-21 15:15:55,,,2.717.985
0835c9db-b111-4541-867f-8ce6af726094,rizqi basten,https://play-lh.googleusercontent.com/a/ACg8ocJrg8-OVTcTFbadA2Qa5YyzXnCUkWioRuazoeZT78zBm3dFtw=mo,game nya bagus dan juga menarik,5,0,,2026-04-21 15:15:20,,,
d9f8ec79-6f51-4df3-a653-a72f564f8e08,Lulu Oke,https://play-lh.googleusercontent.com/a/ACg8ocIj6PxS5Pud-nyuaVYk2nu7vKbZ4o--TDjQazpUVcruT-k75w=mo,enak bangett bisa jelajahi,5,0,2.715.1115,2026-04-21 15:14:48,,,2.715.1115
da1ca41f-4d05-4c2d-a606-da33ae92b689,Flowry Chamilla,https://play-lh.googleusercontent.com/a-/ALV-UjWKyME6Fa5LHVvFBJgeLRBpftLjK61QFasaj14y2l4Ys46bHCV_,Dude,5,1,,2026-04-21 15:14:10,,,
14ec5c51-a068-408c-85ff-faec0a12e905,Arif_putra D,https://play-lh.googleusercontent.com/a-/ALV-UjUTo2O-QKZaCvMu6e-DY6XRemkBAWFgwuBn9btxuCZ2j_-0Va-w,"halo roblox, game nya lumayan seru, tapi ada bagian yang ngga seru nya, ketika ada penghapusan item, kenapa robux nya ngga pernah kembali seperti semula, minimal kalo mau menghapus item atau penghapusan avatar minimal robux nya di balikin lagi.",2,0,,2026-04-21 15:14:00,,,
e2fb93df-a5d4-4826-8f00-dc357510245a,rama irsal,https://play-lh.googleusercontent.com/a-/ALV-UjX-LdslX21ofBP5SPmHxOAQWvBj5twLQkd4Ity8IZoU6KebSpRc,lebih baik tidak perlu di update agar lebih mudah untuk bermain dan tidak perlu menghabiskan paket data,4,0,2.715.1115,2026-04-21 15:12:49,,,2.715.1115
52f13d48-e02d-494c-aae6-9034ba2bd726,Rohimah Bani,https://play-lh.googleusercontent.com/a-/ALV-UjW6qdm0Pos8bGQbNyieOQQInEaPTZ3tqa6HBS9zTaMJD0SyLBqx,"Hay, Roblox aku Sudh main Roblox dari 2023 sampai sekarang TPI ko aku buka Roblox tidk bisa ya? aku sudh banyak top up robux bnyk dan aku pake akun guest gimana Roblox jdi aku harus menghapus ny?? terima kasih🙏",3,0,2.717.985,2026-04-21 15:12:41,,,2.717.985
552c78d1-2722-40af-8899-ba49f7ae3da8,Sifa Natasya,https://play-lh.googleusercontent.com/a/ACg8ocJpEjTwkVJgIpTPJD1XwVDyYp5A-VBrlGzebgHpUqsxgWV7Ow=mo,gak bisa di update,1,0,2.714.1091,2026-04-21 15:12:26,,,2.714.1091
4e6b391f-0662-4dcb-ba85-df9a2a2bf26d,Muhammad Syaeful Romdan,https://play-lh.googleusercontent.com/a/ACg8ocJV3MPy4y9f5tFA9mgni7YtNB_HLRCe-kyBWkX-JMqbnv8wOA=mo,kok di update malah di suruh update lagi?,2,0,2.715.1115,2026-04-21 15:12:24,,,2.715.1115
0f908f6f-b914-4296-80c1-02c1cedce675,Infinix Jaroo,https://play-lh.googleusercontent.com/a/ACg8ocJOdRjJxn_HTn0B9n7YswKsWBO8O_Sz3GRbJLxww4ujl4ph4Q=mo,semua orang harus main roblox,5,0,2.711.876,2026-04-21 15:11:59,,,2.711.876
08050246-12b5-43ed-881b-d978c27d3d56,reyhan dzakiandra,https://play-lh.googleusercontent.com/a-/ALV-UjXqmSCYLJjixbx5N1NXQEamceredxO0ylIyW2RDJ2vnoo_GATE,updatenya burik yang scan wajah sama yang paling menjijikkan adalah fitur makeup,1,0,,2026-04-21 15:11:42,,,
def32899-898c-460b-91c3-0976ea0fae91,Esmeralda Aya,https://play-lh.googleusercontent.com/a-/ALV-UjUUFGvPgQXbGzpxzdfR7F5-9MyKT9febQlXC7I-9ZeoBBsp68M,grafik nya tidak bagus,3,0,2.717.985,2026-04-21 15:11:30,,,2.717.985
64736da1-9b26-4ea0-b6a9-7398c9c87d2f,muhammad zulfan,https://play-lh.googleusercontent.com/a/ACg8ocIXTRgwOTu1X-Oj5qqfew00ri9T3dSxD0kRc-YXlK8e5fL1Fg=mo,makin sini makin aneh game seru jaringan aman tpi gak bisa masjk tolong dong dev perbaiki jaringan padahal main yang lain lancar udh berapa lama ini komplen ku gak di anggap,1,0,2.717.985,2026-04-21 15:11:21,,,2.717.985
e69a83d9-6a9a-4566-a6ee-88e417b259db,YAN TAUFIK HS,https://play-lh.googleusercontent.com/a-/ALV-UjVs8_Deovdfwu2V9BZGrMTjQIhdOcbjD0pjEDJg_Dbl_11VTSeN,bagi saya baguslah game nya tapi kembalikan chat dan classic face itu saja yang saya mau paham kicau kicau kicau mania,5,0,2.717.985,2026-04-21 15:10:31,,,2.717.985
cfc7cb8d-0d4e-4a1a-bf00-5a1c8b85bd15,Dewi Yuliana,https://play-lh.googleusercontent.com/a/ACg8ocInPXxpjRrYzAHcCrvSzTLhvU9H14ifWKF8S7lr6YjdCcR_-A=mo,game bagus dan lengkap aku suka banget,5,0,2.717.985,2026-04-21 15:10:27,,,2.717.985
c092929e-aacd-467a-ba9a-fef23d35fed4,Ainun na Na,https://play-lh.googleusercontent.com/a/ACg8ocJZX1DELJTd7_hXLh9vaAzT0KCjF67jQITcVbCabW1u1kMAgw=mo,ok,5,0,,2026-04-21 15:10:08,,,
60e6dcdf-1d3f-4db7-add0-676675260755,Swaranwar Kudus,https://play-lh.googleusercontent.com/a/ACg8ocLWTvNT4T-mevPUjZGPfbmFVNasAaNzfEgnsnhanWlK1uEl6Q=mo,jelek euy hrus upgrade juga,2,1,2.715.1115,2026-04-21 15:09:54,,,2.715.1115
a6c73be7-a039-4ec2-83f3-ecac3cbeb63f,Nabila Angraeni,https://play-lh.googleusercontent.com/a/ACg8ocJerVI_knP3VKv7MOQyiOFABI_bjDQoyi-qdVVr0ByB9MIFUQ=mo,kekurangan cuman di game pass doang warna putih pas mau di buat game pass nya layar nya semua putih,4,0,2.714.1091,2026-04-21 15:09:07,,,2.714.1091
dd220d36-567e-4263-ad5f-d3bd2e638f8e,Alindyah,https://play-lh.googleusercontent.com/a/ACg8ocLZFPbRr3N8rOZTlYy98jjyqW6Cca08g6vn6X9Z0Io2TpGzlQ=mo,"banyak org yg aku kangenin disini dan aku syg di game in dan karna game in aku pny tmn bnyk,makasi roblox krna ud ad💞",4,0,2.717.985,2026-04-21 15:08:31,,,2.717.985
b7a6b18c-ebba-4348-b4b5-f58e5322ed1b,Ira Sulistiyani,https://play-lh.googleusercontent.com/a/ACg8ocK_gKl1LX6EMIvoSxLSZsdd-iQvmuz-DXVd4cGftmRSRGqM1A=mo,keren karna banyak map nya,5,0,2.715.1115,2026-04-21 15:08:19,,,2.715.1115
2edcfec8-5ac2-42e3-9f51-e9e905dd97d8,Aqilla Azzahra,https://play-lh.googleusercontent.com/a/ACg8ocKE8dq_GwjkJFp5_DARnjQ2UNStejA5aHmt65YXmTG94PA2wlo=mo,"plis kembalikan Roblox yg dulu, akun aku di ban tanpa sebab terus g bisa chat sebenernya buat apa sih hapus chat dan classic face? nanti jg ujung ujungnya player pada protes dll, plis balikin chat dan classic face🙏",1,4,2.715.1115,2026-04-21 15:08:14,,,2.715.1115
0eb1ade8-1992-46b6-a634-62617cc82203,Kevin Wijaya,https://play-lh.googleusercontent.com/a/ACg8ocJIqHXD-Ac5OcV7FJPU-ZBeQz9_0cBwPSoWiBPso_sl9V68Qw=mo,game nya lumayan sih ada banyak update terbaru dan game nya seru banget,5,0,2.717.985,2026-04-21 15:08:13,,,2.717.985
332e6ede-aac7-47be-8ecf-c9e98bdfaec4,neng ade mariana,https://play-lh.googleusercontent.com/a-/ALV-UjVEB79C-op3r3r9OaJoyzJKJmsMmGo_4lILidwlyvJj0FfeYEwM,Good.,5,0,2.715.1115,2026-04-21 15:08:02,,,2.715.1115
c999c83e-bc24-4695-8961-7d2f4173bbca,Chayrani Siti Lulu,https://play-lh.googleusercontent.com/a/ACg8ocILNH8rb-gmXZ43hzffMKuwaFGeU9Ga0vNdhfhLbzUBQIqe9g=mo,jngan updet terus nanti ku bilang dan viralkan roblox tidak berguna kalau di updet terus,4,0,2.715.1115,2026-04-21 15:07:05,,,2.715.1115
f89119f9-e203-48fb-b744-dae79ce53756,Zalwa Rahmatul Inayyah,https://play-lh.googleusercontent.com/a/ACg8ocJN4Z__G2oKYwaBUUiNE9LAczVpaCF4e5qv7wCQj1Sy7DCQlw=mo,uyyyyyyyyyy gameeeee iniiiiiiii seruuuuuuuu bangettttttttt,5,0,,2026-04-21 15:06:49,,,
9b2c84b7-10be-4ed0-9f5c-81895ee4ef52,Ahmad Gibran,https://play-lh.googleusercontent.com/a-/ALV-UjVOMkiaI0jHX_j7qA0X5flmoTHPpbxJfnBiRbXQ8k3eq4_UYFE,roblox kembali kan cheat atau ku rodok😝 nanti ni bintang ku kasi lima,4,0,2.717.985,2026-04-21 15:05:54,,,2.717.985
d4cd9629-499c-4d81-bcde-54f6da1fa8c0,Karmin Karmin,https://play-lh.googleusercontent.com/a/ACg8ocI4SSjsWcsP-BHcg57hDTbkC7QLlN_RPqSwq3mmmkmtoluZvA=mo,tolong ya kalo update itu yang jelas dan kenapa setiap update bikin memori penuh,1,0,2.714.1096,2026-04-21 15:05:04,,,2.714.1096
b99b379e-8a01-4a5c-92fd-c704275c6c99,agus usman,https://play-lh.googleusercontent.com/a-/ALV-UjWn7lTUIMULD95AiWai9Oea8Y_Ror9x0FW_hUPbdWIihRGQ9z8,"game nya cukup bgs bisa berkebun,memancing dll tpi tolong dong perbaiki bug bug yg masih ad itu aj sih",5,0,2.717.985,2026-04-21 15:04:33,,,2.717.985
768fedf0-a4e6-4fe2-94c5-0a18c2d6c3a9,Zahra Saputri,https://play-lh.googleusercontent.com/a/ACg8ocJSluantME1SaG4gJu0vD8lMsvsB5MWo0lAALOnSXRTWZuoLA=mo,permanainannya enak banyak game tpi sayangnya ngk dapat robux gratis,5,0,2.715.1115,2026-04-21 15:04:23,,,2.715.1115
cdf92561-8019-4e92-a64f-c4d70d2fa7d0,Aulia Zahra,https://play-lh.googleusercontent.com/a/ACg8ocKxBQDbq2lFWOWChYYL9zlsDjV1N1sbwSKk4hiGLA60fX5Kaw=mo,permainannya tu seru tapi kurangin update nya Cok habis lama lama paket ku untuk update kalok update blh tp 1 atau 2 kali aj satu tahun sekali lah ini setahun udh lebih 200 lebih update ny,2,0,2.714.1091,2026-04-21 15:03:57,,,2.714.1091
d31b8d3e-f30d-4822-9e8e-ef0c1e21e5f6,Putri Raesintya,https://play-lh.googleusercontent.com/a/ACg8ocLcZ9YjuhMk6lQTu68e09itAKYFgcOhYrm3okQKZgJxxhGt8A=mo,"sekarang mah banyak bug sama lag nya ah, LG asik main malah ngebug, sinyal lancar bagus tapi lag terus",1,0,2.717.985,2026-04-21 15:03:32,,,2.717.985
7f98d3e3-2871-454c-8999-2c65ce307270,Maryono,https://play-lh.googleusercontent.com/a/ACg8ocLQr0HPqdJoDr1HRmZbIleqkYMm331oAfEubQUEaahrczYHAQ=mo,game nya setelah di update kurang bagus padahal dulu itu bagus bgt tapi malahan sekarang kurang memuaskan,3,0,,2026-04-21 15:03:13,,,
0e48d109-d24b-4ece-aa25-2ea51a87854e,Zedd Sumarna,https://play-lh.googleusercontent.com/a/ACg8ocI1RFuFOMPRctAooOh_K-jajFPnz884Ro4-ciA03IT6bE0wxw=mo,ngelag padahal sinyalnya bagus game sampah,1,0,2.716.875,2026-04-21 15:02:29,,,2.716.875
7b75b979-c2b1-4372-a264-69ae50443ead,Nadia _piezs,https://play-lh.googleusercontent.com/a-/ALV-UjW5T0PS_1mkr_4BLj9WiQOPjiDwlEmFf95qhfuJK3dzBITeCyM,Bagus tapi chat nyaaa...,5,0,2.715.1115,2026-04-21 15:02:06,,,2.715.1115
306ffd2c-90f2-4f4f-bd69-a1cd8d9e9241,Chella Kaunang,https://play-lh.googleusercontent.com/a/ACg8ocLAJeyzovrctwZ-c_md6YZkzVQLVr4Xt0zV2bOLDduJ92ES7Q=mo,seruuu bangettt,5,0,,2026-04-21 15:02:04,,,
4ebf8f69-e819-4ed5-ab8d-a11d87d901f4,Wang Lie,https://play-lh.googleusercontent.com/a/ACg8ocL4lsAKgGrO8hYf3i3TqkHTPHqWWog-rQx8ggaz1-RFncd4_g=mo,jelek gamenya makin banyak malahan hacker di ban aja lama apa lagi hacker bisa keluar langsung supaya tidak kena ban update makin aneh banyak aturan gajelas,1,0,2.717.985,2026-04-21 15:01:37,,,2.717.985
308fdc82-1a89-49be-aeb9-e6d7a8d222fa,Mie Irengsangat,https://play-lh.googleusercontent.com/a/ACg8ocJ98JGzM3k7sv7Txa_FEt0yHaBfsDRa3nYWv3B4xdtxAvDuKQ=mo,BALIKIN CHAT SAMA CLASIC FACE DONGO,1,0,,2026-04-21 15:00:28,,,
5d7352c5-f385-46f4-97bb-996ee8ff8f50,Nadifa arkan,https://play-lh.googleusercontent.com/a/ACg8ocJ5hJtE6QMbogCs0us--YRiKWsHqYCXM6TyFhiLoZ2RvkzgrA=mo,bagus tapi harus di bayar 🙏,4,0,,2026-04-21 14:59:41,,,
5becec58-f8aa-40f9-9c3d-ccc95e2f9fa3,Naurah NRJ,https://play-lh.googleusercontent.com/a-/ALV-UjWVF4dr4JqPmqcv6AxC7dYrMceYcq28U1KzJWVJH5u1luQFbD3t,"Jujur, ni game makin update makin aneh.. mulai dari pembatasan umur, vitur makeup, sampe hampir semua 3D face gaada, mana tambah mahal item nya. mana di suruh pake ktp lagi.. mana mau bukan chat harus izin ke orang tua. pake muka gabisa.. padahal umur gwe masih sepantaran anak SMA.",2,0,2.717.985,2026-04-21 14:59:26,,,2.717.985
0c413250-b6ad-43f1-9bd5-74b5e4d28637,Yeni Oktavia,https://play-lh.googleusercontent.com/a-/ALV-UjWF8M9_CN5_JxVRRJDuhKKnH6V0FBnHtrdok-z3CjR1htbSF9Ne,padahal aku udah main lama banget bahkan top up robux sampe 100rb tapi kenapa fitur chat dihapus classic face diganti dinamis face 😠😠 (btw ini akun mamy ku),5,0,2.672.1708,2026-04-21 14:58:39,,,2.672.1708
2614694f-74fe-47c8-a1dd-44c7a3df2612,Rusma Wati,https://play-lh.googleusercontent.com/a/ACg8ocIM3g6odV3jV8RoTJZOREnJhieT6TMUyyKKlJYws6Sjznan3A=mo,bagus tapi permainan nya ganti dong,5,0,2.717.985,2026-04-21 14:58:24,,,2.717.985
d7eb0b44-036b-4b30-8e1c-4f3c795bea5d,Aah Robiyatul muharomah,https://play-lh.googleusercontent.com/a-/ALV-UjW5Y-wBvMQmHwyI0YFuzBfudEomXJPYy7kYO6nTA7-Q2ToowPCQ,"Please be wiser, I bought an avatar but it was often deleted by Roblox without any Robux refund, is this a scam?",1,0,2.715.1115,2026-04-21 14:57:58,,,2.715.1115
855a7be0-8bbd-4989-a86a-027dec15e23a,Nawang Rian,https://play-lh.googleusercontent.com/a/ACg8ocIAnu-N9uEHMcOXgYQWrll2Yfl6rkKTWo-6KdNpseV7hW18mg=mo,SERUUUU😽⭐⭐!! plisss ini seruu bangetttttt wehhhhh ga boong bisa edit ava sepuas nya pake robuxxx walaupun haruss bayarrr hehehehe ⭐⭐⭐⭐⭐,5,0,,2026-04-21 14:57:35,,,
45926796-bb2b-4393-859e-c0f61483d561,Sri Yatno,https://play-lh.googleusercontent.com/a/ACg8ocJqHyIxvPxlrWdyklyl7GvUg3Q7M70OCXVUmLUEgXe28ZUhVw=mo,bagus tapi minus nya gak bisa chat 🤕,1,0,2.716.875,2026-04-21 14:57:13,,,2.716.875
aec87d16-5e10-4e19-a4c7-6617381f9a9b,alinaa,https://play-lh.googleusercontent.com/a-/ALV-UjVWYM9iMfgjdHIoMv1BlBdHSkWEv8P6K3A1acKU8NZ7cc5oiydp,Game nya sangat seru tapi kadang Kalou udah main roblox tapi ga bisa masuk lagi😭😭,5,0,2.715.1115,2026-04-21 14:57:12,,,2.715.1115
4035f6be-08f9-4c78-953c-988cb84db20a,Kadek Wini,https://play-lh.googleusercontent.com/a/ACg8ocJOtA98FF54MICgDBQmeMEZa_R5S6IbYFuIadOEjVaEIInkOw=mo,bagus bagek,5,0,2.715.1115,2026-04-21 14:56:51,,,2.715.1115
356e9da7-1fc6-4696-a3fa-3d9a2aba498b,Glen Paska,https://play-lh.googleusercontent.com/a/ACg8ocIyOyoiqe_p6k-IHFvh1uAwjvIGq69_j6474QRRHloZ6Ol0DQ=mo,itu keren tapi banyak update,5,0,2.717.985,2026-04-21 14:56:03,,,2.717.985
ce60c3a9-a531-4956-bb65-9b9314d5c161,khasna dwi,https://play-lh.googleusercontent.com/a/ACg8ocKvz6GWdhrdVc98vvOKQXYJuKerkEJmsyPxzAIiM0UD8H3VjA=mo,"kok Roblox sekarang gini yh?, kasian tau org"" yg beli body dls. itu robux beli pke uang, mikirrr itu uang bukan daun, KLO mau hapus item ya kembaliin robuxnya lah, ga merasa rugi,,,,, trs Roblox kenapa yh kok pas jaringan bagus mlh ngelag? Roblox seru sih seru, tp knp jdi gini ya? apalagi ada batasan chat jga,,,",3,0,2.715.1115,2026-04-21 14:55:50,,,2.715.1115
1e8c3f85-5fa6-4941-8168-1505c31cd527,Sky Kk,https://play-lh.googleusercontent.com/a/ACg8ocLchEi3RAtKGG6X7KHUe6CvTARaMUld3LHEcxejhJfi6sKrqQ=mo,game nya seru tapi kalo upgrade gak bisa loh cikk,3,0,2.715.1115,2026-04-21 14:55:25,,,2.715.1115
3ece45ba-6db7-445b-a1cc-ac11f3491ce2,Zahraa,https://play-lh.googleusercontent.com/a/ACg8ocI8_0QDRQgYwHs-mPE3iznpoGjzAFir55U5Wan3x93HD7xZNg=mo,bagus bgtttt grafik nya aku suka dan serem nya nampol bgt🩷🫰,5,0,2.715.1115,2026-04-21 14:55:04,,,2.715.1115
e5e74b82-af43-457f-b558-4d18d18294c6,Aulia Pga,https://play-lh.googleusercontent.com/a/ACg8ocLaTgV9zZshxhhvaunK5vrsk9o7zmjG3ih-SoPFUkX9DHBPSQ=mo,seru bermain roblox apalagi bisa mabar cuman minus nyaa nge upgrade ituu,5,0,2.717.985,2026-04-21 14:52:41,,,2.717.985
ec0e5171-1779-4675-9610-4c77f28c464d,Azka Aifa rhamadhan,https://play-lh.googleusercontent.com/a/ACg8ocJx-uXxtePfT_dElefq3ptn0l9UNE_3EDXFfWJaNCqAnFk-ug=mo,ini bagus namun banyak ha negatuf untuk anak,5,0,2.715.1115,2026-04-21 14:52:34,,,2.715.1115
20244c0c-a6a6-4d83-b24f-9269ecc90b57,Pengguna Google,https://play-lh.googleusercontent.com/EGemoI2NTXmTsBVtJqk8jxF9rh8ApRWfsIMQSt2uE4OcpQqbFu7f7NbTK05lx80nuSijCz7sc3a277R67g,seru,5,0,2.717.985,2026-04-21 14:52:04,,,2.717.985
9545749a-c67a-48b8-9bfa-722f7598cd5c,Otiz Imanuell,https://play-lh.googleusercontent.com/a/ACg8ocKQIlB5Dm0bvJqHuMjPC3Emb7LMmpEo0-keVqmdTXUJAo9_WA=mo,seru banget aku suka banget banggggggggghggggggat dindlot sekarang,5,0,2.716.875,2026-04-21 14:51:12,,,2.716.875
bdf69aef-a2a4-46ec-a143-d316abfc2f96,Mass Akmall,https://play-lh.googleusercontent.com/a/ACg8ocIW7MGT2x80iHYtQvCZXFoTfGzRe4touwYaUiRYcx0YW3y0lA=mo,jelek arti jelek,1,0,,2026-04-21 14:50:39,,,
c04a3e88-d340-4e18-8479-95f3402ece70,Windi tri Amanda,https://play-lh.googleusercontent.com/a/ACg8ocLsofQfj4Fy-kSgd-iSt8GZV9rt_x36OSlwdrNkOkXe5jYTsA=mo,"permainan nya seru, tapi kalo update selalu merugikan orang",3,0,2.715.1115,2026-04-21 14:49:32,,,2.715.1115
6790631a-832e-4555-9892-e9510f51ce62,Timi Melon,https://play-lh.googleusercontent.com/a/ACg8ocKOkCNjRkhS1xiR-z9GA9eHL_tfSFzJCgahtpeXxTu964TcVg=mo,game nya bagus dan berguna untuk hp Nokia saya sarankan jangan dimainin nanti hp nya ngecrash cukup terimakasih,5,2,2.715.1115,2026-04-21 14:49:26,,,2.715.1115
cde04916-1bdf-460d-8c77-73e999f91de5,Teman cerita Bailung dan boy /boye,https://play-lh.googleusercontent.com/a/ACg8ocL_VnEUSwwgig31SpeOEwtteTRbzJyb5A-4JtgTCzufwIDhHg=mo,game nya sih bagus tapi aku klo mau masuk tuh ngelek banget bisa beberapa menit plis yah klo mau masuk game roblox ini jangan dikasihnya susah ngelek banget terus sekarang udah di update malah game yang suka aku mainin jadi beda sekarang tolong yang di perbaiki,4,0,,2026-04-21 14:49:08,,,
a7925530-dead-464d-b522-dbc57a776491,Fitri Yani,https://play-lh.googleusercontent.com/a/ACg8ocKDLRzS9p9vsbfYzpbRaoypzCCYDfwnCONQ5OeJUEoh3sJZ8w=mo,bagus,5,0,2.714.1091,2026-04-21 14:48:46,,,2.714.1091
77ecafb5-ae77-4031-ae53-ee6c970c6ef0,Ifa Husna,https://play-lh.googleusercontent.com/a/ACg8ocKuUkwE9isYt0IDMtDs4pQuftfazeNsz4hURf75OZUncIt-kA=mo,"game paling seru karena banyak pilihan map aku bener2 suka dan bukan cuman buat main game ini bisa buat belajar seperti matematika selain itu gamenya bisa ajak teman main bareng pokoknya the best banget gamenya cocok buat belajar bareng teman dan main bareng teman aku rating bintang 5/5 karena udh cocok buat aku bukan cuman bermain tapi belajar seperti matematika,bahasa english juga ada yang awalnya aku nggk bisa bahasa english jadi bisa karena banyak kata2 yang menggunakan bahasa english okee🫶",5,0,,2026-04-21 14:48:36,,,
2d070a2a-6ac8-4d27-acaf-ba3409ce8788,Elsa Buana,https://play-lh.googleusercontent.com/a-/ALV-UjUNPqHRqfLKQixmniY0jLciWIoEuYFfe7VmJywj1Zil8fgb_LuQ,pls developer kembali in chat roblox kami pls soalnya aku gsbisa chat sama teman sejati😭😭,2,0,2.523.393,2026-04-21 14:48:03,,,2.523.393
b3e2920b-b32d-413a-8a16-5374dfde8ecd,Nabila Bila07,https://play-lh.googleusercontent.com/a-/ALV-UjXwDyyCe-NIbWY_fqnulLHU57d_JpEAOMC4rxz4mH78-nc5aF4,"Sebenernya seru tapi bikin kesel setiap main tower, obby",5,0,2.716.875,2026-04-21 14:47:13,,,2.716.875
7aaaea8f-78f9-49d4-a10f-06931e791a90,M Reza,https://play-lh.googleusercontent.com/a/ACg8ocIiaocc7KOn8fZl0H4Jzm_jWdYnPUSOuDq1anQvou-uAqfCUg=mo,seru,5,0,2.716.875,2026-04-21 14:46:43,,,2.716.875
a8edbf74-099e-4c06-ba69-efb1c2845ea7,Kinaya,https://play-lh.googleusercontent.com/a/ACg8ocIpZuyxtDS0edkhDlchAsLih6HcfcqwyqLPU55CvCEmGZKvGn0=mo,wehh di broheven orang pada sas,5,0,2.714.1096,2026-04-21 14:46:39,,,2.714.1096
d57251e7-b2bf-4399-876d-9b685165fd88,Rizki Haryadi,https://play-lh.googleusercontent.com/a-/ALV-UjXNsrNKeBr60f2U1zlGjSg338RjefgihQhypqkxxZee-nmfV5E,bagus bisa gak gausah pake internet,5,0,2.715.1115,2026-04-21 14:46:01,,,2.715.1115
7a2e50c7-84a0-4959-ad1d-8bbfe299a60d,Felix Alvaro,https://play-lh.googleusercontent.com/a/ACg8ocKGRXNQAFelgMVPz4rgqx5KaJYW-5yGyBInyCK2f_FI9EaTlA=mo,seru tapi pass bikin akun baru tunggu 7 days karena akun new tapi udah berminggu-minggu gk bisa aneh males jadi gk bisa main jadi akun kedua ku gk kepake sampai sekarang.,3,0,2.717.985,2026-04-21 14:45:32,,,2.717.985
03878d51-5a95-4f19-bb85-da0a2f305c89,Neng Syifa,https://play-lh.googleusercontent.com/a/ACg8ocKE1aSHToER-uj985yjfzKdWVJrTR_yHD7XZMCpLwJ8proDpw=mo,males bgt KLO hrs di update apa lagi KLO nungguin update nya lama!!,2,0,2.715.1115,2026-04-21 14:45:27,,,2.715.1115
6c6ff273-a57e-4539-9583-94168fabf63f,Servina Enjellina,https://play-lh.googleusercontent.com/a-/ALV-UjWaCXZXivYxkcvDLV-PpICOqoGqgJf7pTnNQI4R7DhANw-ZsFks,ya ya saya suka,4,0,2.716.875,2026-04-21 14:45:25,,,2.716.875
49e7b605-a22c-476e-8863-17e08ae7f081,kinorii cie,https://play-lh.googleusercontent.com/a-/ALV-UjWehJiDKEN73iqz0eM05kPAzaJCLQHfiyIgP268_xkY91auiVc,"gasuka aturan roblox yg sekarang, chat di batasi dan susah komunikasi dengan orang lain yg umurnya tdk sama",1,0,,2026-04-21 14:44:51,,,
7bde20e2-b8e8-46d7-bb27-45eafc9d9cc3,Fortuna zola tri hafidzah,https://play-lh.googleusercontent.com/a/ACg8ocIhsFBtrNqftcsjI4vTiIAQ0mlrePafulCG2ArrEnzuMiVMEQ=mo,"gamenya seru bangettt, terus bisa mabarr jugaakkk sama buat konten. mapnya banyak juga yang bagus"" menurutku ini worth it sihhhh ga bosenin pula🥳🥳",5,0,2.717.985,2026-04-21 14:44:45,,,2.717.985
10119577-e70c-4c85-a572-9c455fe02790,faisal abu rizal,https://play-lh.googleusercontent.com/a/ACg8ocJ0zsywKz9V9aUzK7AuSpaMgNHm8RM98M6hlQ-ea9DH6fW4S_w=mo,agak lag sikit,5,0,2.716.875,2026-04-21 14:44:45,,,2.716.875
f73aa4d6-a29c-49c1-9bc8-b3fa2415c946,Ganda Eko wardana,https://play-lh.googleusercontent.com/a/ACg8ocKEztolY74MejEYSGTQpR-LueRz0jxooY5-LBztE8xKSTUFYw=mo,karena roblox itu keren dan seru,5,0,2.706.750,2026-04-21 14:44:28,,,2.706.750
b783274a-c092-448b-a790-f7ad790c8fff,Afiyah Nasya,https://play-lh.googleusercontent.com/a/ACg8ocIkLbDQwlh4C0ugu9UqNBWOmOUU9K6zlCpJ81U-H9xEqdKcmw=mo,gamenya seru pollllll,5,0,,2026-04-21 14:43:57,,,
51abb66b-d04a-41aa-8ede-b02936b6adef,Qianzy Romeesa,https://play-lh.googleusercontent.com/a/ACg8ocL8zTDNVlTVDjdL_lmUXysT2q0cCQ7YWAyghPLASQODNtHh3w=mo,seru banget bisa main roblox karena ada afa gratis i like Roblox ❤❤,5,0,2.715.1115,2026-04-21 14:42:43,,,2.715.1115
c432f005-0260-4a88-a8df-69fe44850ef0,Fahrul Rozi,https://play-lh.googleusercontent.com/a/ACg8ocLeNRSn0R8HcnuoeBoJqxqe-4DjCNB4smRaVKieLeNxuKudOg=mo,game ini sangat bagus,5,0,2.715.1115,2026-04-21 14:42:25,,,2.715.1115
8818102a-d2f3-4f0c-a0ff-21408967396c,Denis syahh,https://play-lh.googleusercontent.com/a/ACg8ocIB7yx26_Hhko47FM1uQkDdK900fc1t6Zet6zTj9GNC2JgoVw=mo,ini sangat bagus tapi ini juga ada batasan untuk anak anak jadi kurang seru,4,0,,2026-04-21 14:42:17,,,
f2253191-35a1-4b04-ae68-1781cdc1705e,aqila cantik,https://play-lh.googleusercontent.com/a/ACg8ocLbbWKDgBbpKlv0Om4LeVJG6HrdmVX_XgoqXkDoNOLKXf4F7g=mo,Seru di Mainin di Tab 🙀😻,5,0,2.715.1115,2026-04-21 14:41:47,,,2.715.1115
b80d2bbc-b975-4a21-81f1-dca348745468,atlantikmihome mihome,https://play-lh.googleusercontent.com/a/ACg8ocJ5hIilDd5CRXY-HnDh5XYOwvFaGDIMZwj5CSpwk8vpOnss=mo,Sukaaaa tapi akhir² ini lqgi jarang main soalnya lagi ujian,5,0,2.715.1115,2026-04-21 14:41:36,,,2.715.1115
20580ab6-d18a-41d0-a49c-25309aa4ecfe,Muhammad Judin,https://play-lh.googleusercontent.com/a-/ALV-UjUAg5DsMMewH0695Rm53EomVOtp97rYu0t_cmRTvS7BTYbL7G9t,game seru banget setiap hari,5,0,2.717.985,2026-04-21 14:40:54,,,2.717.985
c3d48f8f-90fa-4e32-a052-764a0ef35f1d,Bogo Bogi,https://play-lh.googleusercontent.com/a/ACg8ocIYbA9nGNIpMkchNiWESGy8dwcnEHvrxUTSMwCmfu6vMjKLHg=mo,fun but the age checks and the bad updates 2 stars roblox bad now but still fun I feel like David is drunk <:(,2,0,2.715.1115,2026-04-21 14:38:00,,,2.715.1115
745cd20a-a75f-4310-97e7-2686bafa130b,mulyadi andy,https://play-lh.googleusercontent.com/a/ACg8ocKeADscrJ9tXo9jTh9xghBFisK4SdvPygXpGcVaoHPDfs3T_g=mo,bagus bgttt😃 meski sering lag anjirrr udh itu aja😙 harga robux turuninnnnn,5,0,2.715.1115,2026-04-21 14:37:23,,,2.715.1115
66d40371-43e7-448b-a932-1578177d8430,Eric Tantaruang,https://play-lh.googleusercontent.com/a/ACg8ocIQ4Wwjiudp_zQEgoHEpHIRBDk71Hcr3qjBIambwGB1eahyUw=mo,"Roblox sekarang jelek banget jir, gasukakkkk",1,0,2.711.876,2026-04-21 14:36:56,,,2.711.876
5264dbf9-6eee-4288-8e0a-1da7c4e5d527,Kuala Simpang,https://play-lh.googleusercontent.com/a/ACg8ocLcG1v32lsG4x2E1ExDFLx6G8V5rWp7ZkCgJUumaj4wE9JzOw=mo,"Roblox wth you mean ""there a missing or corrupted files, uninstall your Roblox and reinstall it in app store""? plus how am I supposed to do verification age meanwhile my parent email In my phone",2,0,2.715.1115,2026-04-21 14:36:24,,,2.715.1115
22528bcd-e71c-4769-8f0c-05f071e84b05,Sato Kazuma,https://play-lh.googleusercontent.com/a-/ALV-UjUdJtJCAcosEJLE8N3rHjIvsEkx_wKvUrB40a2COsygH_Seo9s,game ini banyak pilihan game lain nya dan bisa belajar melalui game ini game ini sangat seru,5,0,,2026-04-21 14:36:17,,,
c177dbad-da70-4e85-bb36-750012e7ca5c,Siti alwaqiyah,https://play-lh.googleusercontent.com/a/ACg8ocKFa-Lh8E1wXUinwjcVLt1PbDotsejVgqymaF41pjsty5O1ag=mo,aku kasih bintang 🌟🌟🌟🌟🌟 soalnya aku suka robloxxxxxxxxx,5,0,,2026-04-21 14:34:02,,,
d1adbea9-2fc5-41d9-a13f-157391b7ea3f,Muhammad Azzam,https://play-lh.googleusercontent.com/a-/ALV-UjVqXl67T3Wh0wS5vkN6Kx5Mw9_T4EFHXwDPpZoksQI3Ic3MmwE,ni aplikasi sampah gak tau update nya tambah ngaco yang kita butuhkan itu update yang bagus atau diam aja sekalian jangan update sistem atau apalah update bug fix aja gitu community nya yang bantu ni game populer tapi mereka kek di ludahin sama mereka dengan update baru yang gak jelas,1,0,2.715.1115,2026-04-21 14:34:00,,,2.715.1115
d2e513e8-778d-442f-9d52-33f10629b06f,Sumarni PDNK,https://play-lh.googleusercontent.com/a/ACg8ocJwbju-ybeiLjBXgAFWUui4BkkOkU5Bbo_EdxX8VKDPnVZb=mo,game ini seru banget,5,0,2.715.1115,2026-04-21 14:33:57,,,2.715.1115
c9209c04-0616-442a-873b-970e61bf24cb,Wani Hangit,https://play-lh.googleusercontent.com/a/ACg8ocJrpZZKgP8EAEh3BR4UVedmkJQuHMROzYj7-yYSseWHaFuCgg=mo,gamenya bagus mapnya banyak seru juga cuma memori aku gak cukup buat update,5,0,,2026-04-21 14:33:27,,,
e8b02cc0-ab48-4cb0-bc7e-5493b5a3d0a2,Rindiani saputrii,https://play-lh.googleusercontent.com/a/ACg8ocJgGNirsOYmFVOcHLtb1tUjr_Md4Qg6wsTQg2vrlF9ovtWx=mo,"gamenya seru bgt sih banyak yang kita bisa lakukan seperti ,bertahan hidup, memancing, dan menanam, dan game yang aku paling suka itu , grow a garden, dan kita bisa menemui banyak orang dari mana saja sekian trimakasih",5,0,2.714.1096,2026-04-21 14:33:21,,,2.714.1096
44c5476e-1fef-409d-aa26-27cc6d6b1445,Tanti Alizza,https://play-lh.googleusercontent.com/a/ACg8ocKydngFooWQALhyW99vrUbHy0gTMbFWYhuVukYzqbc3RYFOkA=mo,sangatttt baguss,5,0,,2026-04-21 14:33:19,,,
6a6b105a-392f-44a4-bcce-38afab1bcab2,Vicencia Satjika,https://play-lh.googleusercontent.com/a/ACg8ocL_6ErNOfVI7yTRw830Pu7CcsjJjS1lLXVL4YM_YwGFE88UIw=mo,"game nya bagus banget 👍, seruu banget main ini hampir tiap pulang sekolah aku main roblox pokok nya seru sihh aku kasih bintang 5 yaa roblox",5,0,,2026-04-21 14:33:07,,,
f25d9c24-012a-4bc4-ba9d-188c1085981f,Hafis,https://play-lh.googleusercontent.com/a-/ALV-UjVSRN6lXpsbe3goA_hkLRljnAh5lkGpy8b39bMgt4QGk6VrW38,gem seru,5,0,2.715.1115,2026-04-21 14:32:32,,,2.715.1115
8c153170-b554-474d-8680-0a9992b5cd24,Thalitaaa,https://play-lh.googleusercontent.com/a-/ALV-UjVwaL8NQ9uAzk8i6yRvTlKsO81lHueQCULr_BfA3F2ZL7OHCyDI,pls make the items cheaper,1,0,2.714.1091,2026-04-21 14:31:15,,,2.714.1091
b6a3b2c6-ebb5-4353-a083-8733ed432bfa,achmad faisal,https://play-lh.googleusercontent.com/a-/ALV-UjVxzGiC_R8a2QdAHDG-uH-Jw3x0OV2c-ypjx21paoH9nrTOAmAg,"Game yang bagus, tapi aturan enggak..",2,0,2.717.985,2026-04-21 14:31:15,,,2.717.985
8f7a3754-513f-47f9-b9e3-7aa3a0dec7e8,khalimil Lili,https://play-lh.googleusercontent.com/a/ACg8ocLtVUXDLbtzBRZSMkY8MSW0so-7j0wE3GTWrv20m9B8jr62Sw=mo,"game ini adalah favorite saya. tapi, please jangan sampai game ini terhapus 🙏🙏🙏🥺🥺",5,0,2.717.985,2026-04-21 14:30:59,,,2.717.985
ff166d13-c7fa-4e9a-bba9-5ba047f22eeb,Fella Nayya,https://play-lh.googleusercontent.com/a/ACg8ocJHQEx6bahLFtt9ILMvB3PhrD9zEo75wDKuaugi1RS1ZR0U0g=mo,seruuuuuu,5,0,2.714.1091,2026-04-21 14:30:32,,,2.714.1091
4ad1689b-231a-432a-a012-6c6a96757907,Tipol terkipol kipol Kopong,https://play-lh.googleusercontent.com/a-/ALV-UjVJ8zkpor86WPnghDQmhyHemW7-kErRuf8aG4E7OQl-FxcHLMM,"chat nyan gapain dibatasin?, mlhan jdi ga seru",3,0,,2026-04-21 14:29:55,,,
43647ad4-0853-4bb1-a8c8-5d9cd54624c2,Misyati Yati,https://play-lh.googleusercontent.com/a/ACg8ocJQUG71J5v3qNg8V-R8d2ByvWUbJjvfKiUBziCsKIvNR79pMA=mo,permainannya baguss tower nya lucu lucu semua mksh Roblox,1,0,2.717.985,2026-04-21 14:29:43,,,2.717.985
92480c5f-80b7-4c86-8d3a-84a382185114,Soleh Hidayat,https://play-lh.googleusercontent.com/a-/ALV-UjXIFvzOPG98n2u9w2WPME6liUfzGRccLXyapZRvCKEOVStiThDH,aku suka game ini karena ada game - game yang seru lalu ada favorit ku yaitu 99 nights in the forest. tapi jika mau keluar game tiba²masuk lagi ke dalam game nya. tolong diperbaiki,4,0,2.715.1115,2026-04-21 14:29:30,,,2.715.1115
4ccf8ad0-96af-4015-a843-84380318ecc2,Shz Mey,https://play-lh.googleusercontent.com/a-/ALV-UjXjxi6V833rXQtg6szuaTcBdulxkQFxb7Xtd_M0UWcF76TQsoQw,"gamenya seru² banget, tapi minusnya kadang suka disconnect padahal sinyal aman",4,1,2.715.1115,2026-04-21 14:28:48,,,2.715.1115
1a2b1db1-7d0a-4b0f-819c-aead53c3539c,Wirdayanti Wirda,https://play-lh.googleusercontent.com/a/ACg8ocKLwFY4NXu7alMQC4IelmlYOwSkBjvK-8_nlg6moWTSxOcgWQ=mo,gem ini seru banget,5,0,2.714.1096,2026-04-21 14:27:54,,,2.714.1096
0dff5cd9-e007-45a3-a47f-99445ab5eff3,FARI Putra,https://play-lh.googleusercontent.com/a/ACg8ocLp3VTJkTOtzSEt7xJALE8YTqBsF17KAUxIYVUdFWgO5x8_eA=mo,karena gw punya robux di Roblox,5,0,,2026-04-21 14:27:51,,,
672c67cb-f35f-457b-ac13-5c9d780a389c,Hafiz,https://play-lh.googleusercontent.com/a/ACg8ocLd6MjE1SRW_kQdSjfIzq1SXRalfhhiQN79KWEYFbCjLKY_TA=mo,gamenya bagus tapi kadang tombol loncat nya tidak tepencet tolong di perbaiki,3,0,2.717.985,2026-04-21 14:27:51,,,2.717.985
25b77c64-3e22-46e2-8018-4ef2e1507f79,Tiara Pristi,https://play-lh.googleusercontent.com/a-/ALV-UjVYWVO-afUqWHfUKubqyDa-9PZPBHUkJpVjr5gLumslRTL97hs,Matt Kaufman ngasih update busuk balikin schlep dong😡😡😡,1,0,2.715.1115,2026-04-21 14:27:40,,,2.715.1115
ce5e2500-99a0-4c30-bcba-007c35b8669b,rzyrmdan13 kyy,https://play-lh.googleusercontent.com/a/ACg8ocI998yKQXB7eLW98ZUjL3_HDO8roefF46wfX4xUi2NRmuXxoQ=mo,bagus banget sama seru,5,0,2.717.985,2026-04-21 14:26:13,,,2.717.985
265b94a2-2abc-4a8e-a9a3-35892fb841fc,Njun Punya,https://play-lh.googleusercontent.com/a/ACg8ocLvi394KTMnOhf-MJ4fjJzZ9VVfBE2yUiHLRXlUhEteLkZ2ow=mo,sangat menyenangkan apalagikalau mabar,5,0,2.717.985,2026-04-21 14:26:09,,,2.717.985
83a47abc-e1ff-4841-98d9-e0e94612eaf9,Cynthia Berry,https://play-lh.googleusercontent.com/a/ACg8ocKsKGKuQxJ66YlNhML5PfEgcVx-YbW-6HoLre8XWSMj4qoNTQ=mo,cukup bagus permainan nya tapi ada yg kurang banyak player cit,4,0,2.717.985,2026-04-21 14:24:29,,,2.717.985
e8b9842a-c027-44b2-91bb-f6be28ebf57e,Bo Boiboy,https://play-lh.googleusercontent.com/a/ACg8ocI2g0aVBuDdvAxU7Ta-e2t3dgxWG73cadL-oClyDNjEk7sNKw=mo,"akun gw ilang gara gara umur gw blum mencukupi, padahal gw udh habis ratusan ribu buat top up robux, gausah bikin game kalau bikin rugi orang, minimal refund kek",1,0,2.715.1115,2026-04-21 14:24:25,,,2.715.1115
626c9d3c-9550-46e1-be92-4c9d1a244ca0,Rama Panjaitan,https://play-lh.googleusercontent.com/a/ACg8ocLrUZZ6GoqgdtdoxtVQuLVeiyXGaaRoczIODPqKOKFAuJXISg=mo,aku kan lagi login tapi kenapa nggak semua akun aku Roblox perbaiki ini sekarang juga ya,1,0,,2026-04-21 14:24:20,,,
205944de-dd91-44d6-bed0-4c6e261e0af5,Dayu Aja,https://play-lh.googleusercontent.com/a-/ALV-UjUz0qQdCz4t5gG6ZYTmnhoMVGrjNAOEfcofeBaNsnD8Pz9VPAgZ,item suka hilang,1,0,2.717.985,2026-04-21 14:23:10,,,2.717.985
e15aaa6c-b10d-4a26-8733-022343e7adb7,Karinaza athaya321,https://play-lh.googleusercontent.com/a/ACg8ocKo28NNg_dn4YDV5nP6Ji6gCrQGkDf11y2KbogRNwOYkAhPug=mo,Karena bagus bisa buat Mabar dan mainanya bagus dan banyak,5,0,2.717.985,2026-04-21 14:23:05,,,2.717.985
7662371c-a3e8-4993-9830-cbc395ae0ecb,Ridwan Edo,https://play-lh.googleusercontent.com/a/ACg8ocIThq9HFUVRNlhV7j5Str5ytGFSbs0N0MGJL34HutWm_-9lAg=mo,plis wajib dowload,5,0,2.715.1115,2026-04-21 14:22:45,,,2.715.1115
e4269938-5121-4231-b83a-5bd2b2035380,Naura Jbi,https://play-lh.googleusercontent.com/a-/ALV-UjW5joILV-_4zAb79wskTK_0GlGs10e5vLQhsExI0bc052fsmMtV,"game nya bagus banget, walau online tapi seru banget serius, beberapa masih ada bug, kalau bisa kurangin ya",5,4,2.715.1115,2026-04-21 14:22:02,,,2.715.1115
209c06b1-0f87-4855-a5f7-0c75746157d5,Alecia Ryebina,https://play-lh.googleusercontent.com/a-/ALV-UjUFit2WE7kqeoKyqm7jQexjJ_ijFyoGKPXQWDr9H33V3cJy-5bI,"bagus, enak,seru game nomor 1 paling seru menurut aku💗💗",5,0,2.715.1115,2026-04-21 14:21:43,,,2.715.1115
a2784209-5360-4f23-aff0-318a77a892ba,Aln,https://play-lh.googleusercontent.com/a/ACg8ocIKlGr8ca2RXtEQIKy5bQl8OStSZFQbWhBPTDpkxbTVDV54Uw=mo,tapi kalo baru masuk kasih lah robux gratis 10 aja gak usah banyak banget,5,0,2.717.985,2026-04-21 14:21:35,,,2.717.985
e8e7d28d-5d94-4c14-af36-9a5dda050bef,Masita Ita,https://play-lh.googleusercontent.com/a/ACg8ocLO7EQrrIF7qteLmgYfwi33f_xVy-6pFt45NWgjLI-8vHmr0A=mo,game jelek,5,0,2.717.985,2026-04-21 14:20:05,,,2.717.985
49960856-6079-4405-bccd-4665f664dc8d,Khusnaaa,https://play-lh.googleusercontent.com/a/ACg8ocKmeAHDRi_mS1rlVKRF2Tf2Q9vWTpwVXVvG2z0IpN4yQdi_TA=mo,"game nya udah bagus bangettt⭐⭐,tapi tolong kasih lebih banyak baju gratis aksesoris gratis dll untuk pemain yang tidak mempunyai robux plisss😢",5,0,,2026-04-21 14:19:59,,,
427ebde3-9656-4fcf-8625-7a94cd3344d6,Fuad Oppojoy3,https://play-lh.googleusercontent.com/a/ACg8ocLcfSf1BgkixZ3ISh1qIgljIlkipyhHCEbQfu9zv9hdFVagKA=mo,update terus lama²mana pas di update ga bisa ke update lagi mohom roblox jangan upd terus lah penuh lama²hp saya,3,0,2.715.1115,2026-04-21 14:19:50,,,2.715.1115
33f2aad3-e411-4e20-bd93-d218493f0cd7,Muhammad Zia ul-haq,https://play-lh.googleusercontent.com/a-/ALV-UjU9lA5_fdVDUnF0EHS0oClpJp09s84POTUr2_kBGqAaEnyPqNqYrw,bagus banget seru tapi agak ngelek tapi gak papa tetep bagus terus disitu banyak fariasi game nya jadi seru deh,4,0,,2026-04-21 14:19:48,,,
77615635-0a93-4c79-91ac-4dd08c1801dd,Diraa Fikaa,https://play-lh.googleusercontent.com/a/ACg8ocLQgpw19ENgS-66rqeE8W59wI2WE9-TZKw7_G8NUDgSqbr0bw=mo,mengapa chat di hapus dan di batas kan chat orang lain,2,0,,2026-04-21 14:19:13,,,
3a9d2378-6ea0-4719-ae03-384fa4313223,Bonek mania,https://play-lh.googleusercontent.com/a/ACg8ocJG73VNeRNb4ZLQc8pPfiScnTVPz6fExAFv1FvpL88mMTcuP80=mo,"The quality of Roblox is really good, children can play well and have fun and the games in Roblox are really good.",5,0,,2026-04-21 14:18:41,,,
bbd142f8-e5f0-4951-aa5c-ddffab8b9ee3,Watik jujun,https://play-lh.googleusercontent.com/a/ACg8ocJciG8bKYIvcjLchiFTX47wfmdq61_cj7qSnZNsRION8axiCg=mo,aku takut banget kalo ada hacker terus nge hack orang tapi game nya bisa mabar sama temen aku suka banget,4,0,2.717.985,2026-04-21 14:18:01,,,2.717.985
b5bab3da-91b6-4b9f-9770-dc95b05c8c42,Callista Felicia,https://play-lh.googleusercontent.com/a/ACg8ocIr8_IchKLUV7BCofsBv3Rtjxue38BVvJtvvjHTtp89VRzntg=mo,"ini cukup bagus ,tapi tolong kurangin ngebug nya dan jangan selalu diupdate karna bisa memenuhi penyimpanan saya ,ini sudah bagus tapi jangan selalu diupdate",4,0,,2026-04-21 14:17:57,,,
57447d89-f4b7-4840-8ffe-114b8f0bf3bb,Aurelia Desta Angraeni,https://play-lh.googleusercontent.com/a-/ALV-UjV1imJVwF6CO9QdAnVHD0w3OcJAq83J7U1Nur99mm2rDAr7Jrqu,bagus tapi seharusnya bisa ngechat atau on mic,5,0,2.654.474,2026-04-21 14:17:49,,,2.654.474
4e21ed0f-2168-4899-b6dd-f7c69e21a034,Arkansyah Alzufar,https://play-lh.googleusercontent.com/a-/ALV-UjXscU4jz0QdRn2pQrhiASfxR-nK2RvPuKK5w3C8Np-8EXaThUc,terimakasih saya suka gem ini tapi saat saya main kok kadaluarsa sih emang ini makanan ta,4,0,2.714.1096,2026-04-21 14:16:35,,,2.714.1096
327c4f8d-34db-4363-a4f1-620af33295c5,Iskandar,https://play-lh.googleusercontent.com/a/ACg8ocJmx7Zz_2C1ChjKJTRNH1xm855KVlcHIEnR0706sQk_vljuxg=mo,Bagus banget aku sudah beli robux juga bagus bagus banget lah pokoknya game nya tapi kadang kadang ada lag juga,5,0,2.717.985,2026-04-21 14:16:14,,,2.717.985
c01222e0-1f77-4220-b319-913e33b17bed,maulana islami,https://play-lh.googleusercontent.com/a/ACg8ocLx1ExR-vxXk18MrdlxVZD5xPWrIENlL8ZxX_G33YpYyjxphg=mo,game jelek😹🥱😹😹😹banyak yang troll😹😹,1,0,,2026-04-21 14:15:46,,,
e811177c-1e68-4227-8318-20d777bb60b3,Moch Syahril,https://play-lh.googleusercontent.com/a/ACg8ocKOZsWWTOBMwndIW0zVtxkGm60ZJhwVyyTk29SeVug8LxHNYA=mo,banyak banget gemes nya,5,0,,2026-04-21 14:15:39,,,
73a68b8a-4ed5-4f23-82b3-f798de81f9d3,Attar Attar,https://play-lh.googleusercontent.com/a/ACg8ocIGWmzBT6kiumvYL24pbFL3BhbxIOakcF1l6Gxs4r2kGxbSDQ=mo,peraturan kaga jelas gw mau main lu atur atur,1,0,2.716.875,2026-04-21 14:15:25,,,2.716.875
f7dc791f-6859-4062-ae6a-35e15811f092,Fidela Nazifa,https://play-lh.googleusercontent.com/a/ACg8ocJlj7X_NVYCcEwqGMOl6iDxGLoRAowxLjOJtZnz5xNbOl_VQA=mo,game kok banyak aturan bukannya kita mau haopy happy disini dengan bebas tapi malah di kasih aturan ini itu,1,0,,2026-04-21 14:15:00,,,
70442aa7-bfb9-451a-a064-c2a6bceeba97,Nuki Eka,https://play-lh.googleusercontent.com/a-/ALV-UjVd5wQdJ7zziK5HoGUfE-uPMpybxK10kkAhE3nglVaD5LPMOTE,game ini seru cuma gara² mabar sama para youtuber jadinya aku kasih bintang 5,5,0,2.717.985,2026-04-21 14:14:55,,,2.717.985
e8aed0e7-2239-4810-9685-ed97e83d57d3,Rina Fortuna,https://play-lh.googleusercontent.com/a-/ALV-UjVyzu5I2GEkJ37wkS_t8tIlbBvBiS_V_PcbFvrsdPC_zmsYtw,"apaan dah game nya bagus cuma baru kemaren update sekarang update lagi,,,GK ngotak bgt,,yg ngotak dikit lh,,minimal 2x setahun gtu ini GK , update Mulu👎",1,0,2.715.1115,2026-04-21 14:14:42,,,2.715.1115
b14ce5f9-ad98-488e-853a-eecd8c4c217b,Nurdayanti Putri,https://play-lh.googleusercontent.com/a/ACg8ocKUWP7kYy9nHt_AhjXuC5R-eWtJmreYITUSFKzrYuQ_3fG9KA=mo,game ini bagus sekali aku suka,5,0,2.714.1091,2026-04-21 14:14:08,,,2.714.1091
d01f70f3-7375-4e06-957f-f96e79cd7056,Aliv Barbershop,https://play-lh.googleusercontent.com/a-/ALV-UjU-EpmB7efc4T6xN6imA-R8hJBtwnl7_DS6Zlbr0c6LBxRMQRk,roblox membuatku tak bosan,4,0,2.715.1115,2026-04-21 14:13:56,,,2.715.1115
0b40c61b-68d1-4592-b136-d3bdd49a9fd1,Dwi Sri,https://play-lh.googleusercontent.com/a/ACg8ocLiBqvMRl_P2iaie-4m_5HSHgDb-wRApeX1SsC_hz7O0NJT=mo,game nya sangat bagus aku suka,5,0,2.714.1096,2026-04-21 14:13:53,,,2.714.1096
350d0d51-ea69-4a91-ba19-df45eec13442,Umi Khoiriyah,https://play-lh.googleusercontent.com/a/ACg8ocIZJxxh0fQahIw2WXQJZjHCxQno3Kpca5vSJhakeKYHEiI6sw=mo,bagus,5,0,,2026-04-21 14:13:36,,,
4c7156d9-066e-40bc-b13c-8b14d8bb465f,Syeane Bella,https://play-lh.googleusercontent.com/a-/ALV-UjVlQGg6lDujyWZku0alr38KhDAsYeGcOFGrXmhl421CesIow_gj,game gajelas,1,0,,2026-04-21 14:13:28,,,
354616f0-72e8-48a3-abd9-966a9272ea1b,alfiya rahmadani,https://play-lh.googleusercontent.com/a-/ALV-UjVkB28C4aawhLLOOoe0wILGVDBnYVJmzWR3w0BQIIQ0cIUUPGg,kenapa roblox saya error pada koneksi internet yang developer saya minta tolong besok bisa dimainkan lagi seperti semula ya dev,5,0,2.717.985,2026-04-21 14:12:17,,,2.717.985
20f39b03-e23c-40e1-8d4a-1b52056425ed,Arsyad Danendra,https://play-lh.googleusercontent.com/a-/ALV-UjUGxSFNuepShkxF0y1tBTcsaQBRB4ALokucUaGD96uH8PQXB6mf,game nya udah bagus tapi tolong kalau bisa tambahkan fitur lihat sandi akun roblox,5,0,2.715.1115,2026-04-21 14:12:08,,,2.715.1115
ba125ad8-2462-4a64-a605-0dcd75d39fde,Marlina Lina,https://play-lh.googleusercontent.com/a-/ALV-UjVKLjSXoKRGxwbnMpVDn_LEUi-0hQ0QL-_ird84i13zh6MQPe7S,udh main 2022🗿,5,0,2.717.985,2026-04-21 14:12:00,,,2.717.985
fa3a33f4-7f8b-478c-8807-f3bc83905fb8,Natanael Sitanggang,https://play-lh.googleusercontent.com/a-/ALV-UjUcvmfbfZmosHjzZwxngooIPZYXRZ1-CmQw1t0Amdo-NyrISKM,"Even though the updates are annoying, I will still play Roblox.",5,0,2.715.1115,2026-04-21 14:11:46,,,2.715.1115
781d5ebf-3933-4a67-a23d-fe1c73223823,Destiana Sugesti,https://play-lh.googleusercontent.com/a-/ALV-UjWvqIN7JCnlL5E7o_0q4NrwPl-s9M2iUz-xSh1HfKEK_foegFU,bagus cuma banyak upgrade,4,0,,2026-04-21 14:11:36,,,
fc848f8c-1dbb-4611-90c3-aa95f735e8c5,Novita Ria,https://play-lh.googleusercontent.com/a-/ALV-UjV35PlfgVlI0De3mD0XWqJye3LLurrCL5Rhpuyk1-0xfjkRzA8,sangat suka dan paling semua orang juga suka Roblox Saya suka dengan permainan ini tolong nomor 1 jadinya saya kasih bintang 5,5,0,2.715.1115,2026-04-21 14:11:15,,,2.715.1115
719c2415-0ea8-4a51-9dcf-10bdce873863,Shakira Ceris,https://play-lh.googleusercontent.com/a/ACg8ocJUI0iG2jt2vX6fg3BMm3CEYiB2YZ3j7WxEyLUpEGb4ouwzRQ=mo,Pls lah!! update ini ngeselin bgtt! - Kelompok Usia - Chat dibatasi - Classic Face dihapus ( diganti Dynamic Face ) - Roblox dibagi jadi tiga : • Roblox Kids ( 5-12 Tahun ) • Roblox Select ( 13-15 Tahun ) • Standard Roblox ( 16-21 Tahun ) gaada serunya sekarang!!,1,0,,2026-04-21 14:10:42,,,
f7d42a72-9ff4-438c-8363-536dcc62d97e,Nazrul Ikhwan,https://play-lh.googleusercontent.com/a/ACg8ocJYxbi0tjgkh6P-mNDcDZJZbyYlx7HeRWLAitdv7w19AKTXng=mo,game yg cocok untuk para bocil karena tidak membosankan,5,0,,2026-04-21 14:10:34,,,
0e6435fe-0d9e-4df6-a033-1d79b1749339,Pipit Puput,https://play-lh.googleusercontent.com/a/ACg8ocLqbYmitOylZYrrJDklKTozmTpJXvEU4VUimDi5OME4kFtRJA=mo,harus nya aku bisa ngomong di roblox,5,0,2.717.985,2026-04-21 14:10:33,,,2.717.985
5baf307b-a91a-4233-b846-346256f9298b,ferdina yunianti,https://play-lh.googleusercontent.com/a-/ALV-UjV8YpPyIC-P5gyqD-_iak3tw4LJVJoLRCipIVBYTfQO1tnz_J8,bagus game ny ko tpi kyk kurang soal ny chat di hapus clasic face di hapus gimana kyk gk mau kembalikan roblox yg dlu pliss😭😭,4,0,2.717.985,2026-04-21 14:10:32,,,2.717.985
c08a5044-14d9-469e-811c-0d0fbd4f29c4,Khanza Almira,https://play-lh.googleusercontent.com/a/ACg8ocLY4wX5y1CquZGP7HIoW7tleiHhPuEwKbjEfAOyK5dqA4ddjg=mo,njs ga bisa update dah tau Roblox seru gua sumpahin game ini tamat gaada lagi njs anj,1,0,,2026-04-21 14:09:54,,,
4e1f9ec8-56a6-4deb-bf94-38c39bd28fa7,Nadia Nur Syamsia,https://play-lh.googleusercontent.com/a/ACg8ocL7giFiQOMaNKE0aofIu6SYhR7FgcOKmWQ_VZVT85zgDW3FBw=mo,Sangat seru tetapi sayangnya Roblox akan mengelompokkan pemain nya seperti ada yang Roblox kids Roblox select dan Roblox biasa,4,0,2.717.985,2026-04-21 14:09:46,,,2.717.985
7764739a-e820-4154-abc5-c5c2b08edc43,Juli Anti,https://play-lh.googleusercontent.com/a/ACg8ocKySFwA9sbwQvUl0lPv-m9CcuWLVKYUcJ-xuKqnizXZpv843g=mo,tak bisa main sama teman karena umur,1,0,2.715.1115,2026-04-21 14:09:13,,,2.715.1115
9d065f38-c766-4429-81f8-0e67cf89318e,Keyshanadine Azzahra,https://play-lh.googleusercontent.com/a/ACg8ocInXWWlKI_65EVn5gZydBsoJaQF5_Hfoq2UykCqpUiZol-KmQ=mo,adalah pokok nya,5,0,2.714.1096,2026-04-21 14:08:59,,,2.714.1096
98ed3aa1-9941-42d9-b842-91f30ccfbf7e,Rahma Aulia,https://play-lh.googleusercontent.com/a/ACg8ocJazPDEJH0JoPvqARWJUxWZdU3badmXQFPA52u9-1aVmabxgw=mo,Dasar peniru game,1,0,,2026-04-21 14:07:09,,,
7d0aa0e3-3fce-4ece-aa27-2f2338d296d2,Muhammad Oziel,https://play-lh.googleusercontent.com/a/ACg8ocJuXf9iLP0Luyy0thRNmLkfoi9Buj7rN3fDz0GSS6cAzQq0aw=mo,game ini bagus banget sampe kebawa mimpi bermain terus,5,0,,2026-04-21 14:06:46,,,
b30a242c-84ee-496f-a044-5ed27b0c4d85,Helmi Helmi,https://play-lh.googleusercontent.com/a/ACg8ocKw6friHhNx5yuG6CpYqrsqIKvVsn1TWVfKhymxZRkdSy0B=mo,game nya seru bgt tpi seru lagi kalo ada robux gratis ny😭🗿,5,0,2.716.875,2026-04-21 14:05:59,,,2.716.875
a7b5c176-98e1-45cd-92e2-d3cb705b0552,Ayundanadyani22 Nadyani,https://play-lh.googleusercontent.com/a/ACg8ocLjyrd6xwrE7W3TeSJ1NrtYPWdAUISq-NoIwMqJf3nAhq818Q=mo,gem nya bagus tapi kita harus eng updet terus,3,0,2.715.1115,2026-04-21 14:05:58,,,2.715.1115
01b9a2eb-d303-4ffa-98c7-eb89b86bfdd5,Anita As,https://play-lh.googleusercontent.com/a/ACg8ocJFzYdgXP1-yF5_Hbf4-lSUfuvfbVxx_dFQhdYggY2Rf9lBOQ=mo,☆5,5,0,2.715.1115,2026-04-21 14:04:58,,,2.715.1115
b699f9f2-9233-4142-8372-59c90991db30,Iful Iful,https://play-lh.googleusercontent.com/a/ACg8ocK3-BMPfjL75ztB34Ahd05GIDI-Y7SeDw_Ftsni_Qs9X48ERQ=mo,gamenya seru banget,5,0,2.714.1096,2026-04-21 14:04:44,,,2.714.1096
f2c12051-791e-448b-a380-59ec2c7dfe22,Farah Aafiyah,https://play-lh.googleusercontent.com/a/ACg8ocLRXHQayuhr5ofQ4oIxQMWTvnR6JUyEdZTEqSCy9QI1ZG6kuQ=mo,"bagus, tapi untuk update sering banget untuk yang punya robux kadang juga tiba² robux hilang. but.. its okey, game nya masih bagus kurangnya sering update aja",4,0,2.717.985,2026-04-21 14:04:20,,,2.717.985
cbc8a925-754b-4605-86b1-2c673422b023,Zain Ganteng,https://play-lh.googleusercontent.com/a-/ALV-UjWhunaiZnjvBHpUmSh4zBYt0fxDOOUSK5GD_DFrw-qaenEHFv0,karna game nya banyak bukan cuma satu,5,0,2.715.1115,2026-04-21 14:04:15,,,2.715.1115
a275c363-4a6b-4634-8992-78073c2c5646,Al Varo,https://play-lh.googleusercontent.com/a/ACg8ocKQ9270dDJgyWGcxeO92f0Klm8knRlCGhR_JtlKWvgs3tGK0g=mo,game nya bagus sekali saya suka,5,0,2.715.1115,2026-04-21 14:03:09,,,2.715.1115
59e32f59-d8fe-42dd-aabe-1bcfdd63e587,Muhammad Azril,https://play-lh.googleusercontent.com/a-/ALV-UjUxrIJnnsbHCyBUWozOEYETchDEiGc7-BgdHttObggGOSr8-Uc,gelo game nya,5,0,2.717.985,2026-04-21 14:03:06,,,2.717.985
ce655485-ef7c-47cd-9c1e-0c0f0899117e,Eli,https://play-lh.googleusercontent.com/a/ACg8ocLIOOXmMwd7GijR_h5P3zA5V6rpIhJLBMzCHIUQAn3oYO_Hkg=mo,karnaa baguss,4,0,2.715.1115,2026-04-21 14:02:57,,,2.715.1115
b7e2afa9-2790-410c-91f6-a2fafec62682,Syalma,https://play-lh.googleusercontent.com/a/ACg8ocJDa8-_RURYeIftP2ay7a_BIKPuITNl_Ygx9dqayzViPNiNKw=mo,game nya seru banget cuman aku pengen nya gak online aku pengen nya offline game nya,5,0,2.715.1115,2026-04-21 14:02:00,,,2.715.1115
480e46e7-1b3f-4544-86f3-d360dfa421e5,Felysia adzkiya Fitri malvina,https://play-lh.googleusercontent.com/a/ACg8ocLnO3EYYxL-YGIuSO8QrovKoVGoTmPoN7A098yvBa7oKiWvIBc=mo,seru banget sumpah,5,0,2.613.510,2026-04-21 14:01:01,,,2.613.510
cba0bfe0-c669-4c8a-8518-7f4964e5732d,Muhammad Sena Ajidin,https://play-lh.googleusercontent.com/a/ACg8ocKaARn6_VCBwO-ZonTvczLkukblpUPvr-04a80kC4OGqPZY1A=mo,update nya bikin emosi,1,0,,2026-04-21 14:01:00,,,
3b7a15c2-cca6-4f62-88f7-0769a7d38cb9,Zila ayu Kusuma,https://play-lh.googleusercontent.com/a/ACg8ocKW8sQ5FH0I9BCHiBSqgJ0zFWQDkEL-cDxDFuR4swDl2DxyJA=mo,"saya sebenarnya menyukai game ini tetapi...saya mau membeli robax,mengaktifkan chat,dan masih banyak lagi..kenapa tidak bisa masuk?dan setiap saya memasuki nya untuk menggaktifkan nya selalu layar putih keseluruh dan tidak bisa mengaktifkan 🙃saya begitu menyesal sedikit karena saya sudah verifikasi 😔😔 saya tidak tau ini bug atau apa tapi ini sudah waktu saya bikin akun😔😔semoga ini bisa di perbaiki agar saya tidak menyesal sepenuhnya 😭😔😐 secepatnya bisa diperbaiki😔 terimakasih.",3,0,2.717.985,2026-04-21 14:00:22,,,2.717.985
9c4c699d-7100-4829-b109-0089e6bbfece,narges az soraya,https://play-lh.googleusercontent.com/a/ACg8ocI-bXEWtzikTtPyXIXuwbuBYmRU87uCFfGf_QX9K3o-rFzS=mo,Seru banget,5,0,2.715.1115,2026-04-21 14:00:17,,,2.715.1115
cdc029c7-1c59-44e6-bbb2-10c9e12ff715,Raysakah,https://play-lh.googleusercontent.com/a/ACg8ocL4VDIyMQXukwoOQkcFXhEbtrVNNE7bIyFjtLgKONVdzE8Szg=mo,gamenya bagus,5,0,2.715.1115,2026-04-21 13:59:33,,,2.715.1115
066ed0fe-b57b-43ec-b9d0-2f2bedc486ab,Anggraeni Pracilia,https://play-lh.googleusercontent.com/a-/ALV-UjXD-9DFT4g3lTXRrRG676Wag370FzF41WcA4BQ1hStUxr1CTLM,sagat bagus sama angdaikan aku jadi ower robox,5,0,2.717.985,2026-04-21 13:59:06,,,2.717.985
e7861814-8311-4213-8c3f-8b2e500ab721,Paulina Paulina,https://play-lh.googleusercontent.com/a/ACg8ocKkhe_tDDlmJPIM9UyIQqIdBBrXuOyJHk1SKdNhj8GDOR0xjg=mo,fan,5,0,2.717.985,2026-04-21 13:58:58,,,2.717.985
06a625be-11ee-4675-80dd-de14175436cd,Fajar Ramadhan,https://play-lh.googleusercontent.com/a-/ALV-UjU_oOtiSZ3ZRTlJHkKuoKua_vvwqctu_Sy4taOcEDg1fwqfAbU,good,5,0,2.715.1115,2026-04-21 13:58:55,,,2.715.1115
5fc0327e-8622-44bf-bc63-c770ac9e9015,Cekana Bedah,https://play-lh.googleusercontent.com/a-/ALV-UjXd0KzuRrao6dYARB-jRqK_6lJ8e4p7gjzFnKy5JIR6lEV3wZOY,Kenapa sekarang ni game jadi gini 🗿,1,0,2.715.1115,2026-04-21 13:58:01,,,2.715.1115
a7f5c097-5514-4683-b46b-93e47a2aa1dd,ilmira Nova,https://play-lh.googleusercontent.com/a/ACg8ocLvd0wZiQytCco1IQoBBRbVUaCFkPFREaiIc1SdNlMdcj173A=mo,bosen,1,0,2.717.985,2026-04-21 13:57:28,,,2.717.985
b57d8d2e-9173-4254-bccc-ceec1dc0c145,Iwan Afika,https://play-lh.googleusercontent.com/a/ACg8ocLk-ZQpqdgxMolbnEfcm1dslazDnbcLSCv3kx3ygQOpqVPO3g=mo,"permainannya bagus tapi sayangnya membutuhkan banyak wifi atau data, dan sering juga error apa lagi kalau mau diupdate sangat lah lama 😫😫😫😫😭😭😭😭😭😭😩😩😩😩🙃🙃🙃🙃🙃😕😕😕😕😕😕",4,0,2.715.1115,2026-04-21 13:57:16,,,2.715.1115
eee6293e-9842-49d0-a561-181827a441b2,Dewi Hariyati,https://play-lh.googleusercontent.com/a/ACg8ocLGudaOoDUQEZL_Sexcv3OczP_bBxWs67IdGGtnwTogLRHUBA=mo,seru banget,5,0,2.716.875,2026-04-21 13:55:52,,,2.716.875
2f2d960b-911e-4f99-9666-fe71acd5bf21,Revalina Aprilyani,https://play-lh.googleusercontent.com/a/ACg8ocIZVpaywooEjYoGNUoU4vDrUS6WgxJTENLOYQErHZKgeSmsjA=mo,gamee ya bagus terus banya k game ya juga suka banget🫰🏿🫰🏿🫰🏿🫰🏿🤍,5,0,2.715.1115,2026-04-21 13:55:37,,,2.715.1115
bc0226c1-2bdb-49bd-a1a5-ba5a704d53ae,M keanu al ghifari,https://play-lh.googleusercontent.com/a/ACg8ocKCX4Xurludvq-U_MkaxD71MX8PmKyeRiOgrgcduIqCjmeB1w=mo,seruu,5,0,2.715.1115,2026-04-21 13:55:02,,,2.715.1115
dbfd3cd4-365d-4b3e-a104-1f86975fefc9,Lukman Master,https://play-lh.googleusercontent.com/a/ACg8ocJrEWzQd_Qov0tLScdVf8S8br8p5OQAeou7rWX4TMJ24OGSew=mo,bagus,5,0,2.717.985,2026-04-21 13:54:05,,,2.717.985
66c06a7e-930a-4e8a-b9ce-93eb34a232ee,Rii Kee,https://play-lh.googleusercontent.com/a/ACg8ocIqS-Ege_qStNFo4GoGRQA1_XqMaoNrGxTr9D6fUpPWBLhngQ=mo,gem seruuuuu,4,0,,2026-04-21 13:53:47,,,
887bafe6-ab0f-4dd8-824b-52bb81bb38db,Mikayla Zeevana,https://play-lh.googleusercontent.com/a-/ALV-UjVhHx9bdpsZDs27gGahC8jK5Q9mQe5L8sVmZJELxxPtJZ0rAsY,capek kali lha upgrade terus mana lagi pertemanan aku banyak malah upgrade hadehhh ini roblox apaan dha,5,0,2.715.1115,2026-04-21 13:53:36,,,2.715.1115
3f65d5a9-9c0b-4948-85a7-e879ec54ba46,Jenica aurellie Gonarto,https://play-lh.googleusercontent.com/a/ACg8ocJ4ldBhUK99cGASJCYjN0uiRmlw6SzoK8QYbgxnzub_PpvMiQ=mo,sekarang updatenya gaada yang bagus padahal dulu bagus,1,0,2.714.1096,2026-04-21 13:53:32,,,2.714.1096
7b2c9358-ea35-4c87-b631-550254d4e102,athallah garasie,https://play-lh.googleusercontent.com/a/ACg8ocJLPtwKxfmT2Ay2Ogtbp55CMjyzNTLx2koKKfpi8ljfItdtcQ=mo,bagus,5,0,2.711.876,2026-04-21 13:53:10,,,2.711.876
f4b87def-fbc9-4fb3-8965-5fbcaf68c0ed,Redmi A5,https://play-lh.googleusercontent.com/a/ACg8ocLPbNgHopVx8toaz6SfhP4U9rLYZJuYPLFLCkGyyY9nYW3AYA=mo,seruuu bgt tapi pls buka chat lagi,5,0,2.716.875,2026-04-21 13:53:07,,,2.716.875
5c02342b-7036-47df-9dd2-252c5d890ef7,Dewi Pohan,https://play-lh.googleusercontent.com/a-/ALV-UjXKjvQYRT0nrveorxA99oXeyzorjETXaMBuBV71Jb0depox9FRT,game roblox ini seru banget tapi kurangi dong MB nya supaya mereka yang dikit MB nya bisa mengistal game ini supaya banyak orang juga yang main,5,0,2.715.1115,2026-04-21 13:52:27,,,2.715.1115
a89cc74a-0d0a-49b2-85de-7e374a3ca55b,Nicky Putri,https://play-lh.googleusercontent.com/a/ACg8ocILDkgg22yIy1WiHrH1DV3qE9-8CZUCNgH7-Us_vfqc8etG1Q=mo,baguss tapi ada bug dikit benerin dikit aja ya bug nyaa,5,0,2.717.985,2026-04-21 13:52:04,,,2.717.985
5b96d9c7-05ab-49b1-adfe-24900c29f142,assistbyDesi,https://play-lh.googleusercontent.com/a-/ALV-UjWnCESbkVFeFVF3Qppdw3LWab8H3Rdw6d9D2vCxyte47vYW9cM,chat back,5,0,,2026-04-21 13:51:42,,,
6b221bc9-31ec-480a-8565-c273c14104da,quintha felyca,https://play-lh.googleusercontent.com/a/ACg8ocIjEQW9wfJt2VAEq6lyYUT5MUz3TaCUn-Atn7CclQA5p_ZT4w=mo,"males bgt, selalu update,gmn yg ga punya memo/memo abis??",4,0,,2026-04-21 13:51:08,,,
f3ba1c12-3285-442c-9f25-a8cc48700ba8,Gift Custom,https://play-lh.googleusercontent.com/a/ACg8ocISEvBJZQlk0DqMScXAVREvgpwsYEMQqblujXAKt4qQ1Fub2w=mo,bagus bgtt aku suka,5,0,,2026-04-21 13:50:49,,,
3c97b39d-c679-4c24-b6e3-ecc81b2830cb,Muhammad Mas,https://play-lh.googleusercontent.com/a/ACg8ocKmbRUF6a1RqGTwWOzptz8KMnnaYoPtcbcAGgV-jvFRqMl2fw=mo,gem nya banyak bagus,5,0,2.716.875,2026-04-21 13:50:15,,,2.716.875
52b177cd-9fc1-4b01-af98-e2377076820a,Deman Syah,https://play-lh.googleusercontent.com/a/ACg8ocK0yNQU_JEFX3pTY3ui36v_xG8FTaKWEJReXSAEiE3zR5WF8w=mo,enak di maini,5,0,2.714.1091,2026-04-21 13:49:43,,,2.714.1091
72243ee6-6fa5-424a-9898-122ecd76033c,Alifieb Fidana,https://play-lh.googleusercontent.com/a/ACg8ocKnffujXYnola8ceGy_SdRmgldFeQAHSYy87quT-JeH-NyMuw=mo,Please return the classic face..,1,0,,2026-04-21 13:49:40,,,
51b4b475-a7f1-406b-ab53-b685d2634f29,Davi Alvian Rabbani I Ch,https://play-lh.googleusercontent.com/a/ACg8ocKovMgxS-FpkYTbmUYcLxMctVDmLJpVI5hflqqi0S1YYGdCdQ=mo,👍,5,0,2.715.1115,2026-04-21 13:49:21,,,2.715.1115
7b47c80c-883a-4422-8bca-6d2ac6eeccb0,Naila Arva Nadhifah,https://play-lh.googleusercontent.com/a-/ALV-UjU26s3jz9fh61fWDDndBMQ-Eo_4gUwt6ULlfwjAN_3CFTuB9vme,terlalu banyak cheater di game bertarung dan lainnya menjadi roblox tidak seru saya ingin cheater tdk bisa main lagi,2,0,2.717.985,2026-04-21 13:49:04,,,2.717.985
aa0ae5d8-321f-4fb5-862c-c56846f52623,Quin0255 Alvi,https://play-lh.googleusercontent.com/a/ACg8ocKX-jcN-MPMezPLnaycLSC-beaIRZR3NwzZ95lNLwMtreFHvg=mo,seru sih tapi upgret nya terus,5,0,,2026-04-21 13:48:44,,,
26eb95c1-2e20-45be-80b6-d0b019e820a6,Jaya Permana,https://play-lh.googleusercontent.com/a/ACg8ocJWCaBvRzGsdTeReW5bjoqE_L6CTdv5EVx7JhvahkH8p38gpQ=mo,seru tapi aku kan pake hp samsung jadi pas aku abded gak bisa,5,0,2.715.1115,2026-04-21 13:48:18,,,2.715.1115
2cabe0bc-f4a7-4fad-b8d5-d6237bcaa816,Sugito Pontianak,https://play-lh.googleusercontent.com/a/ACg8ocI4TYvBhOiJsA-wiqFuBzzqnFjanht6Mei4RHVniFsikWGgHQ=mo,"seruu banget Roblox,tapi sekarang aku kurang suka karna sekarang ada batasan umur.. aku gabisa main lagi sama temen online ku jadinya kan gabisa chat..",4,0,2.715.1115,2026-04-21 13:47:20,,,2.715.1115
42f04baf-e5de-4f29-b4be-322f5523c73d,rachel fucek,https://play-lh.googleusercontent.com/a-/ALV-UjUfyRBD8qbN874L3Ez7BZPXblJtFGba2Bw7tSZTlvbolvf1Y9w9,"game ini bagus sekali, ada pembelajaran, baik untuk dimainkan oleh anak-anak, tapi TOLONG Bug nya di perbaiki dan kalau update Jangan lama-lama sekian terimakasih dan tolong di perbaiki",4,0,2.716.875,2026-04-21 13:47:17,,,2.716.875
59400460-80c7-4fee-9e17-5c32d0180c52,SDN Banyumanik 03,https://play-lh.googleusercontent.com/a-/ALV-UjVxybIil7ssUMnisaNOetUaCSEm0-jKx3DDrEdlZRR2hjO5xRSp,sumpah bagus tapi NGELAG saat mainin salah satu gamenya lumayan tapi kembalikan chat kami sudah begitu saja terimakasih tolong di tingkatkan,5,0,2.717.985,2026-04-21 13:46:57,,,2.717.985
63ba04ef-5a0b-468b-8035-005847dd019a,Panji Nur islam,https://play-lh.googleusercontent.com/a/ACg8ocJgRBP7pAnN5T_sJEPwyqq3QH64i_ZqScNfTIyp0HnOXxpUMw=mo,game kontol,1,0,2.715.1115,2026-04-21 13:46:27,,,2.715.1115
3dcc4295-eec7-42d6-a9aa-81c93ed4d7b7,Nur Yanti mutiara,https://play-lh.googleusercontent.com/a-/ALV-UjUapyhwu8S6LGi9njvINkYmFkZxF_g0FVjmUs43bulgqVDK_is,saya suka memain kan game ini,5,0,2.715.1115,2026-04-21 13:46:22,,,2.715.1115
de04988a-883e-4bc0-a62d-afcbdf974677,Rohmat Srw,https://play-lh.googleusercontent.com/a-/ALV-UjUHa7_dQ9_evjSfvKHn5Zqrc5oItv77Thdb2KI_U5hzsEqYe7nh,saya menikmati gamenya dan gamenya juga seru saya suka tapi tolong di update lagi ya biar makin seru,5,0,2.717.985,2026-04-21 13:46:04,,,2.717.985
6ec37fce-fa99-4d94-b19f-fe25fbd98119,Wibian Satria,https://play-lh.googleusercontent.com/a/ACg8ocLVdxVDcN0zK004-PErEm_H96Uhd7sO9jcwsYn0G-j3QdiQRg=mo,sangat bagus,5,0,2.715.1115,2026-04-21 13:45:37,,,2.715.1115
423871b5-ce7e-4eeb-80b1-c8c38d7a8482,Lutfi Rojani,https://play-lh.googleusercontent.com/a/ACg8ocL-YEK1RyaWl7GrhG4tY_lUhgV06RMTR934u5S7QJpJundy5w=mo,balikin chat dan clasik face,3,0,2.714.1091,2026-04-21 13:45:31,,,2.714.1091
e5c71ae3-464b-4966-ad4a-a0ec0f9bcc35,Ozi Ozi,https://play-lh.googleusercontent.com/a/ACg8ocJi8bwtiBO74HjkSFrtYzxaHOokr3K_pCoHStQVe-_1wyH0tA=mo,seru sih tetapi tolong bug yg ada di roblox dihilangkan saya tidak suka dengan bug tolong y pembuat roblox !!!,4,0,,2026-04-21 13:45:13,,,
97908924-61bb-470a-9110-3c1af2c1c235,Kk Ramadani,https://play-lh.googleusercontent.com/a/ACg8ocJnHJUEJSi05Zhz6em12rtv9yb4ww-g01f3NnSk66eyDeAR3w=mo,bagus,5,0,2.715.1115,2026-04-21 13:43:51,,,2.715.1115
079094de-f60c-4f32-a567-6cf7e3db9aa9,rendyyy JN,https://play-lh.googleusercontent.com/a/ACg8ocIZsMBSO-jiaNvEao4PW9d9yZmN2M1HCU9UJlCztN9cmLCQKw=mo,bagus banget,5,0,2.715.1115,2026-04-21 13:43:09,,,2.715.1115
f086ec25-e1e2-4986-a8bd-0a78b036d8b1,Ryukenz Ryu,https://play-lh.googleusercontent.com/a/ACg8ocJkZ_YSh9UySwfH49AkFvCHSENBUl_TeAgv_8PFVaEds1MaBQ=mo,seru banget gw pengen main lagi,5,0,2.715.1115,2026-04-21 13:42:04,,,2.715.1115
256896eb-309b-4ce4-bab4-6f58b4dd28ee,Nadia Zana,https://play-lh.googleusercontent.com/a/ACg8ocIlBjbgimziwb0V3Ax0lgMCGfxgNtpk0kiVNQu5FsFWTFU5Og=mo,"suka apalagimapnya, pokoknya seru, tapi sekarang kita ga bisa chat lagi sama temen, padahal kalau Masi bisa chat itu bakal lebih seru. bisa sih kita pakai muka dulu untuk ngasi tau kalau kita masih kecil atau udah besar, tapi kalau masih kecil ya ga bisa chat.",5,0,2.717.985,2026-04-21 13:41:55,,,2.717.985
b557b5bd-27f3-4c21-abc8-8e591bdfe871,Rizki Fauzi,https://play-lh.googleusercontent.com/a/ACg8ocKDF_VHJBS80W9LaLW3rDPSr0oYXVSEBr9I8gkP23hsWbBlJQ=mo,seruuuuuuuuuuu,5,0,2.715.1115,2026-04-21 13:41:22,,,2.715.1115
37f7cc1f-1c58-412f-b528-32cb300dee04,Chaerul F,https://play-lh.googleusercontent.com/a/ACg8ocKt3hF9qu8hn4KmxrNtrF3U0N_YyjPck3ijzyfHcA1TAonXSQ=mo,game nya seru aj sih,5,0,,2026-04-21 13:41:14,,,
a856c7a3-c635-41ce-8d52-282047d731b1,Tt Tege,https://play-lh.googleusercontent.com/a/ACg8ocKYsssR2Kw7GakVaodtQuLUU3pdfxV_yh8oZdI2ZfQOX396Kw=mo,gem ini sangat bagus tapi sedikit ngelek Mohon diperbaiki lagi 🙏,5,0,2.715.1115,2026-04-21 13:40:38,,,2.715.1115
d21464d6-e8ff-4d84-accc-b11fb2513fb0,Neng Fatimah05,https://play-lh.googleusercontent.com/a/ACg8ocJT6_IujySEpMtwcCsasMPc93Wql4cGEF9XJbSIOf30P4BVQA=mo,peliss dong jangan ada update nya males ja donlot lagi donlot lagi,5,0,,2026-04-21 13:40:16,,,
1f5b4795-2b73-4ed6-912b-902bb488185d,Sri_higayon Corabay,https://play-lh.googleusercontent.com/a/ACg8ocJhuk0VCiljjmsXavVvxVLYCdzg6gdbVPpKQ2diVjJR4qBtcA=mo,Bagus benget aku sampai ajak teman ku mabar,5,0,2.715.1115,2026-04-21 13:40:07,,,2.715.1115
7446391e-6746-45c5-9796-1fe1b2ee7f48,Eva Maulida putri Putri,https://play-lh.googleusercontent.com/a/ACg8ocJGa26HmPO2kmmMzbcHFTB59D5AN1JgLkBBGmKvJJn59edb_w=mo,"sekarang game inih makin jelek masa mau login ke akun ku malah kagak bisa padahal ada akun yang di simpan sama gogle tapi waktu pengen di pencet malah kagak bisa ngeselin bgt, udh di coba berkali kali masukin password Roblox ku tetap aja gak bisa kalau bisa aku kasih bintang 5 tapi malah ga bisa jadi bintang 1 game payah 😠😓😓",1,0,,2026-04-21 13:38:53,,,
c227bd6d-f086-41fb-b821-b671ff2178ee,Taufik Maulana,https://play-lh.googleusercontent.com/a/ACg8ocKIy9LcEC-LfAuisJFtCqhfsumFuTqnUdYpHFfGTme_I1qpVg=mo,sumpah game ini seru banget apa lagi map nya banyak pokok nya map paling seru map epic off road,5,0,2.717.985,2026-04-21 13:38:50,,,2.717.985
cfe223c7-a958-4140-a778-c04314c3f68a,Faody HS,https://play-lh.googleusercontent.com/a-/ALV-UjVQIjQ32-p0PiqT2OWSZEYx8SGz7K0-JcTqojR-R_KzXbjkWMxT,"duluu baguss bangett, item banyak, game asik, player asik, yang toxic di band. tp sekarang kok malah gini ya? aku 5 tahun main roblox juga ngerasa beda dri 3thn lalu, sekarang verifikasi ribet tp g akurat, umur dipisah2, item2 di hapus. event nya jelek tapi berat. kamera ngebug terus, pemain toxic ga di band. banyak bug",1,0,,2026-04-21 13:38:11,,,
fa7ecd13-d8ea-40e3-adaa-1ba853f0c171,Arin Do,https://play-lh.googleusercontent.com/a/ACg8ocLzKaOakCbHvqY1eaWF6iNJ0U-ls7Tde_ScoPMl1h7FLxvRIQ=mo,"bagus dan aku juga suka sama game nya, tapi aku kurang suka sama update Minggu lalu/udah 2-3 mingguan yg lalu tentang terbitnya fitur makeup, karena menurut ku itu kayak niru game zepeto gitu lho. kesimpulannya fitur makeup tolonggg bgtt dihapus karena rata' makeup malah kaya jadi nenek lampir 😭🙏",4,0,2.717.985,2026-04-21 13:37:44,,,2.717.985
f7c7fea7-0655-4370-b8cd-bc479d6e869c,Santika Leo,https://play-lh.googleusercontent.com/a/ACg8ocIbF7y0q9266jpCX5T6sUTG8eXNtvxAxUUPamkt7HJWrdnBMA=mo,seru aja gitu tapi pengen deh kalo baru download apk game Roblox ini di kasi 100 robux biar player bisa beli item yang di suka walau cuma dikit robuxnya tapi GK papa lah and it's okay aku kasi bintang 5 karna seru banget 🌷😚💥✨,5,0,2.717.985,2026-04-21 13:37:24,,,2.717.985
3ad6970c-be1a-4c84-bcd0-b6b01193cf40,Renis Wati,https://play-lh.googleusercontent.com/a-/ALV-UjVCXRRqLKWwB3ZiO5pdKPhke0Wi7S3d2cPtUOihGaAaWBOfesQ,apk nya bagus cuman selalu lag dan patah patah dan sayabg ingin roblox bisa ofline dan tetap rame,3,0,2.717.985,2026-04-21 13:36:50,,,2.717.985
dbd185c3-1368-4515-a72f-a5b8027eae3f,Irmaya Puri,https://play-lh.googleusercontent.com/a/ACg8ocLPeb4ltR-8kHR0RI4Kv4G7WhQATHGXtHv6DPjTbAO3t7zMZA=mo,wow saya sangat senang bermain game di Roblox saya ingin menjelajahi di Roblox,5,0,2.715.1115,2026-04-21 13:36:38,,,2.715.1115
4dc9cbc2-1803-40ab-a16e-979d905eb71c,Pipi,https://play-lh.googleusercontent.com/a/ACg8ocLMdUkNghAk3sklWqllIip_-PXgTLCy1u1KUH7baeKhTNLOSg=mo,bgus bnget,5,0,2.715.1115,2026-04-21 13:36:34,,,2.715.1115
4387da3a-19b8-400e-8a1c-10ac1891f3d1,azrina gazala falihah,https://play-lh.googleusercontent.com/a/ACg8ocKZHZRa5GLVEzwp3ZCFlxm2T6d0Uf-ZG0vStuN-dcx9aNubag=mo,asik kok cuman update nya bikin aku gbisa mbr sama tmn lagi🥲🤌😭🙂,2,0,2.717.985,2026-04-21 13:36:21,,,2.717.985
c20c5741-a66d-4c57-9498-60c91ebfbf3e,Fityan Nadhif,https://play-lh.googleusercontent.com/a/ACg8ocLctLQDr_0azhTxt7C8BFtgeuDRzEIYYOkAa2YOc6_WRb0ZuA=mo,𝚊𝚔𝚞 𝚜𝚊𝚗𝚐𝚊𝚝 𝚕𝚊𝚑 𝚜𝚞𝚔𝚊 𝚛𝚘𝚋𝚕𝚘𝚡𝚡,5,0,,2026-04-21 13:35:55,,,
bb0a365d-3f31-4dc9-a40e-7c7fcc180224,Dede Ayub,https://play-lh.googleusercontent.com/a/ACg8ocJbQDEyr35CoktIcT2zPKT_4ge9Rzj9d3iWW6bq2wQU9wNdRg=mo,bagus banyak gem nya,5,0,,2026-04-21 13:35:30,,,
fb6f8e80-1bd9-43c5-a7d2-fdec915976fb,Al Zaidan,https://play-lh.googleusercontent.com/a/ACg8ocJ5F7VQgxPPjJ5ZXIFZBorjn8IM4_08AJKFGC_MTCCiR_Qv7Q=mo,bagus sekali,5,0,2.715.1115,2026-04-21 13:35:10,,,2.715.1115
951df426-5892-4d9f-ad9e-508934aeacd7,Resky Eky,https://play-lh.googleusercontent.com/a/ACg8ocJHPFCSWvNC7B5sj7VcJMMuJraqkHuSCvY1BxaAGwMCWoSsVQ=mo,karna ini dih percayah seruh dan terkenal dih seluru duni yah,5,0,,2026-04-21 13:35:00,,,
4a181c8d-af09-4cd8-9b16-b6779dd9fc7f,Alifa Hibatillah ramadani,https://play-lh.googleusercontent.com/a/ACg8ocLs6A2Htm8PgLZOb7aVg7u1dhjcMQ20CC1uMlWH57MHgJFx=mo,I❤ROBLOX 💐💐,5,0,2.715.1115,2026-04-21 13:34:40,,,2.715.1115
2b5f2cc7-0fb2-4641-947e-07a927ea7186,Kanan,https://play-lh.googleusercontent.com/a/ACg8ocJ2mtGZn0sQ-S9qHwSNWYwEjo7nBxORX4dtzQ58dtwnXBIy4A=mo,"game nya sebenarnya bagus tapi semakin kesini update nya semakin aneh dan membatasi player, dan juga game ini kan umumnya kotak² tapi kok ciri khas nya udah mau ilang?, trus classic face nya dihapus cuma gara² kalian mau update makeup? menurut ku itu aneh sih",1,0,2.717.985,2026-04-21 13:34:00,,,2.717.985
edc79103-0643-478f-98ba-f725cc245864,Aisya syafira rahayu,https://play-lh.googleusercontent.com/a/ACg8ocKtAkaVIe_6w7yPraYJLJIaMmIbWzKhFL107pfNzot23l-JPA=mo,jangan kebanyakan update nya,5,0,2.715.1115,2026-04-21 13:33:10,,,2.715.1115
31cc59e5-7b04-4ff0-8129-ed90a2ada6e6,Vivi,https://play-lh.googleusercontent.com/a/ACg8ocI9uPCHl7riLD-8ON6EnvYAGAdK2cDUvE0qF71nIIP0dz7TPQ=mo,seru tapi balikin fitur chat lahh,4,0,2.715.1115,2026-04-21 13:33:01,,,2.715.1115
67519425-d18c-458f-8f69-8273b191bdef,Zia Nada,https://play-lh.googleusercontent.com/a-/ALV-UjWFi-6ImAne_egQACoPnso0SfCBCzAoA98sBQ3-Q0rbp28zLKs,plsa gamenya bagus banget aku suka 🤭 bisa mabar + bisa voice seru banget deh tapi ada yg aku gk suka BRAINROT!,5,0,2.716.875,2026-04-21 13:32:56,,,2.716.875
9b01e30f-929d-4420-a56e-cc411e78b7f4,ahun niluhum,https://play-lh.googleusercontent.com/a-/ALV-UjXAz2XhQ4PjtQbWd-SLgkazOpg4Sknz5mAByXx-1jEqQjRTFCE,"sukaa bageed,karna game ini online dan bisa mabar",4,0,2.715.1115,2026-04-21 13:32:38,,,2.715.1115
7b58b146-5264-442b-a032-6aaf65dc24b5,Rianti Yuliani,https://play-lh.googleusercontent.com/a/ACg8ocJLUe2q8kEHc7TfzHCu0yyaczxvzTQITeFnrJzRsF4I8WBksA=mo,kalo main yang beda beberapa hari pasti harus update mana MB nya banyak banget sampai memori aku abis tolong MB nya sedikit terimakasih,4,0,2.714.1096,2026-04-21 13:32:34,,,2.714.1096
2df3ea53-b9eb-47cf-9795-2fd46b41ccb5,Jeh An,https://play-lh.googleusercontent.com/a/ACg8ocKVuPDWjbac4qzViPwuo6tWrS_V2yCfc0OcIQ3A9m9Njh47vw=mo,bagus bgt ni game banyak bgt permainan nya dan gak lemot ini game,5,0,2.715.1115,2026-04-21 13:32:12,,,2.715.1115
17388918-f51f-4842-b86c-d2257e1eeb99,Dewi Fajar Nugrahaeni,https://play-lh.googleusercontent.com/a-/ALV-UjWSuOoOLxt5t5trrHcBw4Pcmz2KNco3ik9S5E6T0QENIsuD3eoN,game nya lumayan bagus tapi banyak aturan gajelas seperti berita roblox ada 3 versi dan verifikasi terlalu banyak,4,0,,2026-04-21 13:32:00,,,
306da146-c2eb-4dcb-9bbb-41be39f9d93f,Sey Puddin,https://play-lh.googleusercontent.com/a/ACg8ocKwo73E8NKenrIqHa8KtWfBFOeg5IfeDv1vgPnABfXZMPVh_g=mo,bagus,5,0,2.715.1115,2026-04-21 13:31:21,,,2.715.1115
9fb12b0a-42fc-45bc-9aee-3757ba28d4fd,Sokim simanjuntak,https://play-lh.googleusercontent.com/a-/ALV-UjX4xGEaW4_PA54jgXX3yOA3aUFXokgp_fmHBTLvHXTHH78CkYA,sekarang agak gak seru lagi🙂,3,0,2.715.1115,2026-04-21 13:30:36,,,2.715.1115
e75fe850-d6d0-46e4-9f17-e6ca4daa4262,Meta Lestiani,https://play-lh.googleusercontent.com/a-/ALV-UjWwIJVYElwtuC1bKZcE_gBBeQhOnThlIJ4Mc8Xq7yp4p5DHzIZR,bagus,4,340,2.717.985,2026-04-21 13:30:24,,,2.717.985
ed1092fa-fcde-4cb3-9d08-b7248c619e43,Atika atika,https://play-lh.googleusercontent.com/a/ACg8ocLZg7h3VWeDaBTHMKh_N9iUBn7jrS9ClWwT8hccAKRQKDBOCg=mo,mb nya terlalu banyak jadi GK bisa buat hp yang memorinya dikit,1,0,2.717.985,2026-04-21 13:30:22,,,2.717.985
7a3b3136-15a1-455a-9531-37675577e75d,Dw Ayu,https://play-lh.googleusercontent.com/a/ACg8ocL-KeJZvbSGTwmLp4rInRigFU8Zntu7xLK7y2FXWq9EJD4irA=mo,"bagus,tapi ko di batasi umurnya🤔☺️",5,0,2.715.1115,2026-04-21 13:29:57,,,2.715.1115
32f55ac9-d85c-46fe-a5bb-d4722ae487b8,Daffi Fathan,https://play-lh.googleusercontent.com/a-/ALV-UjXFDvgohGJg5-X1kYxYdezMNhNsTshykV7bd3ULMUvbwCmBadvY,geme nya GK bagus,1,0,,2026-04-21 13:29:55,,,
731c4667-7398-4c77-ba5c-21f774648037,Aillen Olivia,https://play-lh.googleusercontent.com/a/ACg8ocJNTZL3P8YIT6XG0DGhACYni_5AP_uhRj8YMYfH1hFyWZyAPw=mo,aku suka Roblox tapi kenapa ya harus gak bisa chat bisa sih tapi kan harus di atas umurnya,5,0,2.717.985,2026-04-21 13:29:54,,,2.717.985
069c8c5e-539f-43c1-8dab-d6814a150172,Dymontz Rymon,https://play-lh.googleusercontent.com/a-/ALV-UjUNeVQPSYMjsa8zUlls2qLcWZuQ3MUnjxnqgssncFlJ7my5xTLi,BALIKIN CHAT GA LU DAVID BAZUUKI!??,3,0,2.715.1115,2026-04-21 13:29:38,,,2.715.1115
93dd2036-917e-4a6b-959b-3155635303ef,Karmila Nindhi,https://play-lh.googleusercontent.com/a/ACg8ocIfJvJ77bvlShUGAmZ3ozYYOoMD7Qes1dtHhAXcuspRRgDIGw=mo,b aja sih penurut aku,3,0,2.715.1115,2026-04-21 13:29:01,,,2.715.1115
333be03e-a11d-46d1-b214-4cbf3f0eebdd,Naila,https://play-lh.googleusercontent.com/a-/ALV-UjXXue-7TRmMaQtbyz_UyCdSvvDOxeM1Zx_dehYWWhKMNaINURjO,"i dont like it, ROBLOX YOU'D THE BETTER REMOVE CHAT VERIF I DONT LIKE IT GET RID OF IT NOW!!!!!!!!!!!",2,0,2.717.985,2026-04-21 13:28:57,,,2.717.985
ae021726-17b5-4c2d-8627-710728689359,Hanifah Zahra,https://play-lh.googleusercontent.com/a/ACg8ocI3eJfR8yvLW2hLjGlfYJWJayAV9c6YUNYajTSGlyMhzN0i2w=mo,permainan baguss ada fitur ngaji sangat bermanfaat,5,0,2.716.875,2026-04-21 13:28:32,,,2.716.875
2d9df739-f5d5-4cba-a4eb-36d3489e9072,Arjuna2011 Damar,https://play-lh.googleusercontent.com/a/ACg8ocIZDZWPlAxNAc_mllgpgKlMNaLDuLb7iRM9dheesdcOIkqnIA=mo,bagusssssssssssssss,5,0,2.715.1115,2026-04-21 13:28:07,,,2.715.1115
36184114-848b-4724-96a8-609235dc1905,Nova Adni,https://play-lh.googleusercontent.com/a/ACg8ocLr3t00cq0ALSCkKyvl6EgtpvQ1Na7AEUPGFbqZwT7cPTbfYA=mo,bagus gamenya,5,0,2.715.1115,2026-04-21 13:27:49,,,2.715.1115
62cd24e6-9fab-4963-9794-d22c4d4c29e9,RiyanniPutri Asri,https://play-lh.googleusercontent.com/a/ACg8ocKooDwukN_ee7BjzD6yuOi01RDg8UZkFGR-q6eiK-uKjQgaRg=mo,game nya bagus,5,0,,2026-04-21 13:26:16,,,
c52884cc-979d-452d-96a8-7c5adfd6513b,puti Maulidya,https://play-lh.googleusercontent.com/a/ACg8ocI62n381DW1MQSMsoAREUdtfJtxN7HS6WPyVEJMxcd-QdkT3Q=mo,karena bug nya byk bgt dan sudah tidak ada lagi chat cuma bisa di brookhaven aja itu pun dikit bgt 👎🏻 oiya 1 lagi klo ada teman yg gabung gak bisa nyapa,1,0,2.717.985,2026-04-21 13:26:08,,,2.717.985
10f2c6dc-0a02-46a6-9ddf-bb05b8d9e790,Haeni,https://play-lh.googleusercontent.com/a/ACg8ocIkAvTbx_C5CdZJTBHPw3leTTOZ79qkIwk7VltG92JBKowm=mo,bermain lebih enak 👍👍,5,0,,2026-04-21 13:25:40,,,
6f5b9efa-d29b-41cb-a2c5-04783bf69c06,Raa. Tuu.,https://play-lh.googleusercontent.com/a/ACg8ocKInA876kpTk5_QL8Zt3bFhbBWWilAcuYEepQB5BzvR8Yo1hA=mo,gamenya bagus tapi gabisa offline kayak Download mode mode dulu baru bisa main offline gitu,4,0,2.717.985,2026-04-21 13:24:49,,,2.717.985
ac62c975-1968-4bef-8567-b2223152e961,nevi laaAaaA,https://play-lh.googleusercontent.com/a-/ALV-UjWo7WqqC13__0o_7zyES-pgnBG_OfQEKIp0Fano0nGVDL5p5bds,sangat bagus tapi tolong dong update nya dikit aja soal nya hp ku ram nya kecil tolong ya david basuki,5,0,2.714.1096,2026-04-21 13:24:34,,,2.714.1096
4e7bdbc4-93b7-43a6-bfdb-12b9a408b05c,Muhimah Himah,https://play-lh.googleusercontent.com/a/ACg8ocJ_HxeeHR8QRQRnCXR09-rPpmdeRBX9v0DZ9I-wU_83Q01JVg=mo,gue kalo main ini game leg banget padahal satu permainan ini yang gue instal tolong yang buat perbaikin lagi masa wifi sama kuota penuh sinyal oke gemnya tolol kan gue jadi males main leg banget,1,0,2.717.985,2026-04-21 13:22:19,,,2.717.985
ae260e5d-e135-4e58-8ddc-d01e48ebd9fa,Salsa Bila,https://play-lh.googleusercontent.com/a-/ALV-UjUhseH5NTqbm2e0DYJWG3uE8TbOVRAyCIplNANeDIR3aBZtqg,suka dissconect padahal jaringan bagus2 aja semoga cepat di perbaiki,5,0,2.715.1115,2026-04-21 13:21:55,,,2.715.1115
bdaab32e-532f-4dfb-925a-4792583e40fe,Natasya Putri,https://play-lh.googleusercontent.com/a/ACg8ocIc6fLaJNiSxZiDbOTnP_qrShF_YR-Su03FUrbU7F3AnV1X-g=mo,seru banget game nya bisa cat terus bisa punya temen baru dari berbagai negara,5,0,2.717.985,2026-04-21 13:21:50,,,2.717.985
f49f9b8a-9f61-408e-a907-88c30b030605,Quenza Rhea,https://play-lh.googleusercontent.com/a/ACg8ocI2CVvcDgYujOM8zBzrH_KBJ6fI4i1mDUupp-AgYNMme_7Fhw=mo,tapi kok lama lama RMB nya nambah,4,0,2.715.1115,2026-04-21 13:21:43,,,2.715.1115
ca41ffcc-d16b-4f7d-aa54-66ab6fe65aae,falisha rafat,https://play-lh.googleusercontent.com/a/ACg8ocKAVDfXTCvt-YERXrFn-Z_b_j6i2d9Tr8i3GUFGgc0QRVouMQ=mo,Aplikasi nya seru🤭,5,0,,2026-04-21 13:21:36,,,
300cc454-0fb5-4abc-b71c-9f6d301f9bb8,midogyuthe,https://play-lh.googleusercontent.com/a/ACg8ocJwkmXHGrQGbYMYh1PysrLi3rxqeVSYWYVihhISu2Qb2BDvrg=mo,good,5,0,2.713.912,2026-04-21 13:21:34,,,2.713.912
92fe6eec-07cf-48eb-b90c-5d711392b63b,Rahmad Kurniaandika,https://play-lh.googleusercontent.com/a-/ALV-UjW6EMrDiV9digw_xI9MaRN10EoyaV-2X9bUQSXzDo4_0Tq9tPq7cg,"Gamenya bagus,tapi saya mohon untuk hapus Avatar bacon dan benarkan sistem umurnya",1,0,2.715.1115,2026-04-21 13:20:07,,,2.715.1115
f6d2d0d4-3fea-447e-8825-b298870fdf3d,Felicia Felicia,https://play-lh.googleusercontent.com/a/ACg8ocIAi9-ydGiW87b6or0HgPTA9E0TqO2aAKZc0P5UHFh0PxL2HA=mo,chat nya dibatasin ngapa dah,3,0,2.715.1115,2026-04-21 13:19:50,,,2.715.1115
cc0c4724-bf80-4dcf-9c54-5d9d3f427f09,Adam Dan Fatih,https://play-lh.googleusercontent.com/a-/ALV-UjUY8vuS1sqLi6bJlEM0IK6Zg1SJqdKBn7pUZxLpXIIYMS4hQiE,gw suka sama game nya tapi gw gak suka sama updatenya,4,0,2.715.1115,2026-04-21 13:19:41,,,2.715.1115
e31531b6-cc13-46cd-a737-e543f87a75dc,Radja abfi Septrian,https://play-lh.googleusercontent.com/a/ACg8ocJ9aslIxXo6kMFEc3TElRRFwLlC5lewSIom-qcegAp4h7CZrQ=mo,"game nya bagus tapi untuk tahun 2026 ada ferivikasi, susah banget kalo mau main",2,0,2.688.862,2026-04-21 13:19:39,,,2.688.862
8138da1b-7927-4dad-87b6-38305d9616f9,Dafa Ni,https://play-lh.googleusercontent.com/a/ACg8ocJJuBj88h8QP3eY0EWMTggBg7zHs-pXLlJKrINM01X_PH8S3A=mo,bagus si tapi mau beli Robux gak bisa,5,0,2.715.1115,2026-04-21 13:19:31,,,2.715.1115
bd3ac375-3d8f-41d2-a32a-7c181f822c6a,Dede Saefulloh,https://play-lh.googleusercontent.com/a-/ALV-UjW630-4rq_W5xiAR5bEyv816j78CVstkJzB_OP4wf63VztJl1fHPw,I LOVE SM THIS GAME,5,0,2.715.1115,2026-04-21 13:19:22,,,2.715.1115
0837ad4c-cc11-4af2-ab79-4486f8d54094,Devina Dewi,https://play-lh.googleusercontent.com/a/ACg8ocL3adJ3LGkpRrgRCYy2KAfAqSXJHehDAdxUQzGYC-p-YXKXKg=mo,yang saya tidak suka itu adalah peraturan yang Roblox berikan terlalu banyak tapi saat saya bermain saya merasa enjoy saja atau biasa tapi mohon persyaratannya jangan terlalu banyak dan membuat pemain Roblox bosen sampai mengganti permainan 🙏,2,0,2.717.985,2026-04-21 13:19:18,,,2.717.985
5000eaa5-08ca-434f-8d11-4f1236fa95e7,Fazar Aprilio,https://play-lh.googleusercontent.com/a/ACg8ocL7IAcQDoEHQUXWlFJ0c7juKLPl3KiW9fgZoBlJcfxQ_joJYw=mo,ebujug seru bet dah,5,0,2.715.1115,2026-04-21 13:18:36,,,2.715.1115
4d5e221c-56ff-410d-8c5e-0cb482faecee,Raisan Fareez,https://play-lh.googleusercontent.com/a-/ALV-UjWiVyUYXAFG4mCXK_OCTmGyk_m4YiXsMGMQgNVWK-GUAhsMz2s,game nya sungguh seru dan plss tambah kan arg event pls?!!!!!!!!,5,0,2.652.765,2026-04-21 13:18:32,,,2.652.765
f0bcca41-6ec4-4485-a89f-78898b854a13,Sakino Sakino,https://play-lh.googleusercontent.com/a/ACg8ocKhIlRGmnuIykGpQmg39ShfXbj4X13OdFTM2ClORH0_XMI8nQ=mo,jelek kalau mau main harus akrep,1,0,,2026-04-21 13:18:29,,,
bae44146-cf60-45bb-8fe4-f54fde289ef3,Triyono Riyo,https://play-lh.googleusercontent.com/a-/ALV-UjWwFmPD3WR8btZA3xsm7mClTh9xd4JutUBAdDVsoyii-CCXqYQ,update aja trs/just keep updating😹🙄memori ku penuh my memory is full 🙄,1,5,2.715.1115,2026-04-21 13:18:11,,,2.715.1115
62ac7250-4f27-43fc-a025-2e3377023a57,Ayra Amira,https://play-lh.googleusercontent.com/a/ACg8ocLcq_E0N8F5O3SQivCkBGOSDW6rzdIAyYRc7F8Sq9yxEKuIXA=mo,Roblox kerator Sangat keren juara satu yeeeeeeeee,5,0,2.715.1115,2026-04-21 13:17:48,,,2.715.1115
bfd8b5c6-9e2f-4c0d-9f47-2fc77044156c,raisha azza,https://play-lh.googleusercontent.com/a-/ALV-UjVYnmyk3-7YlMiqwOziOyGkDUY7CzFi1y8nEutuWhjFSLY0WgeG,jlk bgt hokcuh. dulu si bagus..semenjak ada pembatasan fitur chat udh males bgt main ni game,3,0,2.499.381,2026-04-21 13:16:52,,,2.499.381
1727accb-93c0-4973-a097-14b95806eaa0,Aprilia Wayat kurniyadi,https://play-lh.googleusercontent.com/a/ACg8ocKtKqCSdHzfi4hJR5gzPfCDiFqCrNjDTSrSq9TfuvgA0zoMNg=mo,aku gak bisa main lagi karena rblx ku di blokir,5,0,2.717.985,2026-04-21 13:16:05,,,2.717.985
968c4876-c255-4c81-a2ac-0a323318c81f,Aqilah Saja,https://play-lh.googleusercontent.com/a/ACg8ocJeMtc4eQawz1K89zHmx8HJflRRUvpgILovRoNbTE3nBtZ_GA=mo,"BHS Indonesia:game nya sangat bagus banyak teman banyak map banyak hal hal yang menarik ada pencipta game nya juga ada hadiah pemula jika baru masuk map dan LLN tapi semoga saja update kali ini ada fitur anak anak di atas umur 10 THN bisa chat agar kita bisa melihat chat orang language: English The game is very good, lots of friends, lots of maps, lots of interesting things, there is a game creator, there are also beginner prizes if you are new to the map and and, but hopefully this update will",5,0,2.717.985,2026-04-21 13:15:16,,,2.717.985
bb7d78eb-fbe2-424c-8761-f4bc6e3df65a,Natan Saja,https://play-lh.googleusercontent.com/a/ACg8ocL1F4adVSZydWLRM9iZubyGQBSJvLUoP_EsNogtmpa9nwvOIw=mo,Good.,5,2,2.715.1115,2026-04-21 13:15:07,,,2.715.1115
28a014bf-bf07-4cec-bcb2-064f3db98072,Widya Ningsih,https://play-lh.googleusercontent.com/a-/ALV-UjXEUoNriuDLx3JmxSgkrcRH_xplIbFTtbuxziKIn_du47e2jscDGw,"ak main udh dri 2020, perubahan dari tahun ke tahun bagus bngt! game nya oke, fiturnya oke, tapi mohon hapus hal yang tidak senonoh seperti item, server dan perkataan kasar di sensor.",5,1,2.715.1115,2026-04-21 13:14:41,,,2.715.1115
ac75fa54-9c40-409f-b513-a2ffb31ff049,Rasna Hayatudin,https://play-lh.googleusercontent.com/a/ACg8ocL5x9xKP3nl8SR9cL6pwiINCmcYg7smwm4hJtD6sOtYy_Dg0g=mo,sangat luar biasa,5,0,2.716.875,2026-04-21 13:14:32,,,2.716.875
8afa72ab-a90e-45cf-8ae2-68b24bab59a3,Squid Game,https://play-lh.googleusercontent.com/a/ACg8ocK5P2cPKSBQRtSesz2kQiS2ROIKGos4QcCit6SXv04Skyuh-g=mo,"BRING BACK THE OLD ROBLOX! I know this is for the good of children under the age... but... how do we communicate? Players who have played Roblox since the past are also disappointed, how do we communicate...",2,0,2.715.1115,2026-04-21 13:14:08,,,2.715.1115
db6020bd-18ba-4584-83de-527ddea94579,Rika puspitasari,https://play-lh.googleusercontent.com/a/ACg8ocIoqz28v2gUday1y371-lrHg8so6r7jKSA9VBh4gD-VOZw-dA=mo,saya agak malas sama geme ini soal nya update yang aneh kalo update nya gak aneh saya kasi lima bintang,3,0,2.715.1115,2026-04-21 13:13:58,,,2.715.1115
ba0a2053-45ea-4552-8220-7ed1714f1cbe,Azizah Nur Rohmah,https://play-lh.googleusercontent.com/a/ACg8ocL9Wl1Fm9MTRhXe3YWrfVQFhTLQ79-twixq1ml2uYwU3OqDfw=mo,pelajari lebih lanjut,1,0,2.715.1115,2026-04-21 13:12:56,,,2.715.1115
c66a2a32-caca-4296-904c-ed9ce0ca763a,ni luh gede sukarini,https://play-lh.googleusercontent.com/a/ACg8ocKUQtwKxXSIPKQizEjelfT-vWJ4aWB413ElKkwUoY62f5CDkA=mo,seru cuman ngeselin kalo ada kata koneksi terputus,5,0,2.715.1115,2026-04-21 13:12:45,,,2.715.1115
7efdb037-bf2c-4e47-a75d-cdb18092dda1,RIFKI Deska Pratama,https://play-lh.googleusercontent.com/a/ACg8ocI80omSqqMB39sPVeAJ29x5G59QSKEUIU9ZoTE-29yf2_ohWw=mo,bagus,5,0,2.715.1115,2026-04-21 13:12:14,,,2.715.1115
f4c53b05-461b-45fc-8b56-e7472236a46f,aulyaa aa,https://play-lh.googleusercontent.com/a-/ALV-UjUwsMwMS473i5dshOgEAaWYgd_D0q_LcDn51zSmE5lgrwFpCHI,seringkali updrade,3,0,,2026-04-21 13:12:09,,,
cd04dd96-bc07-4110-9c7f-bd5b22147daa,Jaleha Mutz,https://play-lh.googleusercontent.com/a-/ALV-UjWUcG9HZIX8Z3n4LiBzHR6VV-kYOxg-u2uAzolvgp8wx-C-opu4,asik dan banyak teman baru☺️,5,0,2.715.1115,2026-04-21 13:12:00,,,2.715.1115
948cf958-c740-48ad-982e-419fdc9bdda4,Rantau Tengah,https://play-lh.googleusercontent.com/a/ACg8ocJabDszfio5BvPbgTpJqIhivIg4N6NOnsUJN0kG3gEUPL2D=mo,"Seru tapi jangan keseringan update, karna aku penyimpanan nya penuh dan foto yang ga penting udah aku hapus tapi masih ga bisa update, update nya jarang-jarang aja",4,0,2.715.1115,2026-04-21 13:11:52,,,2.715.1115
7213faa8-d09a-4eee-90b6-9fa961021235,Ridwan Susanto,https://play-lh.googleusercontent.com/a/ACg8ocLrZ4X-Q16CJd-JFFFtAibc-XrhfNrvNZvsMxu-CqjM19TxOw=mo,bagus,5,0,2.715.1115,2026-04-21 13:11:46,,,2.715.1115
7a48239a-b044-43c6-bb0d-cc31e835c945,Zahra Pricilia,https://play-lh.googleusercontent.com/a-/ALV-UjUHYR2ICX021BXbjaeYJXPbO6rlDaCnxFpnVmp5kJi3_65NXn6a,bagus sih tapi banyak anak² yang berpacaran dan pelecehan tolong cepat di buat kan Roblox kids dan selenct soalnya ini banyak anak anak,5,0,2.717.985,2026-04-21 13:11:20,,,2.717.985
032cd914-2677-420d-9446-a5096febf433,Adiano Tristan,https://play-lh.googleusercontent.com/a-/ALV-UjW8dTBQi1ZYy89NCBsziLzd8C5_bc1YWwpXA4BKnu6ybmJhrxI,sangat bagus,5,0,2.715.1115,2026-04-21 13:11:15,,,2.715.1115
9275f7fd-a112-4c56-bed2-9b601d019387,Ilbi Ilbi,https://play-lh.googleusercontent.com/a/ACg8ocJbjv1PS24Uzgguw0LhM1hQ5aJ_UNN48j36sfAxYgAzG6zXLQ=mo,Roblox butut Roblox bikin goblox,1,0,,2026-04-21 13:10:39,,,
5b08e74c-dcc1-46c4-a40b-ec95d745a3b8,Nur Assyifa,https://play-lh.googleusercontent.com/a/ACg8ocJ-HkldsL2yCzYeU1pl6ZvZIRDH22_u1c7RWEgT6qkW6dttTQ=mo,"update mulu kesel, ngapain sih pake kadaluarsa' segala kayak bener aja game nya, seru ya sery tp banyak bgt bug yg harus di perbaiki",1,0,2.717.985,2026-04-21 13:10:27,,,2.717.985
27cc7df1-cdc3-47a5-9f03-e862b157f730,Robik Adawiyah,https://play-lh.googleusercontent.com/a/ACg8ocIrCnRNDKhcZyElL9sF3U0a5vkNMmzYpyVoISL8mdkhHjB_-A=mo,game ini seru jadi banyak teman dan permainan nya banyak juga,5,0,,2026-04-21 13:10:09,,,
3276e597-69a4-4948-a78e-494984f8f857,Kaiza az zahra,https://play-lh.googleusercontent.com/a/ACg8ocKXMT49GC3ktfJehX22CNKrrY-v3wxfGXi18qfJTNXs8uRRWQ=mo,seru banget Roblox tuhh apa lagi kalo main wallhop seru bangett ini game favorit aku sih🤭🤭,5,0,,2026-04-21 13:10:00,,,
ccac4417-673d-4030-94f6-3eabe76eb406,A. Rudianto,https://play-lh.googleusercontent.com/a-/ALV-UjXmoiuS48gJy-x-ZI09vgvqf3CAAD2dgbgFuCbNchx-lXQVbRk,Roblox aneh pas mau di uprdage gak bisa ini kenapa huh gak bisa orblox,5,0,2.717.985,2026-04-21 13:09:33,,,2.717.985
04717faa-ae0a-4c6e-a39d-80df5f3e8067,Muhamad Nurdin,https://play-lh.googleusercontent.com/a/ACg8ocJXYKqeSzwcfucFWIislPpfLwm2RTlQoyDKaNNWVLkJ2k2tuA=mo,game nya sangat seru dan bisa Mabar juga dengan teman juga banyak game nya,5,0,2.716.875,2026-04-21 13:08:59,,,2.716.875
f3eef223-00a0-4ae1-9dee-8a553c61609f,Aisyah Mufidatulummah,https://play-lh.googleusercontent.com/a/ACg8ocL1qFQjcnvqLIbIsWvG0CgCNCOCpTz0Dmx8l6TVDMXNPBjF2g=mo,game nya wow banget dan map nya banyak pokok nya debast💫🤍💯,5,0,2.714.1091,2026-04-21 13:08:47,,,2.714.1091
477c671d-9e3c-4051-a688-8548738edba6,Esemmu Jos,https://play-lh.googleusercontent.com/a/ACg8ocKIggnwPHLgSD_9teIIz0vJjUwuD7ozGg9OuMuZPSqvFkVezg=mo,roblox pls balikan vitur chat😭😭😭😭,5,0,,2026-04-21 13:08:26,,,
e95b05ae-75f5-408f-83a0-c8841048f3b6,Tsania Mazid,https://play-lh.googleusercontent.com/a/ACg8ocKi11Pc0feRg0k5n05ebs5aRVt0h5g-LI12I0XV9f7QZ2WkgQ=mo,Gamenya bagus dan seru tapi sayang kalo gak dimainkan sehari langsung disuruh update,3,0,2.715.1115,2026-04-21 13:08:24,,,2.715.1115
3ce69230-eb9f-4419-be9e-86f00c4076b6,Qaayed Eidlan,https://play-lh.googleusercontent.com/a/ACg8ocJPOGMhRmEwfJWCl18DEDA3EWbKBbdAG4oWXxfP8oi6gttxOQ=mo,KEMBALIKAN CLASSIC FACE,1,0,,2026-04-21 13:08:06,,,
69d7fd76-ed93-42b0-bc89-df9061caa4c6,Nurmaini Nurmaini,https://play-lh.googleusercontent.com/a/ACg8ocKsqnh5dOMImIgeousXFTvxHZJ0CUxgv8Po60i8XSwV7-B-CQ=mo,"L UPDATE, DON'T INSTAL",1,0,2.677.762,2026-04-21 13:07:15,,,2.677.762
fb4926c7-041d-44f1-a812-56d49e0e3772,Rosma Waty,https://play-lh.googleusercontent.com/a-/ALV-UjWA8hd50-c3VTCmy6fKzeO2mvkN6yuhYNwdRvROTkNZHOk4Lnju,boleh la,4,0,2.715.1115,2026-04-21 13:06:31,,,2.715.1115
d104838b-65f5-4d5a-9c8d-252b8877acc9,pipit Komala,https://play-lh.googleusercontent.com/a-/ALV-UjWFBxp3sezeQrPbvvHgqnIRVlgkzYoKoBDylHEEGB3L_YbiuvQm,aku tau Kan kalau main roblox seru banget tapi robux sape hilang hilang robux nya tinggal 0 gimana 😭😭,5,0,,2026-04-21 13:06:00,,,
529ebd76-9e83-439d-b74b-18cf4599a60f,Fahri Ramadhansyah,https://play-lh.googleusercontent.com/a/ACg8ocI6Oa61s6mvy1wFl7lDmvuVbwxN4pjWuQJ_P_4XZ-mlIpN2Pg=mo,game good,5,0,2.717.985,2026-04-21 13:04:49,,,2.717.985
0d1ece38-cc67-49d3-ba9a-3ad460a43554,Muhammad Rosid,https://play-lh.googleusercontent.com/a/ACg8ocLSL-94iZeSRJe3ygT0L34Tn-vZxxUmSVhjkIuU8nEJKHHsgQ=mo,game nya seru tapi ga bisa chat,4,0,,2026-04-21 13:04:12,,,
4ae4febc-e711-42df-8b89-385593b1afc4,Saril Johan,https://play-lh.googleusercontent.com/a/ACg8ocKyQJ8_oG7C0LFo24NUk6uIXsjTI_LzxDGedntrzMBDKIbBFg=mo,seru tapi kangen Roblox dulu aja,5,0,,2026-04-21 13:03:59,,,
bff15e12-17c2-4ae1-95d5-248b9628fe04,Vennydumai873,https://play-lh.googleusercontent.com/a/ACg8ocI278JjDYOjlKGTOxMQnW7YlZQce1THM2cwiwyv5E_vzsjFQw=mo,owner nya plis jangan update² yang enggak²,5,0,2.715.1115,2026-04-21 13:03:17,,,2.715.1115
bd38e182-c5c1-42a7-997b-95b99101c216,Faeyza Abdullah,https://play-lh.googleusercontent.com/a/ACg8ocLfB6lV1_drfStDcSLMSqJdK01UJTcNQeuB1qKQ4k4JsGXiuQ=mo,yg masih kecil masa gak bisa ngecat parah banget 😡😡,4,0,2.717.985,2026-04-21 13:02:52,,,2.717.985
dbc50c8e-2500-4148-b736-def493d5ea7b,Alvarotambunan Tambunan,https://play-lh.googleusercontent.com/a/ACg8ocLvwtsFWPY4x4EoYQdDka4QckTyY6tUCfZcNi34x_grDUCXQw=mo,aku gak bisa update game ini,4,0,,2026-04-21 13:02:14,,,
bf092659-4347-43f8-bf87-5b231c2f7d10,Aan Andriano,https://play-lh.googleusercontent.com/a-/ALV-UjXMnw0PBVwASu-i9KR2JLGA4u75Pm4XqF971AgTjziNy9QYTtU,Game nya bagus tapi update nya sampah. iya sih mau lindungi anak anak tapi ini malah kayak bantuin. predator nama nya,1,0,2.714.1096,2026-04-21 13:02:12,,,2.714.1096
d7c517e3-18f8-4d57-815b-b8a7f93a57ad,Harno Juwiring,https://play-lh.googleusercontent.com/a/ACg8ocJ3wjsxrI8VPyCc2QEvs30YBJ4Inj7ccmrqch-hgp6yIU5UPA=mo,sangat meyenangkan sekali,5,0,2.715.1115,2026-04-21 13:01:56,,,2.715.1115
c114db4a-f49c-4adb-8187-8c972b1ef38f,isma ilman,https://play-lh.googleusercontent.com/a/ACg8ocJvhicv7J3FMlT67phJlAbFok4pv84_W3ohuGU5Snjnz3nSGQ=mo,lumayan bagus tapi kalo jato harus ulang lagi😭😭😭,4,0,2.715.1115,2026-04-21 13:01:53,,,2.715.1115
e19d0eb5-b829-46d7-a721-52dfd152ffb4,tris 211,https://play-lh.googleusercontent.com/a/ACg8ocIAApPGVkqfgl2I7NwYBH47t7JayQwyfxzk8MTBM444YwkeYA=mo,bgus game nya tapi tolong balikin fitur chat nya dongggggg,4,0,,2026-04-21 13:01:35,,,
092881f6-c12c-4d8b-8aa5-85590b816e83,Nurohman Nuh,https://play-lh.googleusercontent.com/a-/ALV-UjX0KI6IdafYuS1P6TUGQibrYzbgVNlGXIgHUMnsX45O_zR2kRii,update terus,1,0,2.715.1115,2026-04-21 13:00:48,,,2.715.1115
df9ef73b-bf53-4e50-86d1-674cea80cbb7,Bagong Sanjaya,https://play-lh.googleusercontent.com/a-/ALV-UjU5LI3hTHAbDO7OTEaGVyirpQ6qwcAS19DpbvJvSHM4Ymn3a1jt,ini geme bagus sekali,5,0,,2026-04-21 13:00:01,,,
2dcf418b-6b16-491f-97cf-1df4b662bf34,Iqbalmuhammad,https://play-lh.googleusercontent.com/a/ACg8ocINg2NtuBWPri3WkKe5PtrE1IvX7aAi3Jf1HHNtcs_I60cS7g=mo,gabisa update susah pusing ga masuk terus walaupun udh di download,1,0,,2026-04-21 12:59:55,,,
a4f41de5-80b4-41be-a094-eff54b04ed2a,Lan Arandheash._.,https://play-lh.googleusercontent.com/a-/ALV-UjWPimBTS0Oc01aoFpeJEdVYX1EG-10ay-NJ1C8xUTjeZZkaPtY,"oke sih game nya, ga bagus, ga jelek juga, yaa pokoknya oke lah",4,0,2.715.1115,2026-04-21 12:58:42,,,2.715.1115
ddc42c17-3ffc-4f51-8144-33ce94fe14cd,Mohammad Arif,https://play-lh.googleusercontent.com/a/ACg8ocJIE4sojtB14cu5JCV5oVCDJs1-qegFGSf9X6QC4n-Y2tvjow=mo,"gamenya bagus,tapi kadang kadang banyak bug, kaya wifi aman tapi diskonek",3,0,2.717.985,2026-04-21 12:58:35,,,2.717.985
cd52d2e4-6dc3-4f34-8af9-7259800fd9ef,Dhani l BSK,https://play-lh.googleusercontent.com/a-/ALV-UjUHnjkTpPChtgGgPQLGItQH3KLbZM41APyt8VPHddmH37AI_ZA,Karena bagus keren,5,0,2.717.985,2026-04-21 12:58:27,,,2.717.985
b97f551f-6da3-46ca-ad82-82864640ea06,Lunyxshz _aku orang asing123,https://play-lh.googleusercontent.com/a-/ALV-UjWHaz1mESYCEod0qhx5N-Md2gOHJLB6Z7C8TU6f4kPBFmlfG0Y,gamenya bagus banget loh apalagi map Brookhaven bagus banget bisa ganti ava yg bagus² kalo kalian udah ngerti caranya mainnya sih pasti seru ya tp kalo gk tau minta tolong ke seseorang yg punya roblox aja pokoknya ini aku rekomendasiin banget 😎👍👍👍👍👍,5,0,2.716.875,2026-04-21 12:57:35,,,2.716.875
a34323b2-05a4-4f8a-b52d-b22714595316,Suyantin1234,https://play-lh.googleusercontent.com/a/ACg8ocK-Sj1nQJMEVkPFSBWrfD9GAqfjCKzKJ0M2TRPA0RLWjQbFeA=mo,bagus kok tapi ada yang kurang aja sedikit Roblox itu offline aja klo pake wifi itu ya ada yang sering repot kerumah orang KLO GK punya wifi plisss ya offline aja,5,0,2.715.1115,2026-04-21 12:57:07,,,2.715.1115
d05f6d7f-98c0-45ee-8a10-10e2c8ef1c67,Sakira Sakira,https://play-lh.googleusercontent.com/a/ACg8ocL0x08coPPPz0-pqa-ExQp3-50hEXunxCLTea8JeoAVx9iY8g=mo,suka bgt tapi agak lag dikit🙌🙌😋😋,5,0,2.714.1096,2026-04-21 12:57:06,,,2.714.1096
8f049fed-1a2a-48d0-8cd8-3011e91dbc96,Khafifah,https://play-lh.googleusercontent.com/a/ACg8ocJbT_edF8Dr4lItgUB0835ePXR7GGzpgU--st0yMO8ntaF4Hg=mo,tolong roblox menjadi semula,5,0,2.715.1115,2026-04-21 12:56:46,,,2.715.1115
162b6b4b-3e4d-4a80-b990-70fa57194abe,Yuri Wahyuriadi,https://play-lh.googleusercontent.com/a-/ALV-UjWxfYHKHOPyvC8XeFYWeFcGAMhHBD_jF_mfsAP44ELM_xuCD5Iw,game ini banyak permainan nya jadi bisa saya pilih,5,0,2.715.1115,2026-04-21 12:55:58,,,2.715.1115
4015a0f6-ec0c-482f-b026-80bf48153c18,Nadhifa Nana134,https://play-lh.googleusercontent.com/a/ACg8ocJUqMTfA9KDcdTROF63O4krKTADbOXezyWQtIsk0-THcRc6dg=mo,sangat seru,5,0,2.711.876,2026-04-21 12:55:41,,,2.711.876
7b350b3e-a64e-411c-b493-108ac7bb1382,Piece One,https://play-lh.googleusercontent.com/a/ACg8ocJ-ZDwqXMuqoNUzWSNFtmWg954NCtNs76dIIT-LksH1RkfqRg=mo,seru banget ih seru ummm banyak map,5,0,2.715.1115,2026-04-21 12:55:09,,,2.715.1115
7bf54f36-5948-4595-9693-a916628ec56f,sky childern v2,https://play-lh.googleusercontent.com/a/ACg8ocIkWbMUcdMaejklqKjKp_zPv0dkHVRmC8L9UitOELjCOHK5rg=mo,free schlep,5,0,2.715.1115,2026-04-21 12:55:09,,,2.715.1115
158d4858-4abb-4f83-a8ec-5c0e1ca2aaf8,salsabila ananda,https://play-lh.googleusercontent.com/a/ACg8ocKzqpntpwIXU6Pa3d9DVmOC1mwqfH1SEAM76uKqMGMQ4LkKEg=mo,gem ini bagus tapi pake internet,5,0,2.715.1115,2026-04-21 12:54:35,,,2.715.1115
d59f0f66-34b5-4308-b55a-4fa5dc35a842,achmad solechan,https://play-lh.googleusercontent.com/a/ACg8ocKvS8srxFGRIJ7lqMHeh7WmDnast9ABmrdZbY7nv_NpmAcLrw=mo,KARENA UPDATENYA TERUS ANJ,1,0,2.715.1115,2026-04-21 12:53:28,,,2.715.1115
075ceb22-de8d-412e-8755-139a7e937cca,felisia damanda,https://play-lh.googleusercontent.com/a/ACg8ocLqFLyR4V6nOai3zlG2boYfMjuBs0DmtYxAoijoLBU-bpHqmw=mo,"The game is not clear, it's really bad, iww",1,0,2.715.1115,2026-04-21 12:53:03,,,2.715.1115
0424d968-e428-4bf7-a98e-4abda034dffa,dewi safitri,https://play-lh.googleusercontent.com/a/ACg8ocL3EKr1BVmsAJtkTcTG8EqJ0uV5dffFxKqfcUMHfTYgir9JWQ=mo,"bodyku ilaaang lagiiii!!!!! kenapa sih kyk gitu terus ? tlg donk jangan begini terus,robuxku juga belum baliik!",1,0,,2026-04-21 12:52:58,,,
14b5a39c-5dcb-418a-8788-476c2bf54166,Hanif Rafa Az Zayyan,https://play-lh.googleusercontent.com/a/ACg8ocLmKAjipX7i52ncBVHn8o0TuwWC2oSv41pUAGAmTK_ct8dTYg=mo,pls perintah anak saya jadi nasiss bagaimana hadeh tulislah pemerintah anak saya jadi nangis bagaimana gara gara gak bisa main Robloxlagi kenceng nangisnya tau,5,0,,2026-04-21 12:52:50,,,
ce5b2689-0cb7-4ba9-86ed-cab1627f12e9,Linayli Fj,https://play-lh.googleusercontent.com/a/ACg8ocImHAOW4W7imRoEXFEO8XjW1yzIWDUWInmVLet-a5slVG-KWQ=mo,"aku suka bgt sama mainan inii, tapi sayang ga pernah di upd",5,0,,2026-04-21 12:52:25,,,
fb1927b3-3ff6-4788-a838-25f78c817be8,Siti Wanti,https://play-lh.googleusercontent.com/a/ACg8ocK0u5EE1pyX49PaJ90jsqW6Jl6MM8uPhncir8stbdhlU2dr1w=mo,bagus tapi banyak Avatar. zepeto itu aja sih kekurangannya :(. btw kalian mo Mabar enggak nihh,5,0,2.715.1115,2026-04-21 12:52:22,,,2.715.1115
c981fa9c-5664-4c1a-8ef9-6c68550a985e,Rafi Afandi,https://play-lh.googleusercontent.com/a/ACg8ocIocfXRkvRZRwyQY8-wXc39SjB7ZGkLyoNayFyTlM4Itc0dyw=mo,"I have a suggestion, make this game offline",5,0,2.715.1115,2026-04-21 12:52:16,,,2.715.1115
92990223-1e2a-40e7-ba8c-2230fde2eb97,Balqis Ayudia Inara,https://play-lh.googleusercontent.com/a/ACg8ocLNpS1_thkdQoHLXBAGA1RDpvzC6NsIN5XBDNzxEFp1rL5Z=mo,"permainan nya lumayan seru🤩,tambahin map nya lagi dong 🤭",5,0,2.715.1115,2026-04-21 12:51:32,,,2.715.1115
12e730bf-5b26-44fb-a1a5-3f1fd1033c50,Irna Nurmala,https://play-lh.googleusercontent.com/a-/ALV-UjUDNY8zjerCyNvEDqqvfbz7hAtVsg-cWoaqhVEO7lQMJTYIPx4,aku suka banget sama gamenya tapi ada satu masalah tentang bug dan barang yang berobux tolong yah di kasih robux free setiap hari atau barang lainnya.,5,1,2.715.1115,2026-04-21 12:50:50,,,2.715.1115
5e27f211-5394-4acb-ad07-e41c680fc521,Didi war,https://play-lh.googleusercontent.com/a/ACg8ocJ2vtmIEyrwdI-SEMIZCkQKlbxTyJi0k0zmADEagvkg6aJFrQ=mo,gokil🤓👍,5,0,2.715.1115,2026-04-21 12:49:19,,,2.715.1115
a76544e6-0387-43dc-b581-654ee408a7c5,Benyamin Yusuf,https://play-lh.googleusercontent.com/a-/ALV-UjUHwQAn-phEiIB5xMNH5AbpPkL-2mfo73a5YsJpRgcODmkp5gI,seru sih tapi kurang aja,3,0,2.715.1115,2026-04-21 12:48:50,,,2.715.1115
652945c4-903c-4a22-9372-7cf443487bed,Bangga Baginda,https://play-lh.googleusercontent.com/a/ACg8ocL5Duc8mBRzqRdxeiQkvXDJ0f4omxMO-C6l0nGWjFYjO9Kw4A=mo,bangus bangetttt,5,0,2.716.875,2026-04-21 12:47:35,,,2.716.875
624071f0-c925-469c-a2a7-7d63b2dc2618,Tegar Anugrah,https://play-lh.googleusercontent.com/a-/ALV-UjU-0yLrPz0TVmeFMjBNu1tPVP7gpvoZYRsQwEpOuaHfC9Ga8vgm,bagus 👍,5,0,,2026-04-21 12:47:01,,,
abb26b08-4327-4441-b8dd-88dd26cbcc4d,Robi Bta,https://play-lh.googleusercontent.com/a/ACg8ocLMuNtxjdPROy_Cn9yuxVfGuarMhNuUMA0oOWfMKrQUusUOZQ=mo,apk nya update terus dikit dikit update tapi gak ada perbedaan sama sekali boros boros sin memori aj,1,0,2.714.1096,2026-04-21 12:46:21,,,2.714.1096
15e3e2f0-2c26-4956-ace5-4ca16e409ce1,ryuunaaa naaa,https://play-lh.googleusercontent.com/a-/ALV-UjXkirMMjq3ffUomamSUYTNeNjlHjYcnXDQaGlTBbOSlPNV-h0fV,update mulu perasaan,3,0,2.715.1115,2026-04-21 12:46:09,,,2.715.1115
ef3f3621-9012-4d8f-91df-9f6ef93dd0b1,Mimi Ozan,https://play-lh.googleusercontent.com/a-/ALV-UjUlLkdrkSLQX2WDa233sI2r1jBbIdv9LTLNMUD9UZOWYflmDPDG,"kenapa di suruh verifikasi bukan bot Mulu woy kocak gua udah umur 19 tahun masih aja begitu mau lu apa sih GK jelas banget,kalo mau gitu GK usah lah hapus aja Roblox nya makin update makin hancur",1,0,2.717.985,2026-04-21 12:45:43,,,2.717.985
a66265ed-8bb4-4558-b7fd-4bee82af90cb,Dnda ydha,https://play-lh.googleusercontent.com/a/ACg8ocJkR0kilK-CL7kXCwWS0C48bgK7EsWt7qZDoBbm49NNEjfavA=mo,aku sangat suka game ini,5,0,,2026-04-21 12:45:33,,,
03b9218c-4f76-49b6-86a0-69f2f0330028,Helis Sundari,https://play-lh.googleusercontent.com/a/ACg8ocKlyKuy1_1PYbsPmPyS53g2PokLKUiVf0Sw-qkz35YYhoNnaA=mo,seru banget sama bisa sus sama sayang aku,5,0,2.716.875,2026-04-21 12:45:28,,,2.716.875
f3b9a18f-da46-4e70-8d25-8874e04cc05b,riki andesko,https://play-lh.googleusercontent.com/a-/ALV-UjU92sB8IdQe0fKHMBXfgi50IXwJlclM2RT-pGDr_GjkGTmTCuk,game nya seru tapi kalo apdate nya kurang,4,0,,2026-04-21 12:45:16,,,
533e60d8-c4e2-4b96-9afa-9a78e5bf06cb,muhammad david,https://play-lh.googleusercontent.com/a-/ALV-UjWMSvsdYMPDkD5xTkm_2sWsEsrcvTAhFFA3g86NwjVF-jnOS2H2,seru,5,0,2.715.1115,2026-04-21 12:45:11,,,2.715.1115
1f40c538-1d4d-4cc7-8001-4992328db42b,Keshaa Biru,https://play-lh.googleusercontent.com/a/ACg8ocLjRlr5OCfWDAFvF6nrIu2_o-wK4pDcqpynB7gPuSCT7cUuHQ=mo,sangat bagus tapi itu dulu sekarang sudah tidak asik cuman biasa saja,5,0,2.716.875,2026-04-21 12:45:08,,,2.716.875
9021c50d-76f0-4c57-81f7-428378dd6226,Muhammad Alfrido Basmaan,https://play-lh.googleusercontent.com/a-/ALV-UjU1BnSXQY20muf9CxGuWOAGHtSBCzmjv4CQKwUKN87h4tCZ74NZ,such a bad game game ini bagus cuman makin kesini makin jelek,1,0,2.715.1115,2026-04-21 12:44:30,,,2.715.1115
f142aeeb-16df-43e4-883e-e65270508937,smlbmj smlbmj,https://play-lh.googleusercontent.com/a/ACg8ocJqaiDUhwgzszxPzZAv5aEz3Ui7GXFAYgwWPYn9nwlXLoHwAA=mo,Game nya bagus tapi pusing milih gamenya.sama Roblox tolong chat nya ga usah verivikasi,5,0,2.715.1115,2026-04-21 12:43:59,,,2.715.1115
827b8af8-dbdf-459d-be2c-1990d07e44b2,Elisaa Ajaa,https://play-lh.googleusercontent.com/a-/ALV-UjWGcEWYZQNRfVq5xkxktFoKJ0OuJ4cuVr6f9UAml3HTi__pcfQ,Bukannya makin bagus malah makin jelek 👹👺👹 gw ga akan main rblx lg mana ada fitur make-up lagi udah mah update jelek fitur chat dimatiin huu,1,0,2.717.985,2026-04-21 12:41:52,,,2.717.985
e902339d-2f17-4931-88bb-710f5e1273b7,Gustiayu Ari,https://play-lh.googleusercontent.com/a/ACg8ocLa8p8mHqPPM3DjLHl25v9xiZ539Xcq8pwDB-uCB_uAHMF3hg=mo,bagus sekali,5,0,2.716.875,2026-04-21 12:41:43,,,2.716.875
1fd75bf5-e0c8-4fb1-b026-0e04314d9bdd,Muhammad Fitrah,https://play-lh.googleusercontent.com/a/ACg8ocJAHExei5u8K0ug4IXKwMZKfUF_dmIMJLa1lwB75KCn5aDdrQ=mo,ya bagus bagus aja tapi kenapa sering dc padahal wifi bagus dan aturan gajelas tolong kasih perbaiki updatenya tolong ya,3,0,2.714.1096,2026-04-21 12:41:32,,,2.714.1096
6c16c97a-0e5f-492b-89a7-f89661b69229,Khansah Aleshah,https://play-lh.googleusercontent.com/a/ACg8ocJvnDAhVR7iUrRKUvfa1aDRqRhtAahjIA9s-Tc8qsygKWb6wQ=mo,sangat seru untuk bermain bersama teman mau pun sendiri,5,0,,2026-04-21 12:40:09,,,
5a389c7a-1aac-41cb-a269-9f1585058da6,Hafidz Craft,https://play-lh.googleusercontent.com/a-/ALV-UjV8ScOJdmT2NxzNQMHy4Da5hAh3MgZU4Bn-xMT7v1Nnx0LOTzM,keren,5,0,2.715.1115,2026-04-21 12:39:55,,,2.715.1115
df8cf8b3-e38b-4944-862a-7681e75eebed,Nur Fitriani,https://play-lh.googleusercontent.com/a-/ALV-UjVTXm06jbPKLgzFqn8GA6SnN4mkt1zEClhlNlxYvW-Fn8IO_cSL,jujurly ya ini bkl ada upd roblox,5,0,2.717.985,2026-04-21 12:39:46,,,2.717.985
ee6016f9-bc5e-4eaf-8eb5-596e3a263a17,shaqiel muhamad,https://play-lh.googleusercontent.com/a/ACg8ocIvL_Zz-yKU-NR3jz3esMbu9ywW7RWeU9QJN5vy9f3DGtv2aw=mo,lu Mayan cuman chatnya doan di batasin,3,0,2.715.1115,2026-04-21 12:39:37,,,2.715.1115
c9e839e1-29ea-4ba7-adff-e322f4692052,Reviana Nurul,https://play-lh.googleusercontent.com/a-/ALV-UjWj-Hjii3V40ML-EP_payOp-m0jiUoZ7AXmrHcGV0IBbSlAvorv,untuk item item nya jngn sering di hapusin apa lagi ava nya orng udh beli pake uang malah di hapus,1,0,2.717.985,2026-04-21 12:39:08,,,2.717.985
0c959b16-de16-4fc4-8540-3d4cee8a57df,arsya Putra,https://play-lh.googleusercontent.com/a/ACg8ocIWM6yNnr8Bv3ArANEEB40x5Bm8NbvaHstuFFO3lG6wCoStYw=mo,kalo bisa nilai 6 dah soalnya bagus tapi ada bocil bocil pacaran,5,0,2.717.985,2026-04-21 12:39:03,,,2.717.985
76a8d99d-964c-4510-a8b6-7dc25aafbef9,Gatot Prabudi,https://play-lh.googleusercontent.com/a-/ALV-UjXXtzP3IQeaTUkaOfiVTNo6WgVXKMrDc_GAWkVOuz1DGKIHlF07,ini sangat seru tapi tolong hilangkan bug yaitu sus tolong kalo ada yang sus tolong kosneckan,1,0,2.715.1115,2026-04-21 12:39:01,,,2.715.1115
fc647c5b-1acc-4b7a-8aec-86243a30f2bf,Lisa Cut,https://play-lh.googleusercontent.com/a/ACg8ocJAumOThvNsfnR1m0RatsliZKXiAXQ7-fnGrGKegs3k14uBZQ=mo,wow is cooool but CHAT BACK!!!,5,0,2.717.985,2026-04-21 12:38:45,,,2.717.985
5543875f-1006-4053-9100-99ff2ea82dff,Raditya Naufalramdani,https://play-lh.googleusercontent.com/a/ACg8ocKno_LMtfbsZSQZA4ue6ZrJ7JWzUpvLKZTzwa0RSRy4K2dbQQ=mo,seru banget banyak permainan nyah wahh,5,0,,2026-04-21 12:38:43,,,
7f411fbe-3b34-45f4-8cd7-359134e07fed,Nizam Zein,https://play-lh.googleusercontent.com/a/ACg8ocLq7n96DQHDgOrm2ewwhmb_VccV0avGlc1cem0vl_49fRGZTQ=mo,siapa yang setuju chat roblox balik,1,0,2.717.985,2026-04-21 12:37:22,,,2.717.985
53539909-001b-4cce-8490-1651e90a352f,Jumaidah Ida,https://play-lh.googleusercontent.com/a-/ALV-UjU6Jp4VnBcWsj9o7gPOet3rEoeSmzdRz0ozZEg-ILTLz861wWWT,keren mempesonaaa sekalii oyeeeee,5,0,,2026-04-21 12:37:14,,,
769198ca-94b0-4736-b48b-64712afb02ee,echa Milandrie,https://play-lh.googleusercontent.com/a/ACg8ocLbSb4E3I2TB6eWulFrPN1vt7blsLt_9pD0sLJTS1TOU_YkNA=mo,ini game emang banyak bug kalau jaringan agak lelet tapi aku suka banget!!,5,0,2.716.875,2026-04-21 12:37:11,,,2.716.875
f0e02351-dd62-4fa9-8f99-0044ea3ce5e9,Muhamad Daffa,https://play-lh.googleusercontent.com/a/ACg8ocLwwwh1pmGj4m2oNXWHfQ6DZdbUvnyLT_gLAumBYUMmn8Buzg=mo,"The game is very fun, my friends and I often play Roblox, but I want Roblox to be able to chat with people of different ages and be able to voice chat without using an ID/age.",5,0,,2026-04-21 12:37:03,,,
e5c1449f-c074-4df9-aa72-2f3a8dab459e,Diki Hermawan,https://play-lh.googleusercontent.com/a/ACg8ocJxj78iJJS_j19NeYaZfD_DKmhAIK4cJNvR4rutSmSy-Xw6zw=mo,game nya sangat bagus dan bisa Mabar lagi,5,0,2.715.1115,2026-04-21 12:36:29,,,2.715.1115
aac0a21b-4675-4d8c-a93a-08a8951f1e7c,Bila Ririn,https://play-lh.googleusercontent.com/a/ACg8ocIhjvLsOX-VHmZe-mRUfE2boLArA-ZfMgL-t0zVyc0LIYamuQ=mo,baik sekali,5,0,2.715.1115,2026-04-21 12:36:26,,,2.715.1115
94fb20b7-63f5-4a31-a140-9b0d62e2ae8f,Harno Suharno,https://play-lh.googleusercontent.com/a/ACg8ocJcQfDQ6Emsh6r1QbbZ-knDtOVW53O2QelGd_CjBvqOj1zPvg=mo,roblox ini sangat keren👍🏻😍😘 cuman pas harus update selalu aja penyimpanannya😢😥 gede yang harus roblox ini lakukan adalah jangan pernah sering update dan jangan di kasih banyak ruang penyimpanan nya apalagi pas selalu di update nambah gede ruang penyimpanan nya apalagi yang ruang penyimpanan nya kecil jadi sekian dari saya terima kasih🙏🏻😊,5,0,2.715.1115,2026-04-21 12:36:00,,,2.715.1115
58e06c32-3f89-47de-820a-a4767be0a3e4,Mariaa Gultomm,https://play-lh.googleusercontent.com/a-/ALV-UjWQVVZw_S5HqgNE9EYA8lz4RSC5opqJ7LzB0-FVJCd_po47SI4,"masa jaringan udh penuh, udh bagus tpi tetep gbs main",2,0,2.716.875,2026-04-21 12:35:05,,,2.716.875
03a4fb18-df03-42d9-aa11-17a98ae2135d,Sari Pudin,https://play-lh.googleusercontent.com/a/ACg8ocKPwMC3CTeV_HB_JP3n1C0JVIbSvsA2Vf3BU8hKnftfno9VhA=mo,ok,5,0,2.715.1115,2026-04-21 12:34:30,,,2.715.1115
cd4da7dd-1076-40c4-a5c0-7431cbb30a6b,Eka Effendi Bakkara,https://play-lh.googleusercontent.com/a/ACg8ocK2kIEwYH-eDKWBZ6FOmrpQ4QqukPH3tzJinxKopu2ZTzOOyQ=mo,peraturan makin gak jelas,1,0,,2026-04-21 12:33:15,,,
0a2ab12f-850d-4aab-af24-dc5c0c07462f,Cita Agus,https://play-lh.googleusercontent.com/a/ACg8ocI4_CF6Xhpc7b-yn5y01JlRWI0qJ0A9bjoHYtsqemOCRoGIxA=mo,wow game nya sih bagus tapi yang bagian tower itu agak susah😭🤌,5,0,2.714.1096,2026-04-21 12:32:09,,,2.714.1096
41713e13-14dd-4b62-acb7-2cee1964d99c,Fahri Ahmad zaini,https://play-lh.googleusercontent.com/a/ACg8ocIAElaVgPamgNVq0m8evoYzeyOjtWA6wEmT62557pXF3K814Q=mo,Ngelag,3,0,2.715.1115,2026-04-21 12:31:49,,,2.715.1115
dfe100b4-ed7b-4e96-94c9-c868bc5a3f14,Fadil,https://play-lh.googleusercontent.com/a/ACg8ocIrrjT5UkMwh8oj96XUlSATRovlvFFAb620Yj2nWIidMTHZ3w=mo,"bagus cuma tolong MB nya jangan ditinggikan kasihan yang punya hp kentang kaya gua jadi susah kadang ngeleg patah"" jg dan panas. boros paket juga..dimohon untuk tidak boros kasihan yang ga pake wifi",5,0,2.717.985,2026-04-21 12:31:33,,,2.717.985
b29268ad-249c-43e9-8fd4-f7ba7e6859e9,Fitri Ani,https://play-lh.googleusercontent.com/a-/ALV-UjVRyHwwqC7LNcIZiN9xQS0kkr7nOXV0UkIZT80NL4aHB2nlJ-Vt,tolong di perbaiki game nya soal nya benyak masalah,1,0,2.707.734,2026-04-21 12:31:12,,,2.707.734
e77c5918-6e51-4247-b50d-b4fa66734f29,Muhaimin Zetdafi,https://play-lh.googleusercontent.com/a-/ALV-UjVsYdNLRvo6q9vxI1yKU19XXFZeDKHHMJDFUDDi5kT3Rc1YHtKa,"kasih 3 karna ini game seru sebenarnya cuma tolong di perbaiki setiap map banyak bug nya jangan map di banyakin bug tidak di perbaiki""",3,0,2.716.875,2026-04-21 12:30:27,,,2.716.875
b98db39e-13f3-4841-9204-98bf5e0ecf54,Mokabe Shop,https://play-lh.googleusercontent.com/a/ACg8ocJO_p4mHeZ1c9TH1Pg0yA4BnKGEBDjRvA8uAbw5d8Qg37cKHg=mo,cape aku upgrade-upgrade mulu,1,0,,2026-04-21 12:30:14,,,
84ff25bf-2f8e-4fe2-9886-4ad26df34ca0,BUMDES WALAHAR BERKARYA,https://play-lh.googleusercontent.com/a/ACg8ocK5ymDZsd6v8mDg__uRqcPEBcF3TjYunTuSQrhLtpabiX3aqaE=mo,aku suka banget😇,5,0,2.715.1115,2026-04-21 12:30:08,,,2.715.1115
e20a3377-291d-44ee-a3c2-05e83ff6ccb9,Lilik Farida,https://play-lh.googleusercontent.com/a/ACg8ocLnVhJ-j_3xxVRW0SZLQ_S87pp1PEpM3fUbYkj0IA_xbl0EaQ=mo,bagus bisa main secara dengan orang lain,5,0,2.715.1115,2026-04-21 12:29:47,,,2.715.1115
600228c5-2a26-4932-8bab-a689da96ad19,Nyoman Sutama,https://play-lh.googleusercontent.com/a/ACg8ocKAS7A9BLVMXkw2gYfw9GRDMgatiIcuz0YE3BuwKnc9wpGBaQ=mo,bagus banget,5,0,2.715.1115,2026-04-21 12:29:47,,,2.715.1115
a3b9c512-1a58-47fe-8f2c-3d57b7de8625,Alesha Azzahra,https://play-lh.googleusercontent.com/a/ACg8ocKWT0m7YyypFqtRjXCNIJixkJqiVRfK3_XY1K4pErGETJY6hQ=mo,ini egm super lemot,5,0,2.715.1115,2026-04-21 12:28:54,,,2.715.1115
99f87559-7a72-4a79-8680-1a33d8a2f19d,Alfisyari Ramadhan,https://play-lh.googleusercontent.com/a/ACg8ocLRVAm7s-Tc8xnqKaNDhkWnLjfplFZ6iLSSJaF0VsU3vIIgbA=mo,🤩🤩,5,0,2.716.875,2026-04-21 12:28:17,,,2.716.875
0f2c00df-1b26-4f75-8873-4adeaa0d0fca,Farih Muhammad,https://play-lh.googleusercontent.com/a-/ALV-UjU3kLCPY9NCvLJd80jJNuTXN97MYHJIzdSKMGJm1zymdIEfwKg,senggak nya harus kamu harus main game satu kali aja dalam seumur hidup soalnya bagus bgt!,5,0,2.715.1115,2026-04-21 12:28:14,,,2.715.1115
bf03ac89-1d21-4220-8d91-783d037fe29e,Adwita Galuh Septyani,https://play-lh.googleusercontent.com/a/ACg8ocKZu7MLGjoBqr5jjnOi1kVlYr8mMN4zV_XP30hIeM0x1FyGNQ=mo,seru game ya,5,0,2.715.1115,2026-04-21 12:26:16,,,2.715.1115
aec98b44-e595-4d31-b26b-40aa72d64d61,Daniyal Alhusain,https://play-lh.googleusercontent.com/a/ACg8ocK7_NdLJGhKVrefGYWnqYww3ZI-0XUZ5mw6QKuvB9_QnpD2=mo,Asik sekali dapat bermain berbagai game,5,0,2.715.1115,2026-04-21 12:25:51,,,2.715.1115
bc31fafa-72fb-4886-b1a8-995cd7176106,Gilangg,https://play-lh.googleusercontent.com/a-/ALV-UjVaK1aGWMbou0-uzqwy4WqBSpbEzNtanGeR3RSJKz_Mw-fhunhw,Update Elek an,3,0,2.717.985,2026-04-21 12:25:38,,,2.717.985
